Date,id,Type,Source,Amount,Fee,Net,Currency,Created (UTC),Available On (UTC),reason (metadata),amount (metadata),fromOurPlatform (metadata),note (metadata),invoiceId (metadata),storeId (metadata),domain (metadata),discount (metadata),freeShip (metadata),link (metadata),item (metadata),shippingFee (metadata),subTotal (metadata),tax (metadata),storeName (metadata),JournalType,StoreName,PartnerCode,ComCode,BankAccoutNumber
2025-11-19,txn_3SVBh2K3ZXYJSkRp1IOqhT0v,charge,ch_3SVBh2K3ZXYJSkRp146cE7Ih,64.98,2.7,62.28,usd,2025-11-19 13:45:00,2025-11-26 00:00:00,,64.98,,,ZAAIC-191125-E38C3,,,,,-https://obormi.com/cropped-jeans,"[{""name"":""Tummy Control Cropped Wide-Leg Jeans  2025 Best Selling Jeans - Shaded Blue/M"",""quantity"":1,""unitAmount"":59.99}]",4.99,59.99,0,FFT BSO,STRIPE_RECEIPT_CUSTOMER,BSO,,ZENIROXPAY,
2025-11-19,txn_3SVBuKK3ZXYJSkRp0vvXkPk2,charge,ch_3SVBuKK3ZXYJSkRp0iH5Ebfz,109.98,4.37,105.61,usd,2025-11-19 13:58:00,2025-11-26 00:00:00,,109.98,,,ZAAIC-191125-75A3R,,,,,-https://obormi.com/cropped-jeans,"[{""name"":""Tummy Control Cropped Wide-Leg Jeans  2025 Best Selling Jeans - Combo 2 (Shaded Blue+Black) - Save More 10% OFF/S"",""quantity"":1,""unitAmount"":104.99}]",4.99,104.99,0,FFT BSO,STRIPE_RECEIPT_CUSTOMER,BSO,,ZENIROXPAY,
2025-11-19,txn_3SVBvSK3ZXYJSkRp1JpboRH2,charge,ch_3SVBvSK3ZXYJSkRp1UJtnYJl,64.98,2.7,62.28,usd,2025-11-19 14:00:00,2025-11-26 00:00:00,,64.98,,,ZAAIC-191125-JM39S,,,,,-https://obormi.com/cropped-jeans,"[{""name"":""Tummy Control Cropped Wide-Leg Jeans  2025 Best Selling Jeans - Shaded Blue/M"",""quantity"":1,""unitAmount"":59.99}]",4.99,59.99,0,FFT BSO,STRIPE_RECEIPT_CUSTOMER,BSO,,ZENIROXPAY,
2025-11-19,txn_3SVBvyK3ZXYJSkRp1LE9ljij,charge,ch_3SVBvyK3ZXYJSkRp1g1lEOAI,64.98,2.7,62.28,usd,2025-11-19 14:00:00,2025-11-26 00:00:00,,64.98,,,ZAAIC-191125-NJ399,,,,,-https://obormi.com/cropped-jeans,"[{""name"":""Tummy Control Cropped Wide-Leg Jeans  2025 Best Selling Jeans - Shaded Blue/S"",""quantity"":1,""unitAmount"":59.99}]",4.99,59.99,0,FFT BSO,STRIPE_RECEIPT_CUSTOMER,BSO,,ZENIROXPAY,
2025-11-19,txn_3SVC1sK3ZXYJSkRp13NQ9lRZ,charge,ch_3SVC1sK3ZXYJSkRp1UCdmU2o,64.98,2.7,62.28,usd,2025-11-19 14:06:00,2025-11-26 00:00:00,,64.98,,,ZAAIC-191125-HNNZJ,,,,,-https://obormi.com/cropped-jeans,"[{""name"":""Tummy Control Cropped Wide-Leg Jeans  2025 Best Selling Jeans - Black/XL"",""quantity"":1,""unitAmount"":59.99}]",4.99,59.99,0,FFT BSO,STRIPE_RECEIPT_CUSTOMER,BSO,,ZENIROXPAY,
2025-11-19,txn_3SVC1wK3ZXYJSkRp0rRac6sT,charge,ch_3SVC1wK3ZXYJSkRp0ojPxql2,39.98,1.78,38.2,usd,2025-11-19 14:06:00,2025-11-26 00:00:00,,39.98,,,O9UBC-191125-E8K35,,,,,-https://agmonz.com/breasts,"[{""name"":""HOT SALE 49% Breathable Anti-Sagging Breasts Bra - Beige/S"",""quantity"":1,""unitAmount"":34.99}]",4.99,34.99,0,FFT KVC,STRIPE_RECEIPT_CUSTOMER,KVC,,ZENIROXPAY,
2025-11-19,txn_3SVCC2K3ZXYJSkRp05cEAhpU,charge,ch_3SVCC2K3ZXYJSkRp0tG0QCRy,109.98,4.37,105.61,usd,2025-11-19 14:17:00,2025-11-26 00:00:00,,109.98,,,ZAAIC-191125-9D6Z4,,,,,-https://obormi.com/cropped-jeans,"[{""name"":""Tummy Control Cropped Wide-Leg Jeans  2025 Best Selling Jeans - Combo 2 (Shaded Blue+Black) - Save More 10% OFF/S"",""quantity"":1,""unitAmount"":104.99}]",4.99,104.99,0,FFT BSO,STRIPE_RECEIPT_CUSTOMER,BSO,,ZENIROXPAY,
2025-11-19,txn_3SVCEIK3ZXYJSkRp1Ux6z8KW,charge,ch_3SVCEIK3ZXYJSkRp1ERouRPF,64.98,2.7,62.28,usd,2025-11-19 14:19:00,2025-11-26 00:00:00,,64.98,,,ZAAIC-191125-VTC9T,,,,,-https://obormi.com/cropped-jeans,"[{""name"":""Tummy Control Cropped Wide-Leg Jeans  2025 Best Selling Jeans - Shaded Blue/L"",""quantity"":1,""unitAmount"":59.99}]",4.99,59.99,0,FFT BSO,STRIPE_RECEIPT_CUSTOMER,BSO,,ZENIROXPAY,
2025-11-19,txn_3SVCHZK3ZXYJSkRp1fL7Khb2,charge,ch_3SVCHZK3ZXYJSkRp1DM25weg,115.84,4.59,111.25,usd,2025-11-19 14:22:00,2025-11-26 00:00:00,,115.84,,,G2A22-191125-LIAXD,,,,,-https://shopfuny.com/vacuum,"[{""name"":""Last Day Promotion 50% OFF - Wireless Handheld Car Vacuum Cleaner - BLACK Wireless/1PCS 50% OFF"",""quantity"":3,""unitAmount"":36.95}]",4.99,110.85,0,FFT DWF,STRIPE_RECEIPT_CUSTOMER,DWF,,ZENIROXPAY,
2025-11-19,txn_3SVCKeK3ZXYJSkRp1UHzoqsp,charge,ch_3SVCKeK3ZXYJSkRp1e4FxW4y,59.98,2.52,57.46,usd,2025-11-19 14:26:00,2025-11-26 00:00:00,,59.98,,,O9UBC-191125-7FU17,,,,,-https://agmonz.com/breasts,"[{""name"":""HOT SALE 49% Breathable Anti-Sagging Breasts Bra - Set 2(Black+White)50% OFF/2XL"",""quantity"":1,""unitAmount"":54.99}]",4.99,54.99,0,FFT KVC,STRIPE_RECEIPT_CUSTOMER,KVC,,ZENIROXPAY,
2025-11-19,txn_3SVCQ5K3ZXYJSkRp17e5Z7c6,charge,ch_3SVCQ5K3ZXYJSkRp1Nwozngb,54.87,2.33,52.54,usd,2025-11-19 14:31:00,2025-11-26 00:00:00,,54.87,,,MTUBV-191125-9428S,,,,,-https://mochiinii.com/tank-top,"[{""name"":""Hot Selling Thickened Warm Tank Top with Shelf Bra - Set 3 (Black+Beige+Khaki) Save 50%/M"",""quantity"":1,""unitAmount"":49.88}]",4.99,49.88,0,FFT ARG,STRIPE_RECEIPT_CUSTOMER,ARG,,ZENIROXPAY,
2025-11-19,txn_3SVCRvK3ZXYJSkRp1oKfvavL,charge,ch_3SVCRvK3ZXYJSkRp1UYQq6kk,54.87,2.33,52.54,usd,2025-11-19 14:33:00,2025-11-26 00:00:00,,54.87,,,MTUBV-191125-XCWDM,,,,,-https://mochiinii.com/tank-top,"[{""name"":""Hot Selling Thickened Warm Tank Top with Shelf Bra - Set 3 (Black+Coffee+Beige) Save 50%/L"",""quantity"":1,""unitAmount"":49.88}]",4.99,49.88,0,FFT ARG,STRIPE_RECEIPT_CUSTOMER,ARG,,ZENIROXPAY,
2025-11-19,txn_3SVCWcK3ZXYJSkRp1Xe2iDVt,charge,ch_3SVCWcK3ZXYJSkRp19e6oriL,54.87,2.33,52.54,usd,2025-11-19 14:38:00,2025-11-26 00:00:00,,54.87,,,MTUBV-191125-YDDPF,,,,,-https://mochiinii.com/tank-top,"[{""name"":""Hot Selling Thickened Warm Tank Top with Shelf Bra - Set 3 (Black+Beige+Khaki) Save 50%/XL"",""quantity"":1,""unitAmount"":49.88}]",4.99,49.88,0,FFT ARG,STRIPE_RECEIPT_CUSTOMER,ARG,,ZENIROXPAY,
2025-11-19,txn_3SVCY9K3ZXYJSkRp08buMM30,charge,ch_3SVCY9K3ZXYJSkRp0RPjKyj2,64.98,2.7,62.28,usd,2025-11-19 14:40:00,2025-11-26 00:00:00,,64.98,,,ZAAIC-191125-82X2E,,,,,-https://obormi.com/cropped-jeans,"[{""name"":""Tummy Control Cropped Wide-Leg Jeans  2025 Best Selling Jeans - Shaded Blue/L"",""quantity"":1,""unitAmount"":59.99}]",4.99,59.99,0,FFT BSO,STRIPE_RECEIPT_CUSTOMER,BSO,,ZENIROXPAY,
2025-11-19,txn_3SVCZZK3ZXYJSkRp1uNd7p7k,charge,ch_3SVCZZK3ZXYJSkRp1wgsEioy,59.98,2.52,57.46,usd,2025-11-19 14:41:00,2025-11-26 00:00:00,,59.98,,,O9UBC-191125-V1B4N,,,,,-https://agmonz.com/breasts,"[{""name"":""HOT SALE 49% Breathable Anti-Sagging Breasts Bra - Set 2(White+Beige)50% OFF/M"",""quantity"":1,""unitAmount"":54.99}]",4.99,54.99,0,FFT KVC,STRIPE_RECEIPT_CUSTOMER,KVC,,ZENIROXPAY,
2025-11-19,txn_3SVCbNK3ZXYJSkRp0OMerf1N,charge,ch_3SVCbNK3ZXYJSkRp0mxOg0d4,39.98,1.78,38.2,usd,2025-11-19 14:43:00,2025-11-26 00:00:00,,39.98,,,MTUBV-191125-LOSK9,,,,,-https://mochiinii.com/tank-top,"[{""name"":""Hot Selling Thickened Warm Tank Top with Shelf Bra - Coffee/XL"",""quantity"":1,""unitAmount"":34.99}]",4.99,34.99,0,FFT ARG,STRIPE_RECEIPT_CUSTOMER,ARG,,ZENIROXPAY,
2025-11-19,txn_3SVCkYK3ZXYJSkRp0bwyZ9e6,charge,ch_3SVCkYK3ZXYJSkRp0hqkmEoH,59.98,2.52,57.46,usd,2025-11-19 14:52:00,2025-11-26 00:00:00,,59.98,,,O9UBC-191125-DP862,,,,,-https://agmonz.com/breasts,"[{""name"":""HOT SALE 49% Breathable Anti-Sagging Breasts Bra - Set 2(Black+Beige)50% OFF/L"",""quantity"":1,""unitAmount"":54.99}]",4.99,54.99,0,FFT KVC,STRIPE_RECEIPT_CUSTOMER,KVC,,ZENIROXPAY,
2025-11-19,txn_3SVClaK3ZXYJSkRp1UTdvxpT,charge,ch_3SVClaK3ZXYJSkRp1J45B4hX,54.87,2.33,52.54,usd,2025-11-19 14:53:00,2025-11-26 00:00:00,,54.87,,,MTUBV-191125-RBPIU,,,,,-https://mochiinii.com/tank-top,"[{""name"":""Hot Selling Thickened Warm Tank Top with Shelf Bra - Set 3 (Black+Coffee+Khaki) Save 50%/L"",""quantity"":1,""unitAmount"":49.88}]",4.99,49.88,0,FFT ARG,STRIPE_RECEIPT_CUSTOMER,ARG,,ZENIROXPAY,
2025-11-19,txn_3SVCm2K3ZXYJSkRp0TV9Poj8,charge,ch_3SVCm2K3ZXYJSkRp0wtXgdaZ,64.98,2.7,62.28,usd,2025-11-19 14:54:00,2025-11-26 00:00:00,,64.98,,,ZAAIC-191125-F7I2M,,,,,-https://obormi.com/cropped-jeans,"[{""name"":""Tummy Control Cropped Wide-Leg Jeans  2025 Best Selling Jeans - Shaded Blue/S"",""quantity"":1,""unitAmount"":59.99}]",4.99,59.99,0,FFT BSO,STRIPE_RECEIPT_CUSTOMER,BSO,,ZENIROXPAY,
2025-11-19,txn_3SVCpqK3ZXYJSkRp1G1i9sgS,charge,ch_3SVCpqK3ZXYJSkRp15V6GDeF,59.98,2.52,57.46,usd,2025-11-19 14:58:00,2025-11-26 00:00:00,,59.98,,,O9UBC-191125-4YWQH,,,,,-https://agmonz.com/breasts,"[{""name"":""HOT SALE 49% Breathable Anti-Sagging Breasts Bra - Set 2(White+Beige)50% OFF/M"",""quantity"":1,""unitAmount"":54.99}]",4.99,54.99,0,FFT KVC,STRIPE_RECEIPT_CUSTOMER,KVC,,ZENIROXPAY,
2025-11-19,txn_3SVCv8K3ZXYJSkRp0eislV9h,charge,ch_3SVCv8K3ZXYJSkRp0DS7dSb1,109.98,4.37,105.61,usd,2025-11-19 15:03:00,2025-11-26 00:00:00,,109.98,,,ZAAIC-191125-5MJKT,,,,,-https://obormi.com/cropped-jeans,"[{""name"":""Tummy Control Cropped Wide-Leg Jeans  2025 Best Selling Jeans - Combo 2 (Shaded Blue+Black) - Save More 10% OFF/M"",""quantity"":1,""unitAmount"":104.99}]",4.99,104.99,0,FFT BSO,STRIPE_RECEIPT_CUSTOMER,BSO,,ZENIROXPAY,
2025-11-19,txn_3SVCwWK3ZXYJSkRp04NpLQvE,charge,ch_3SVCwWK3ZXYJSkRp0cVCcpII,54.87,2.33,52.54,usd,2025-11-19 15:05:00,2025-11-26 00:00:00,,54.87,,,MTUBV-191125-GSXEL,,,,,-https://mochiinii.com/tank-top,"[{""name"":""Hot Selling Thickened Warm Tank Top with Shelf Bra - Set 3 (Black+Beige+Khaki) Save 50%/M"",""quantity"":1,""unitAmount"":49.88}]",4.99,49.88,0,FFT ARG,STRIPE_RECEIPT_CUSTOMER,ARG,,ZENIROXPAY,
2025-11-19,txn_3SVD3WK3ZXYJSkRp0tP9B8QG,charge,ch_3SVD3WK3ZXYJSkRp0pY9onLo,54.87,2.33,52.54,usd,2025-11-19 15:12:00,2025-11-26 00:00:00,,54.87,,,MTUBV-191125-14N68,,,,,-https://www.mochiinii.com/tank-top,"[{""name"":""Hot Selling Thickened Warm Tank Top with Shelf Bra - Set 3 (Black+Coffee+Beige) Save 50%/M"",""quantity"":1,""unitAmount"":49.88}]",4.99,49.88,0,FFT ARG,STRIPE_RECEIPT_CUSTOMER,ARG,,ZENIROXPAY,
2025-11-19,txn_3SVDw8K3ZXYJSkRp11D89Rv2,charge,ch_3SVDw8K3ZXYJSkRp1kekAev3,43.97,1.93,42.04,usd,2025-11-19 16:08:00,2025-11-26 00:00:00,,43.97,,,MTLYD-191125-353MF,,,,,-https://avylays.com/sandals,"[{""name"":""Summer Sizzler Sale 50%Breathable mesh sports sandals with non-slip sole - Brown/6.5"",""quantity"":1,""unitAmount"":38.98}]",4.99,38.98,0,FFT OSB,STRIPE_RECEIPT_CUSTOMER,OSB,,ZENIROXPAY,
2025-11-19,txn_3SVFROK3ZXYJSkRp10Rs4dDw,charge,ch_3SVFROK3ZXYJSkRp1tIssXnQ,46.94,2.04,44.9,usd,2025-11-19 17:45:00,2025-11-26 00:00:00,,46.94,,,G2A22-191125-8DZ8W,,,,,-https://shopfuny.com/vacuum,"[{""name"":""Last Day Promotion 50% OFF - Wireless Handheld Car Vacuum Cleaner - GREY (Enhanced EditionVacuum + Blow Available/1PCS 50% OFF"",""quantity"":1,""unitAmount"":41.95}]",4.99,41.95,0,FFT DWF,STRIPE_RECEIPT_CUSTOMER,DWF,,ZENIROXPAY,
2025-11-19,txn_3SVGR3K3ZXYJSkRp1aNCuTZy,charge,ch_3SVGR3K3ZXYJSkRp10UyTv1p,43.97,1.93,42.04,usd,2025-11-19 18:48:00,2025-11-26 00:00:00,,43.97,,,MTLYD-191125-6H7Y1,,,,,-https://avylays.com/sandals,"[{""name"":""Summer Sizzler Sale 50%Breathable mesh sports sandals with non-slip sole - Royal Blue/8.5"",""quantity"":1,""unitAmount"":38.98}]",4.99,38.98,0,FFT OSB,STRIPE_RECEIPT_CUSTOMER,OSB,,ZENIROXPAY,
2025-11-19,txn_3SVJ2SK3ZXYJSkRp1CTJAuEh,charge,ch_3SVJ2SK3ZXYJSkRp1q9kkR3s,41.94,1.85,40.09,usd,2025-11-19 21:35:00,2025-11-26 00:00:00,,41.94,,,G2A22-191125-W6AJK,,,,,-https://shopfuny.com/vacuum,"[{""name"":""Last Day Promotion 50% OFF - Wireless Handheld Car Vacuum Cleaner - BLACK Wireless/1PCS 50% OFF"",""quantity"":1,""unitAmount"":36.95}]",4.99,36.95,0,FFT DWF,STRIPE_RECEIPT_CUSTOMER,DWF,,ZENIROXPAY,
2025-11-19,txn_3SVJD4K3ZXYJSkRp097BLJCc,charge,ch_3SVJD4K3ZXYJSkRp03Nn69oJ,41.94,1.85,40.09,usd,2025-11-19 21:46:00,2025-11-26 00:00:00,,41.94,,,G2A22-191125-CW6QP,,,,,-https://shopfuny.com/vacuum,"[{""name"":""Last Day Promotion 50% OFF - Wireless Handheld Car Vacuum Cleaner - WHITE Wireless/1PCS 50% OFF"",""quantity"":1,""unitAmount"":36.95}]",4.99,36.95,0,FFT DWF,STRIPE_RECEIPT_CUSTOMER,DWF,,ZENIROXPAY,
2025-11-20,txn_3SVMICK3ZXYJSkRp1pJeERlW,charge,ch_3SVMICK3ZXYJSkRp1nj48opw,43.97,1.93,42.04,usd,2025-11-20 01:04:00,2025-11-26 00:00:00,,43.97,,,MTLYD-191125-TUZJU,,,,,-https://avylays.com/sandals,"[{""name"":""Summer Sizzler Sale 50%Breathable mesh sports sandals with non-slip sole - Brown/9"",""quantity"":1,""unitAmount"":38.98}]",4.99,38.98,0,FFT OSB,STRIPE_RECEIPT_CUSTOMER,OSB,,ZENIROXPAY,
2025-11-20,txn_3SVWeyK3ZXYJSkRp15z9fVMV,charge,ch_3SVWeyK3ZXYJSkRp1bClrCVi,41.94,1.85,40.09,usd,2025-11-20 12:08:00,2025-11-26 00:00:00,,41.94,,,G2A22-201125-FQPVT,,,,,-https://shopfuny.com/vacuum,"[{""name"":""Last Day Promotion 50% OFF - Wireless Handheld Car Vacuum Cleaner - WHITE Wireless/1PCS 50% OFF"",""quantity"":1,""unitAmount"":36.95}]",4.99,36.95,0,FFT DWF,STRIPE_RECEIPT_CUSTOMER,DWF,,ZENIROXPAY,
2025-11-20,txn_3SVWfkK3ZXYJSkRp1K4qKq8J,charge,ch_3SVWfkK3ZXYJSkRp1xAnu43G,46.94,2.04,44.9,usd,2025-11-20 12:09:00,2025-11-26 00:00:00,,46.94,,,G2A22-201125-9H7F5,,,,,-https://shopfuny.com/vacuum,"[{""name"":""Last Day Promotion 50% OFF - Wireless Handheld Car Vacuum Cleaner - GREEN(Enhanced EditionVacuum + Blow Available/1PCS 50% OFF"",""quantity"":1,""unitAmount"":41.95}]",4.99,41.95,0,FFT DWF,STRIPE_RECEIPT_CUSTOMER,DWF,,ZENIROXPAY,
2025-11-20,txn_3SVXIDK3ZXYJSkRp1UhBvvkg,charge,ch_3SVXIDK3ZXYJSkRp1I9v5KKT,41.94,1.85,40.09,usd,2025-11-20 12:48:00,2025-11-26 00:00:00,,41.94,,,G2A22-201125-RMYXP,,,,,-https://shopfuny.com/vacuum,"[{""name"":""Last Day Promotion 50% OFF - Wireless Handheld Car Vacuum Cleaner - WHITE Wireless/1PCS 50% OFF"",""quantity"":1,""unitAmount"":36.95}]",4.99,36.95,0,FFT DWF,STRIPE_RECEIPT_CUSTOMER,DWF,,ZENIROXPAY,
2025-11-20,txn_3SVYL6K3ZXYJSkRp0BFjLNpm,charge,ch_3SVYL6K3ZXYJSkRp0udo8UNX,46.94,2.04,44.9,usd,2025-11-20 13:56:00,2025-11-26 00:00:00,,46.94,,,G2A22-201125-UDXB7,,,,,-https://shopfuny.com/vacuum,"[{""name"":""Last Day Promotion 50% OFF - Wireless Handheld Car Vacuum Cleaner - GREY (Enhanced EditionVacuum + Blow Available/1PCS 50% OFF"",""quantity"":1,""unitAmount"":41.95}]",4.99,41.95,0,FFT DWF,STRIPE_RECEIPT_CUSTOMER,DWF,,ZENIROXPAY,
2025-11-20,txn_3SVYeTK3ZXYJSkRp0npYfzoZ,charge,ch_3SVYeTK3ZXYJSkRp0DUyTOGf,78.89,3.22,75.67,usd,2025-11-20 14:16:00,2025-11-26 00:00:00,,78.89,,,G2A22-201125-WBMO8,,,,,-https://shopfuny.com/vacuum,"[{""name"":""Last Day Promotion 50% OFF - Wireless Handheld Car Vacuum Cleaner - BLACK Wireless/1PCS 50% OFF"",""quantity"":2,""unitAmount"":36.95}]",4.99,73.9,0,FFT DWF,STRIPE_RECEIPT_CUSTOMER,DWF,,ZENIROXPAY,
2025-11-20,txn_3SVYfBK3ZXYJSkRp01rD6461,charge,ch_3SVYfBK3ZXYJSkRp0ca7OzbX,41.94,1.85,40.09,usd,2025-11-20 14:16:00,2025-11-26 00:00:00,,41.94,,,G2A22-201125-J4C7A,,,,,-https://shopfuny.com/vacuum,"[{""name"":""Last Day Promotion 50% OFF - Wireless Handheld Car Vacuum Cleaner - BLACK Wireless/1PCS 50% OFF"",""quantity"":1,""unitAmount"":36.95}]",4.99,36.95,0,FFT DWF,STRIPE_RECEIPT_CUSTOMER,DWF,,ZENIROXPAY,
2025-11-20,txn_3SVYnnK3ZXYJSkRp0wBb5sy3,charge,ch_3SVYnnK3ZXYJSkRp0XfMecGw,46.94,2.04,44.9,usd,2025-11-20 14:25:00,2025-11-26 00:00:00,,46.94,,,G2A22-201125-G0IIN,,,,,-https://shopfuny.com/vacuum,"[{""name"":""Last Day Promotion 50% OFF - Wireless Handheld Car Vacuum Cleaner - GREEN(Enhanced EditionVacuum + Blow Available/1PCS 50% OFF"",""quantity"":1,""unitAmount"":41.95}]",4.99,41.95,0,FFT DWF,STRIPE_RECEIPT_CUSTOMER,DWF,,ZENIROXPAY,
2025-11-20,txn_3SVZ9WK3ZXYJSkRp01bzdh7L,charge,ch_3SVZ9WK3ZXYJSkRp0Pugpu53,43.97,1.93,42.04,usd,2025-11-20 14:48:00,2025-11-26 00:00:00,,43.97,,,MTLYD-201125-TZF7Z,,,,,-https://avylays.com/sandals,"[{""name"":""Summer Sizzler Sale 50%Breathable mesh sports sandals with non-slip sole - Brown/9"",""quantity"":1,""unitAmount"":38.98}]",4.99,38.98,0,FFT OSB,STRIPE_RECEIPT_CUSTOMER,OSB,,ZENIROXPAY,
2025-11-20,txn_3SVZFNK3ZXYJSkRp05dFQ0M8,charge,ch_3SVZFNK3ZXYJSkRp0c9MqUg7,73.97,3.04,70.93,usd,2025-11-20 14:54:00,2025-11-26 00:00:00,,73.97,,,MTLYD-201125-BDMSQ,,,,,-https://avylays.com/sandals,"[{""name"":""Summer Sizzler Sale 50%Breathable mesh sports sandals with non-slip sole - Set 2 (Black + Grey) 60% OFF/7"",""quantity"":1,""unitAmount"":68.98}]",4.99,68.98,0,FFT OSB,STRIPE_RECEIPT_CUSTOMER,OSB,,ZENIROXPAY,
2025-11-20,txn_3SVaJKK3ZXYJSkRp0dl5ZUUg,charge,ch_3SVaJKK3ZXYJSkRp0QqRiTR9,43.97,1.93,42.04,usd,2025-11-20 16:02:00,2025-11-26 00:00:00,,43.97,,,MTLYD-201125-J79JZ,,,,,-https://avylays.com/sandals,"[{""name"":""Summer Sizzler Sale 50%Breathable mesh sports sandals with non-slip sole - Black/9"",""quantity"":1,""unitAmount"":38.98}]",4.99,38.98,0,FFT OSB,STRIPE_RECEIPT_CUSTOMER,OSB,,ZENIROXPAY,
2025-11-20,txn_3SVahHK3ZXYJSkRp1WTBGqVK,charge,ch_3SVahHK3ZXYJSkRp1wXGQYyY,46.94,2.04,44.9,usd,2025-11-20 16:27:00,2025-11-26 00:00:00,,46.94,,,G2A22-201125-JH37T,,,,,-https://shopfuny.com/vacuum,"[{""name"":""Last Day Promotion 50% OFF - Wireless Handheld Car Vacuum Cleaner - GREY (Enhanced EditionVacuum + Blow Available/1PCS 50% OFF"",""quantity"":1,""unitAmount"":41.95}]",4.99,41.95,0,FFT DWF,STRIPE_RECEIPT_CUSTOMER,DWF,,ZENIROXPAY,
2025-11-20,txn_3SVakzK3ZXYJSkRp18oUzpuh,charge,ch_3SVakzK3ZXYJSkRp1jA3doPP,46.94,2.04,44.9,usd,2025-11-20 16:30:00,2025-11-26 00:00:00,,46.94,,,G2A22-201125-P8CJA,,,,,-https://shopfuny.com/vacuum,"[{""name"":""Last Day Promotion 50% OFF - Wireless Handheld Car Vacuum Cleaner - GREY (Enhanced EditionVacuum + Blow Available/1PCS 50% OFF"",""quantity"":1,""unitAmount"":41.95}]",4.99,41.95,0,FFT DWF,STRIPE_RECEIPT_CUSTOMER,DWF,,ZENIROXPAY,
2025-11-25,txn_3SXOtgK3ZXYJSkRp1MNnZe2E,charge,ch_3SXOtgK3ZXYJSkRp1sR1MpGA,64.98,2.7,62.28,usd,2025-11-25 16:15:00,2025-11-28 00:00:00,,64.98,,,1ERLR-251125-ZA2R2,,,,,-https://opsewall.com/cropped-jeans,"[{""name"":""Tummy Control Cropped Wide-Leg Jeans  2025 Best Selling Jeans - BLACK/2XL"",""quantity"":1,""unitAmount"":59.99}]",4.99,59.99,0,FFT TUD,STRIPE_RECEIPT_CUSTOMER,TUD,,ZENIROXPAY,
2025-11-27,txn_1SY9fzK3ZXYJSkRpn1YfDSal,adjustment,du_1SY9fnK3ZXYJSkRpIvizf22u,-64.98,15,-79.98,usd,2025-11-27 18:12:00,2025-11-27 18:12:00,,,,,,,,,,,,,,,,STRIPE_ADJUSTMENT,,,ZENIROXPAY,
2025-12-03,txn_1Sa9MkK3ZXYJSkRpBMWZ0RnM,stripe_fee,,-10.69,0,-10.69,usd,2025-12-03 06:16:00,2025-12-03 06:16:00,,,,,,,,,,,,,,,,STRIPE_FEE,,,ZENIROXPAY,
2025-12-04,txn_1SaXd8K3ZXYJSkRpWycKnFa4,payout,po_1SaXd8K3ZXYJSkRphMWIxIuE,-1000,0,-1000,usd,2025-12-04 08:11:00,2025-12-04 08:11:00,,,,,,,,,,,,,,,,STRIPE_PAYOUT,,Pingpong ZeniroxPay,ZENIROXPAY,
2025-12-08,txn_3Sc8i9K3ZXYJSkRp16ozmjm8,charge,ch_3Sc8i9K3ZXYJSkRp1t7pshHO,64.98,2.7,62.28,usd,2025-12-08 17:59:00,2025-12-11 00:00:00,,64.98,,,ZAAIC-081225-AN2GM,,,,,-https://obormi.com/cropped-jeans,"[{""name"":""Tummy Control Cropped Wide-Leg Jeans  2025 Best Selling Jeans - Shaded Blue/S"",""quantity"":1,""unitAmount"":59.99}]",4.99,59.99,0,FFT BSO,STRIPE_RECEIPT_CUSTOMER,BSO,,ZENIROXPAY,
2025-12-08,txn_3Sc8jdK3ZXYJSkRp0JM6Z57n,charge,ch_3Sc8jdK3ZXYJSkRp0Lj6XANT,109.98,4.37,105.61,usd,2025-12-08 18:00:00,2025-12-11 00:00:00,,109.98,,,ZAAIC-081225-041WL,,,,,-https://obormi.com/cropped-jeans,"[{""name"":""Tummy Control Cropped Wide-Leg Jeans  2025 Best Selling Jeans - Combo 2 (Black+White) - Save More 10% OFF/XL"",""quantity"":1,""unitAmount"":104.99}]",4.99,104.99,0,FFT BSO,STRIPE_RECEIPT_CUSTOMER,BSO,,ZENIROXPAY,
2025-12-08,txn_3Sc9pUK3ZXYJSkRp1VFJnD6c,charge,ch_3Sc9pUK3ZXYJSkRp1DML89n2,64.98,2.7,62.28,usd,2025-12-08 19:10:00,2025-12-11 00:00:00,,64.98,,,ZAAIC-081225-DD0KI,,,,,-https://obormi.com/cropped-jeans,"[{""name"":""Tummy Control Cropped Wide-Leg Jeans  2025 Best Selling Jeans - Shaded Blue/L"",""quantity"":1,""unitAmount"":59.99}]",4.99,59.99,0,FFT BSO,STRIPE_RECEIPT_CUSTOMER,BSO,,ZENIROXPAY,
2025-12-08,txn_3Sc9r2K3ZXYJSkRp0tfNDmpO,charge,ch_3Sc9r2K3ZXYJSkRp0B7D6Zue,64.98,2.7,62.28,usd,2025-12-08 19:12:00,2025-12-11 00:00:00,,64.98,,,ZAAIC-081225-LQ4PI,,,,,-https://obormi.com/cropped-jeans,"[{""name"":""Tummy Control Cropped Wide-Leg Jeans  2025 Best Selling Jeans - Black/2XL"",""quantity"":1,""unitAmount"":59.99}]",4.99,59.99,0,FFT BSO,STRIPE_RECEIPT_CUSTOMER,BSO,,ZENIROXPAY,
2025-12-08,txn_3ScAUXK3ZXYJSkRp0FWT5IVv,charge,ch_3ScAUXK3ZXYJSkRp0WYz91KY,64.98,2.7,62.28,usd,2025-12-08 19:53:00,2025-12-11 00:00:00,,64.98,,,ZAAIC-081225-K463G,,,,,-https://obormi.com/cropped-jeans,"[{""name"":""Tummy Control Cropped Wide-Leg Jeans  2025 Best Selling Jeans - Shaded Blue/2XL"",""quantity"":1,""unitAmount"":59.99}]",4.99,59.99,0,FFT BSO,STRIPE_RECEIPT_CUSTOMER,BSO,,ZENIROXPAY,
2025-12-08,txn_3ScAkTK3ZXYJSkRp1QCf9t2q,charge,ch_3ScAkTK3ZXYJSkRp11bBDtyJ,64.98,2.7,62.28,usd,2025-12-08 20:09:00,2025-12-11 00:00:00,,64.98,,,ZAAIC-081225-AHH80,,,,,-https://obormi.com/cropped-jeans,"[{""name"":""Tummy Control Cropped Wide-Leg Jeans  2025 Best Selling Jeans - Shaded Blue/L"",""quantity"":1,""unitAmount"":59.99}]",4.99,59.99,0,FFT BSO,STRIPE_RECEIPT_CUSTOMER,BSO,,ZENIROXPAY,
2025-12-08,txn_3ScB44K3ZXYJSkRp18NaIOFl,charge,ch_3ScB44K3ZXYJSkRp1PugaJ0o,64.98,2.7,62.28,usd,2025-12-08 20:29:00,2025-12-11 00:00:00,,64.98,,,ZAAIC-081225-F7H58,,,,,-https://obormi.com/cropped-jeans,"[{""name"":""Tummy Control Cropped Wide-Leg Jeans  2025 Best Selling Jeans - Shaded Blue/M"",""quantity"":1,""unitAmount"":59.99}]",4.99,59.99,0,FFT BSO,STRIPE_RECEIPT_CUSTOMER,BSO,,ZENIROXPAY,
2025-12-08,txn_3ScBr7K3ZXYJSkRp0e8EgkTK,charge,ch_3ScBr7K3ZXYJSkRp0yi9mXAE,124.97,4.92,120.05,usd,2025-12-08 21:20:00,2025-12-11 00:00:00,,124.97,,,ZAAIC-081225-IAFP3,,,,,-https://obormi.com/cropped-jeans,"[{""name"":""Tummy Control Cropped Wide-Leg Jeans  2025 Best Selling Jeans - Shaded Blue/L"",""quantity"":1,""unitAmount"":59.99},{""name"":""Tummy Control Cropped Wide-Leg Jeans  2025 Best Selling Jeans - Shaded Blue/2XL"",""quantity"":1,""unitAmount"":59.99}]",4.99,119.98,0,FFT BSO,STRIPE_RECEIPT_CUSTOMER,BSO,,ZENIROXPAY,
2025-12-08,txn_3ScC7JK3ZXYJSkRp11M8lKW3,charge,ch_3ScC7JK3ZXYJSkRp1vBp5S3c,64.98,2.7,62.28,usd,2025-12-08 21:37:00,2025-12-11 00:00:00,,64.98,,,ZAAIC-081225-2Q9JD,,,,,-https://obormi.com/cropped-jeans,"[{""name"":""Tummy Control Cropped Wide-Leg Jeans  2025 Best Selling Jeans - White/M"",""quantity"":1,""unitAmount"":59.99}]",4.99,59.99,0,FFT BSO,STRIPE_RECEIPT_CUSTOMER,BSO,,ZENIROXPAY,
2025-12-08,txn_3ScCJ5K3ZXYJSkRp1P3U6kMA,charge,ch_3ScCJ5K3ZXYJSkRp1NK96Fvq,64.98,2.7,62.28,usd,2025-12-08 21:49:00,2025-12-11 00:00:00,,64.98,,,ZAAIC-081225-4M5Y6,,,,,-https://obormi.com/cropped-jeans,"[{""name"":""Tummy Control Cropped Wide-Leg Jeans  2025 Best Selling Jeans - Shaded Blue/XL"",""quantity"":1,""unitAmount"":59.99}]",4.99,59.99,0,FFT BSO,STRIPE_RECEIPT_CUSTOMER,BSO,,ZENIROXPAY,
2025-12-08,txn_3ScCcNK3ZXYJSkRp1euCG0Yl,charge,ch_3ScCcNK3ZXYJSkRp10uPpWwL,124.97,4.92,120.05,usd,2025-12-08 22:09:00,2025-12-11 00:00:00,,124.97,,,ZAAIC-081225-Z3R6U,,,,,-https://obormi.com/cropped-jeans,"[{""name"":""Tummy Control Cropped Wide-Leg Jeans  2025 Best Selling Jeans - Black/M"",""quantity"":1,""unitAmount"":59.99},{""name"":""Tummy Control Cropped Wide-Leg Jeans  2025 Best Selling Jeans - Black/S"",""quantity"":1,""unitAmount"":59.99}]",4.99,119.98,0,FFT BSO,STRIPE_RECEIPT_CUSTOMER,BSO,,ZENIROXPAY,
2025-12-08,txn_3ScCduK3ZXYJSkRp1ViBSYXc,charge,ch_3ScCduK3ZXYJSkRp1y2h1eXH,64.98,2.7,62.28,usd,2025-12-08 22:10:00,2025-12-11 00:00:00,,64.98,,,ZAAIC-081225-W2DH9,,,,,-https://obormi.com/cropped-jeans,"[{""name"":""Tummy Control Cropped Wide-Leg Jeans  2025 Best Selling Jeans - Shaded Blue/M"",""quantity"":1,""unitAmount"":59.99}]",4.99,59.99,0,FFT BSO,STRIPE_RECEIPT_CUSTOMER,BSO,,ZENIROXPAY,
2025-12-08,txn_3ScCnRK3ZXYJSkRp0r7FtMJ5,charge,ch_3ScCnRK3ZXYJSkRp03hluVWa,109.98,4.37,105.61,usd,2025-12-08 22:20:00,2025-12-11 00:00:00,,109.98,,,ZAAIC-081225-D0Q3J,,,,,-https://obormi.com/cropped-jeans,"[{""name"":""Tummy Control Cropped Wide-Leg Jeans  2025 Best Selling Jeans - Combo 2 (Shaded Blue+White) - Save More 10% OFF/M"",""quantity"":1,""unitAmount"":104.99}]",4.99,104.99,0,FFT BSO,STRIPE_RECEIPT_CUSTOMER,BSO,,ZENIROXPAY,
2025-12-08,txn_3ScD1DK3ZXYJSkRp0lKr6wII,charge,ch_3ScD1DK3ZXYJSkRp0tPS1nQd,64.98,2.7,62.28,usd,2025-12-08 22:35:00,2025-12-11 00:00:00,,64.98,,,ZAAIC-081225-DDEY6,,,,,-https://obormi.com/cropped-jeans,"[{""name"":""Tummy Control Cropped Wide-Leg Jeans  2025 Best Selling Jeans - Shaded Blue/M"",""quantity"":1,""unitAmount"":59.99}]",4.99,59.99,0,FFT BSO,STRIPE_RECEIPT_CUSTOMER,BSO,,ZENIROXPAY,
2025-12-08,txn_3ScDJvK3ZXYJSkRp05vyRzrl,charge,ch_3ScDJvK3ZXYJSkRp05XBzxf2,64.98,2.7,62.28,usd,2025-12-08 22:55:00,2025-12-11 00:00:00,,64.98,,,ZAAIC-081225-J6SXQ,,,,,-https://obormi.com/cropped-jeans,"[{""name"":""Tummy Control Cropped Wide-Leg Jeans  2025 Best Selling Jeans - Shaded Blue/L"",""quantity"":1,""unitAmount"":59.99}]",4.99,59.99,0,FFT BSO,STRIPE_RECEIPT_CUSTOMER,BSO,,ZENIROXPAY,
2025-12-08,txn_3ScDwaK3ZXYJSkRp1yclZdoG,charge,ch_3ScDwaK3ZXYJSkRp1AvtGSaB,64.98,2.7,62.28,usd,2025-12-08 23:34:00,2025-12-11 00:00:00,,64.98,,,ZAAIC-081225-EPUHN,,,,,-https://obormi.com/cropped-jeans,"[{""name"":""Tummy Control Cropped Wide-Leg Jeans  2025 Best Selling Jeans - Black/S"",""quantity"":1,""unitAmount"":59.99}]",4.99,59.99,0,FFT BSO,STRIPE_RECEIPT_CUSTOMER,BSO,,ZENIROXPAY,
2025-12-08,txn_3ScE3DK3ZXYJSkRp1oomS6wB,charge,ch_3ScE3DK3ZXYJSkRp1A75Kvh0,64.98,2.7,62.28,usd,2025-12-08 23:41:00,2025-12-11 00:00:00,,64.98,,,ZAAIC-081225-5RS8Z,,,,,-https://obormi.com/cropped-jeans,"[{""name"":""Tummy Control Cropped Wide-Leg Jeans  2025 Best Selling Jeans - White/M"",""quantity"":1,""unitAmount"":59.99}]",4.99,59.99,0,FFT BSO,STRIPE_RECEIPT_CUSTOMER,BSO,,ZENIROXPAY,
2025-12-09,txn_3ScEzKK3ZXYJSkRp1kX3KOnr,charge,ch_3ScEzKK3ZXYJSkRp1g10iDuy,64.98,2.7,62.28,usd,2025-12-09 00:41:00,2025-12-12 00:00:00,,64.98,,,ZAAIC-081225-39JPC,,,,,-https://obormi.com/cropped-jeans,"[{""name"":""Tummy Control Cropped Wide-Leg Jeans  2025 Best Selling Jeans - Black/M"",""quantity"":1,""unitAmount"":59.99}]",4.99,59.99,0,FFT BSO,STRIPE_RECEIPT_CUSTOMER,BSO,,ZENIROXPAY,
2025-12-09,txn_3ScFdzK3ZXYJSkRp1vQww7KB,charge,ch_3ScFdzK3ZXYJSkRp1PlitBx6,64.98,2.7,62.28,usd,2025-12-09 01:23:00,2025-12-12 00:00:00,,64.98,,,ZAAIC-081225-WJEWL,,,,,-https://obormi.com/cropped-jeans,"[{""name"":""Tummy Control Cropped Wide-Leg Jeans  2025 Best Selling Jeans - Shaded Blue/L"",""quantity"":1,""unitAmount"":59.99}]",4.99,59.99,0,FFT BSO,STRIPE_RECEIPT_CUSTOMER,BSO,,ZENIROXPAY,
2025-12-09,txn_3ScFzXK3ZXYJSkRp1bD8AFAO,charge,ch_3ScFzXK3ZXYJSkRp1Nb05tOy,214.98,8.25,206.73,usd,2025-12-09 01:45:00,2025-12-12 00:00:00,,214.98,,,ZAAIC-081225-VGE8H,,,,4.99,-https://obormi.com/jeans0001-https://obormi.com/jeans,"[{""name"":""Tummy Control Cropped Wide-Leg Jeans  2025 Best Selling Jeans - Buy 2(SHADED BLUE+BLACK)Get Extra 10% OFF/S"",""quantity"":1,""unitAmount"":104.99},{""name"":""Tummy Control Sailor Wide Leg Trouser 2025 Best Selling Jeans - Combo 2 (Light Blue+White) - Save More 10% OFF/S"",""quantity"":1,""unitAmount"":109.99}]",4.99,214.98,0,FFT BSO,STRIPE_RECEIPT_CUSTOMER,BSO,,ZENIROXPAY,
2025-12-11,txn_3Sd9ZDK3ZXYJSkRp089HFPzi,charge,ch_3Sd9ZDK3ZXYJSkRp0eQftOzX,34.98,1.59,33.39,usd,2025-12-11 13:06:00,2025-12-16 00:00:00,,34.98,,,IQ1N5-111225-0T80R,,,,,-https://wrboorsh.com/anxieety,"[{""name"":""Anxiety Bookshelf | Shake Away Your Anxiety - White"",""quantity"":1,""unitAmount"":29.99}]",4.99,29.99,0,FFT HBA,STRIPE_RECEIPT_CUSTOMER,HBA,,ZENIROXPAY,
2025-12-11,txn_3SdDEAK3ZXYJSkRp00R3yuK5,charge,ch_3SdDEAK3ZXYJSkRp0R9JPa76,34.98,1.59,33.39,usd,2025-12-11 17:00:00,2025-12-16 00:00:00,,34.98,,,HUJGB-111225-FBLN8,,,,,-https://kotort.com/jaw-strap,"[{""name"":""Last Day SALE 60% OFFAirFlow Jaw Strap - Get 1 AirFlow Jaw Strap"",""quantity"":1,""unitAmount"":29.99}]",4.99,29.99,0,WAZ,STRIPE_RECEIPT_CUSTOMER,WAZ,,ZENIROXPAY,
2025-12-12,txn_3SdK33K3ZXYJSkRp0EvSYa8Y,charge,ch_3SdK33K3ZXYJSkRp0TkP0Hck,34.98,1.59,33.39,usd,2025-12-12 00:17:00,2025-12-17 00:00:00,,34.98,,,HUJGB-111225-O477K,,,,,-https://hotdeal.masemb.com/jaw-strap,"[{""name"":""Last Day SALE 60% OFFAirFlow Jaw Strap - Get 1 AirFlow Jaw Strap"",""quantity"":1,""unitAmount"":29.99}]",4.99,29.99,0,WAZ,STRIPE_RECEIPT_CUSTOMER,WAZ,,ZENIROXPAY,
2025-12-12,txn_3SdKFAK3ZXYJSkRp1YHzua1z,charge,ch_3SdKFAK3ZXYJSkRp17GEWBlF,50.98,2.19,48.79,usd,2025-12-12 00:30:00,2025-12-17 00:00:00,,50.98,,,HUJGB-111225-9TKEU,,,,,-https://hotdeal.masemb.com/jaw-strap,"[{""name"":""Last Day SALE 60% OFFAirFlow Jaw Strap - Get 2 AirFlow Jaw Strap SAVE 10% OFF - ONLY DAY"",""quantity"":1,""unitAmount"":45.99}]",4.99,45.99,0,WAZ,STRIPE_RECEIPT_CUSTOMER,WAZ,,ZENIROXPAY,
2025-12-13,txn_3SdiSFK3ZXYJSkRp1uD6KrBK,charge,ch_3SdiSFK3ZXYJSkRp1Lh1Ew4d,34.98,1.59,33.39,usd,2025-12-13 02:21:00,2025-12-18 00:00:00,,34.98,,,HUJGB-121225-KU1JQ,,,,,-https://kotort.com/jaw-strap,"[{""name"":""Last Day SALE 60% OFFAirFlow Jaw Strap - Get 1 AirFlow Jaw Strap"",""quantity"":1,""unitAmount"":29.99}]",4.99,29.99,0,WAZ,STRIPE_RECEIPT_CUSTOMER,WAZ,,ZENIROXPAY,
2025-12-13,txn_3SdivDK3ZXYJSkRp0GIJnRb0,charge,ch_3SdivDK3ZXYJSkRp0LFNAmaL,34.98,1.59,33.39,usd,2025-12-13 02:51:00,2025-12-18 00:00:00,,34.98,,,IQ1N5-121225-10O5K,,,,,-https://wrboorsh.com/anxieety,"[{""name"":""Anxiety Bookshelf | Shake Away Your Anxiety - Black"",""quantity"":1,""unitAmount"":29.99}]",4.99,29.99,0,FFT HBA,STRIPE_RECEIPT_CUSTOMER,HBA,,ZENIROXPAY,
2025-12-13,txn_3SdkvmK3ZXYJSkRp1rty8p79,charge,ch_3SdkvmK3ZXYJSkRp1dlR9xpR,34.98,1.59,33.39,usd,2025-12-13 04:59:00,2025-12-18 00:00:00,,34.98,,,HUJGB-121225-WXD91,,,,,-https://kotort.com/jaw-strap,"[{""name"":""Last Day SALE 60% OFFAirFlow Jaw Strap - Get 1 AirFlow Jaw Strap"",""quantity"":1,""unitAmount"":29.99}]",4.99,29.99,0,WAZ,STRIPE_RECEIPT_CUSTOMER,WAZ,,ZENIROXPAY,
2025-12-13,txn_3SdlGsK3ZXYJSkRp1RsHxCe4,charge,ch_3SdlGsK3ZXYJSkRp1zSV28dX,34.98,1.59,33.39,usd,2025-12-13 05:21:00,2025-12-18 00:00:00,,34.98,,,HUJGB-121225-56NAY,,,,,-https://kotort.com/jaw-strap,"[{""name"":""Last Day SALE 60% OFFAirFlow Jaw Strap - Get 1 AirFlow Jaw Strap"",""quantity"":1,""unitAmount"":29.99}]",4.99,29.99,0,WAZ,STRIPE_RECEIPT_CUSTOMER,WAZ,,ZENIROXPAY,
2025-12-13,txn_3SdpN5K3ZXYJSkRp0pVABZvb,charge,ch_3SdpN5K3ZXYJSkRp0ilfqmYt,34.98,1.59,33.39,usd,2025-12-13 09:44:00,2025-12-18 00:00:00,,34.98,,,IQ1N5-131225-1LXDB,,,,,-https://wrboorsh.com/anxieety,"[{""name"":""Anxiety Bookshelf | Shake Away Your Anxiety - Black"",""quantity"":1,""unitAmount"":29.99}]",4.99,29.99,0,FFT HBA,STRIPE_RECEIPT_CUSTOMER,HBA,,ZENIROXPAY,
2025-12-13,txn_1SdvOXK3ZXYJSkRp1jp7dOUi,adjustment,du_1SY9fnK3ZXYJSkRpIvizf22u,64.98,0,64.98,usd,2025-12-13 16:10:00,2025-12-13 16:10:00,,,,,,,,,,,,,,,,STRIPE_ADJUSTMENT,,,ZENIROXPAY,
2025-12-13,txn_3SdwB0K3ZXYJSkRp10LI2Ex2,charge,ch_3SdwB0K3ZXYJSkRp1Eo3Ga2X,34.98,1.59,33.39,usd,2025-12-13 17:00:00,2025-12-18 00:00:00,,34.98,,,HUJGB-131225-KDHDE,,,,,-https://kotort.com/jaw-strap,"[{""name"":""Last Day SALE 60% OFFAirFlow Jaw Strap - Get 1 AirFlow Jaw Strap"",""quantity"":1,""unitAmount"":29.99}]",4.99,29.99,0,WAZ,STRIPE_RECEIPT_CUSTOMER,WAZ,,ZENIROXPAY,
2025-12-13,txn_3Sdx9tK3ZXYJSkRp0tTobuIo,charge,ch_3Sdx9tK3ZXYJSkRp08uxo23N,34.98,1.59,33.39,usd,2025-12-13 18:03:00,2025-12-18 00:00:00,,34.98,,,HUJGB-131225-AJO0R,,,,,-https://kotort.com/jaw-strap,"[{""name"":""Last Day SALE 60% OFFAirFlow Jaw Strap - Get 1 AirFlow Jaw Strap"",""quantity"":1,""unitAmount"":29.99}]",4.99,29.99,0,WAZ,STRIPE_RECEIPT_CUSTOMER,WAZ,,ZENIROXPAY,
2025-12-13,txn_3SdxWxK3ZXYJSkRp0SScFzBR,charge,ch_3SdxWxK3ZXYJSkRp00wwDGK7,34.98,1.59,33.39,usd,2025-12-13 18:27:00,2025-12-18 00:00:00,,34.98,,,HUJGB-131225-ISYO1,,,,,-https://kotort.com/jaw-strap,"[{""name"":""Last Day SALE 60% OFFAirFlow Jaw Strap - Get 1 AirFlow Jaw Strap"",""quantity"":1,""unitAmount"":29.99}]",4.99,29.99,0,WAZ,STRIPE_RECEIPT_CUSTOMER,WAZ,,ZENIROXPAY,
2025-12-13,txn_3Se254K3ZXYJSkRp1HkpYiop,charge,ch_3Se254K3ZXYJSkRp1RGKt6XG,34.98,1.59,33.39,usd,2025-12-13 23:18:00,2025-12-18 00:00:00,,34.98,,,HUJGB-131225-WJBR6,,,,,-https://kotort.com/jaw-strap,"[{""name"":""Last Day SALE 60% OFFAirFlow Jaw Strap - Get 1 AirFlow Jaw Strap"",""quantity"":1,""unitAmount"":29.99}]",4.99,29.99,0,WAZ,STRIPE_RECEIPT_CUSTOMER,WAZ,,ZENIROXPAY,
2025-12-13,txn_3Se2hoK3ZXYJSkRp1ZzxhXbq,charge,ch_3Se2hoK3ZXYJSkRp1PmoEL1A,34.98,1.59,33.39,usd,2025-12-13 23:58:00,2025-12-18 00:00:00,,34.98,,,HUJGB-131225-GM0ST,,,,,-https://kotort.com/jaw-strap,"[{""name"":""Last Day SALE 60% OFFAirFlow Jaw Strap - Get 1 AirFlow Jaw Strap"",""quantity"":1,""unitAmount"":29.99}]",4.99,29.99,0,WAZ,STRIPE_RECEIPT_CUSTOMER,WAZ,,ZENIROXPAY,
2025-12-14,txn_3Se3PgK3ZXYJSkRp07IVcNoY,charge,ch_3Se3PgK3ZXYJSkRp0NFxIr89,50.98,2.19,48.79,usd,2025-12-14 00:43:00,2025-12-18 00:00:00,,50.98,,,HUJGB-131225-O7GUP,,,,,-https://kotort.com/jaw-strap,"[{""name"":""Last Day SALE 60% OFFAirFlow Jaw Strap - Get 2 AirFlow Jaw Strap SAVE 10% OFF - ONLY DAY"",""quantity"":1,""unitAmount"":45.99}]",4.99,45.99,0,WAZ,STRIPE_RECEIPT_CUSTOMER,WAZ,,ZENIROXPAY,
2025-12-14,txn_3Se5gWK3ZXYJSkRp1hZjm1OK,charge,ch_3Se5gWK3ZXYJSkRp1qxOKfO8,34.98,1.59,33.39,usd,2025-12-14 03:09:00,2025-12-18 00:00:00,,34.98,,,IQ1N5-131225-14FBI,,,,,-https://wrboorsh.com/anxieety,"[{""name"":""Anxiety Bookshelf | Shake Away Your Anxiety - Purple"",""quantity"":1,""unitAmount"":29.99}]",4.99,29.99,0,FFT HBA,STRIPE_RECEIPT_CUSTOMER,HBA,,ZENIROXPAY,
2025-12-14,txn_3Se7b8K3ZXYJSkRp1PKz5YeN,charge,ch_3Se7b8K3ZXYJSkRp1m9DmKlq,56.98,2.41,54.57,usd,2025-12-14 05:11:00,2025-12-18 00:00:00,,56.98,,,IQ1N5-131225-UZGDE,,,3,4.99,-https://wrboorsh.com/anxieety,"[{""name"":""Anxiety Bookshelf | Shake Away Your Anxiety - Brown"",""quantity"":1,""unitAmount"":29.99},{""name"":""Anxiety Bookshelf | Shake Away Your Anxiety - White"",""quantity"":1,""unitAmount"":29.99}]",4.99,59.98,0,FFT HBA,STRIPE_RECEIPT_CUSTOMER,HBA,,ZENIROXPAY,
2025-12-14,txn_1Se8DHK3ZXYJSkRpQlSzqinH,stripe_fee,,10.69,0,10.69,usd,2025-12-14 05:51:00,2025-12-14 05:51:00,,,,,,,,,,,,,,,,STRIPE_FEE,,,ZENIROXPAY,
2025-12-14,txn_3SeHEhK3ZXYJSkRp09Y9Mb2L,charge,ch_3SeHEhK3ZXYJSkRp0YqoFQO5,34.98,1.59,33.39,usd,2025-12-14 15:29:00,2025-12-18 00:00:00,,34.98,,,IQ1N5-141225-0ZENX,,,,,-https://wrboorsh.com/anxieety,"[{""name"":""Anxiety Bookshelf | Shake Away Your Anxiety - Brown"",""quantity"":1,""unitAmount"":29.99}]",4.99,29.99,0,FFT HBA,STRIPE_RECEIPT_CUSTOMER,HBA,,ZENIROXPAY,
2025-12-14,txn_3SeOZHK3ZXYJSkRp1qYMcZKY,charge,ch_3SeOZHK3ZXYJSkRp1WoLgqBz,34.98,1.59,33.39,usd,2025-12-14 23:19:00,2025-12-18 00:00:00,,34.98,,,HUJGB-141225-5O5XL,,,,,-https://kotort.com/jaw-strap,"[{""name"":""Last Day SALE 60% OFFAirFlow Jaw Strap - Get 1 AirFlow Jaw Strap"",""quantity"":1,""unitAmount"":29.99}]",4.99,29.99,0,WAZ,STRIPE_RECEIPT_CUSTOMER,WAZ,,ZENIROXPAY,
2025-12-14,txn_3SeObtK3ZXYJSkRp1KnHARfW,charge,ch_3SeObtK3ZXYJSkRp1Dee1orx,50.98,2.19,48.79,usd,2025-12-14 23:21:00,2025-12-18 00:00:00,,50.98,,,HUJGB-141225-IC11O,,,,,-https://kotort.com/jaw-strap,"[{""name"":""Last Day SALE 60% OFFAirFlow Jaw Strap - Get 2 AirFlow Jaw Strap SAVE 10% OFF - ONLY DAY"",""quantity"":1,""unitAmount"":45.99}]",4.99,45.99,0,WAZ,STRIPE_RECEIPT_CUSTOMER,WAZ,,ZENIROXPAY,
2025-12-14,txn_3SeOhpK3ZXYJSkRp0tZfcCsL,charge,ch_3SeOhpK3ZXYJSkRp0PbKKioG,34.98,1.59,33.39,usd,2025-12-14 23:28:00,2025-12-18 00:00:00,,34.98,,,HUJGB-141225-PFL7Y,,,,,-https://kotort.com/jaw-strap,"[{""name"":""Last Day SALE 60% OFFAirFlow Jaw Strap - Get 1 AirFlow Jaw Strap"",""quantity"":1,""unitAmount"":29.99}]",4.99,29.99,0,WAZ,STRIPE_RECEIPT_CUSTOMER,WAZ,,ZENIROXPAY,
2025-12-15,txn_3SehvyK3ZXYJSkRp0yat3egk,charge,ch_3SehvyK3ZXYJSkRp0Xvs5HTr,34.98,1.59,33.39,usd,2025-12-15 19:59:00,2025-12-18 00:00:00,,34.98,,,HUJGB-151225-5W2PU,,,,,-https://kotort.com/jaw-strap,"[{""name"":""Last Day SALE 60% OFFAirFlow Jaw Strap - Get 1 AirFlow Jaw Strap"",""quantity"":1,""unitAmount"":29.99}]",4.99,29.99,0,WAZ,STRIPE_RECEIPT_CUSTOMER,WAZ,,ZENIROXPAY,
2025-12-15,txn_3SekQbK3ZXYJSkRp0j90MROJ,charge,ch_3SekQbK3ZXYJSkRp0mvwlfqE,34.98,1.59,33.39,usd,2025-12-15 22:39:00,2025-12-18 00:00:00,,34.98,,,HUJGB-151225-PU7RA,,,,,-https://kotort.com/jaw-strap,"[{""name"":""Last Day SALE 60% OFFAirFlow Jaw Strap - Get 1 AirFlow Jaw Strap"",""quantity"":1,""unitAmount"":29.99}]",4.99,29.99,0,WAZ,STRIPE_RECEIPT_CUSTOMER,WAZ,,ZENIROXPAY,
2025-12-15,txn_3SelOOK3ZXYJSkRp10seQ3fJ,charge,ch_3SelOOK3ZXYJSkRp15HE5fvn,34.98,1.59,33.39,usd,2025-12-15 23:41:00,2025-12-18 00:00:00,,34.98,,,IQ1N5-151225-C41WM,,,,,-https://wrboorsh.com/anxieety,"[{""name"":""Anxiety Bookshelf | Shake Away Your Anxiety - Black"",""quantity"":1,""unitAmount"":29.99}]",4.99,29.99,0,FFT HBA,STRIPE_RECEIPT_CUSTOMER,HBA,,ZENIROXPAY,
2025-12-16,txn_3Sf5YGK3ZXYJSkRp0uL5sMFR,charge,ch_3Sf5YGK3ZXYJSkRp0tfrfmeT,34.98,1.59,33.39,usd,2025-12-16 21:13:00,2025-12-19 00:00:00,,34.98,,,HUJGB-161225-FWSRO,,,,,-https://kotort.com/jaw-strap,"[{""name"":""Last Day SALE 60% OFFAirFlow Jaw Strap - Get 1 AirFlow Jaw Strap"",""quantity"":1,""unitAmount"":29.99}]",4.99,29.99,0,WAZ,STRIPE_RECEIPT_CUSTOMER,WAZ,,ZENIROXPAY,
2025-12-17,txn_3Sf9KZK3ZXYJSkRp0nBhrW3d,charge,ch_3Sf9KZK3ZXYJSkRp0JMEKH5D,34.98,1.59,33.39,usd,2025-12-17 01:15:00,2025-12-22 00:00:00,,34.98,,,HUJGB-161225-3EEFF,,,,,-https://kotort.com/jaw-strap,"[{""name"":""Last Day SALE 60% OFFAirFlow Jaw Strap - Get 1 AirFlow Jaw Strap"",""quantity"":1,""unitAmount"":29.99}]",4.99,29.99,0,WAZ,STRIPE_RECEIPT_CUSTOMER,WAZ,,ZENIROXPAY,
2025-12-17,txn_3Sf9bXK3ZXYJSkRp0VbwsGB1,charge,ch_3Sf9bXK3ZXYJSkRp0QOUBv46,34.98,1.59,33.39,usd,2025-12-17 01:32:00,2025-12-22 00:00:00,,34.98,,,IQ1N5-161225-WFK89,,,,,-https://wrboorsh.com/anxieety,"[{""name"":""Anxiety Bookshelf | Shake Away Your Anxiety - Black"",""quantity"":1,""unitAmount"":29.99}]",4.99,29.99,0,FFT HBA,STRIPE_RECEIPT_CUSTOMER,HBA,,ZENIROXPAY,
2025-12-17,txn_3SfPFhK3ZXYJSkRp1uikmwVi,charge,ch_3SfPFhK3ZXYJSkRp1VNceNN8,34.98,1.59,33.39,usd,2025-12-17 18:15:00,2025-12-22 00:00:00,,34.98,,,HUJGB-171225-HIXAJ,,,,,-https://hotdeal.masemb.com/jaw-strap,"[{""name"":""Last Day SALE 60% OFFAirFlow Jaw Strap - Get 1 AirFlow Jaw Strap"",""quantity"":1,""unitAmount"":29.99}]",4.99,29.99,0,WAZ,STRIPE_RECEIPT_CUSTOMER,WAZ,,ZENIROXPAY,
2025-12-17,txn_3SfPGnK3ZXYJSkRp0zf0in8U,charge,ch_3SfPGnK3ZXYJSkRp0VGCm0MH,34.98,1.59,33.39,usd,2025-12-17 18:16:00,2025-12-22 00:00:00,,34.98,,,HUJGB-171225-PUHTT,,,,,-https://kotort.com/jaw-strap,"[{""name"":""Last Day SALE 60% OFFAirFlow Jaw Strap - Get 1 AirFlow Jaw Strap"",""quantity"":1,""unitAmount"":29.99}]",4.99,29.99,0,WAZ,STRIPE_RECEIPT_CUSTOMER,WAZ,,ZENIROXPAY,
2025-12-17,txn_3SfPQUK3ZXYJSkRp16KiXncO,charge,ch_3SfPQUK3ZXYJSkRp1EbcGGGR,34.98,1.59,33.39,usd,2025-12-17 18:26:00,2025-12-22 00:00:00,,34.98,,,HUJGB-171225-ZRSN4,,,,,-https://kotort.com/jaw-strap,"[{""name"":""Last Day SALE 60% OFFAirFlow Jaw Strap - Get 1 AirFlow Jaw Strap"",""quantity"":1,""unitAmount"":29.99}]",4.99,29.99,0,WAZ,STRIPE_RECEIPT_CUSTOMER,WAZ,,ZENIROXPAY,
2025-12-17,txn_3SfPbmK3ZXYJSkRp1N0n511q,charge,ch_3SfPbmK3ZXYJSkRp1wlaWbhx,34.98,1.59,33.39,usd,2025-12-17 18:38:00,2025-12-22 00:00:00,,34.98,,,HUJGB-171225-ONZBS,,,,,-https://kotort.com/jaw-strap,"[{""name"":""Last Day SALE 60% OFFAirFlow Jaw Strap - Get 1 AirFlow Jaw Strap"",""quantity"":1,""unitAmount"":29.99}]",4.99,29.99,0,WAZ,STRIPE_RECEIPT_CUSTOMER,WAZ,,ZENIROXPAY,
2025-12-17,txn_3SfPucK3ZXYJSkRp10SiYtev,charge,ch_3SfPucK3ZXYJSkRp1axdzbyJ,34.98,1.59,33.39,usd,2025-12-17 18:57:00,2025-12-22 00:00:00,,34.98,,,HUJGB-171225-BTH14,,,,,-https://kotort.com/jaw-strap,"[{""name"":""Last Day SALE 60% OFFAirFlow Jaw Strap - Get 1 AirFlow Jaw Strap"",""quantity"":1,""unitAmount"":29.99}]",4.99,29.99,0,WAZ,STRIPE_RECEIPT_CUSTOMER,WAZ,,ZENIROXPAY,
2025-12-17,txn_3SfPxsK3ZXYJSkRp1jDCpwRd,charge,ch_3SfPxsK3ZXYJSkRp1pKnVny9,50.98,2.19,48.79,usd,2025-12-17 19:00:00,2025-12-22 00:00:00,,50.98,,,HUJGB-171225-S6P05,,,,,-https://kotort.com/jaw-strap,"[{""name"":""Last Day SALE 60% OFFAirFlow Jaw Strap - Get 2 AirFlow Jaw Strap SAVE 10% OFF - ONLY DAY"",""quantity"":1,""unitAmount"":45.99}]",4.99,45.99,0,WAZ,STRIPE_RECEIPT_CUSTOMER,WAZ,,ZENIROXPAY,
2025-12-17,txn_3SfPzmK3ZXYJSkRp1cMkTXea,charge,ch_3SfPzmK3ZXYJSkRp1a6geLxN,34.98,1.59,33.39,usd,2025-12-17 19:02:00,2025-12-22 00:00:00,,34.98,,,HUJGB-171225-YXCN0,,,,,-https://kotort.com/jaw-strap,"[{""name"":""Last Day SALE 60% OFFAirFlow Jaw Strap - Get 1 AirFlow Jaw Strap"",""quantity"":1,""unitAmount"":29.99}]",4.99,29.99,0,WAZ,STRIPE_RECEIPT_CUSTOMER,WAZ,,ZENIROXPAY,
2025-12-17,txn_3SfQ1sK3ZXYJSkRp0mxCXn94,charge,ch_3SfQ1sK3ZXYJSkRp0Am9I5fJ,34.98,1.59,33.39,usd,2025-12-17 19:04:00,2025-12-22 00:00:00,,34.98,,,HUJGB-171225-GFZZZ,,,,,-https://kotort.com/jaw-strap,"[{""name"":""Last Day SALE 60% OFFAirFlow Jaw Strap - Get 1 AirFlow Jaw Strap"",""quantity"":1,""unitAmount"":29.99}]",4.99,29.99,0,WAZ,STRIPE_RECEIPT_CUSTOMER,WAZ,,ZENIROXPAY,
2025-12-17,txn_3SfQb5K3ZXYJSkRp1RUET3hO,charge,ch_3SfQb5K3ZXYJSkRp1sNuIYRD,34.98,1.59,33.39,usd,2025-12-17 19:41:00,2025-12-22 00:00:00,,34.98,,,HUJGB-171225-16J2S,,,,,-https://kotort.com/jaw-strap,"[{""name"":""Last Day SALE 60% OFFAirFlow Jaw Strap - Get 1 AirFlow Jaw Strap"",""quantity"":1,""unitAmount"":29.99}]",4.99,29.99,0,WAZ,STRIPE_RECEIPT_CUSTOMER,WAZ,,ZENIROXPAY,
2025-12-17,txn_3SfQkcK3ZXYJSkRp13d5SKww,charge,ch_3SfQkcK3ZXYJSkRp15OlUk6s,34.98,1.59,33.39,usd,2025-12-17 19:51:00,2025-12-22 00:00:00,,34.98,,,HUJGB-171225-CN33M,,,,,-https://kotort.com/jaw-strap,"[{""name"":""Last Day SALE 60% OFFAirFlow Jaw Strap - Get 1 AirFlow Jaw Strap"",""quantity"":1,""unitAmount"":29.99}]",4.99,29.99,0,WAZ,STRIPE_RECEIPT_CUSTOMER,WAZ,,ZENIROXPAY,
2025-12-17,txn_3SfQwvK3ZXYJSkRp034baSlH,charge,ch_3SfQwvK3ZXYJSkRp0f0BXg3K,34.98,1.59,33.39,usd,2025-12-17 20:03:00,2025-12-22 00:00:00,,34.98,,,HUJGB-171225-1RCXN,,,,,-https://kotort.com/jaw-strap,"[{""name"":""Last Day SALE 60% OFFAirFlow Jaw Strap - Get 1 AirFlow Jaw Strap"",""quantity"":1,""unitAmount"":29.99}]",4.99,29.99,0,WAZ,STRIPE_RECEIPT_CUSTOMER,WAZ,,ZENIROXPAY,
2025-12-17,txn_3SfR40K3ZXYJSkRp0Sdwsm1O,charge,ch_3SfR40K3ZXYJSkRp0COSm8YT,64.97,2.7,62.27,usd,2025-12-17 20:11:00,2025-12-22 00:00:00,,64.97,,,HUJGB-171225-A4NXR,,,,,-https://kotort.com/jaw-strap,"[{""name"":""Last Day SALE 60% OFFAirFlow Jaw Strap - Get 1 AirFlow Jaw Strap"",""quantity"":2,""unitAmount"":29.99}]",4.99,59.98,0,WAZ,STRIPE_RECEIPT_CUSTOMER,WAZ,,ZENIROXPAY,
2025-12-17,txn_3SfR7tK3ZXYJSkRp0cZIch8X,charge,ch_3SfR7tK3ZXYJSkRp0SNdPSme,34.98,1.59,33.39,usd,2025-12-17 20:15:00,2025-12-22 00:00:00,,34.98,,,HUJGB-171225-ODIX7,,,,,-https://kotort.com/jaw-strap,"[{""name"":""Last Day SALE 60% OFFAirFlow Jaw Strap - Get 1 AirFlow Jaw Strap"",""quantity"":1,""unitAmount"":29.99}]",4.99,29.99,0,WAZ,STRIPE_RECEIPT_CUSTOMER,WAZ,,ZENIROXPAY,
2025-12-17,txn_3SfR9CK3ZXYJSkRp1mrrZKQV,charge,ch_3SfR9CK3ZXYJSkRp1hzOVlEo,34.98,1.59,33.39,usd,2025-12-17 20:16:00,2025-12-22 00:00:00,,34.98,,,HUJGB-171225-ZF3ZA,,,,,-https://kotort.com/jaw-strap,"[{""name"":""Last Day SALE 60% OFFAirFlow Jaw Strap - Get 1 AirFlow Jaw Strap"",""quantity"":1,""unitAmount"":29.99}]",4.99,29.99,0,WAZ,STRIPE_RECEIPT_CUSTOMER,WAZ,,ZENIROXPAY,
2025-12-17,txn_3SfREoK3ZXYJSkRp1bkXAoa6,charge,ch_3SfREoK3ZXYJSkRp1MLJTDtV,34.98,1.59,33.39,usd,2025-12-17 20:22:00,2025-12-22 00:00:00,,34.98,,,HUJGB-171225-OPT4K,,,,,-https://kotort.com/jaw-strap,"[{""name"":""Last Day SALE 60% OFFAirFlow Jaw Strap - Get 1 AirFlow Jaw Strap"",""quantity"":1,""unitAmount"":29.99}]",4.99,29.99,0,WAZ,STRIPE_RECEIPT_CUSTOMER,WAZ,,ZENIROXPAY,
2025-12-17,txn_3SfRHMK3ZXYJSkRp0T3vkWyJ,charge,ch_3SfRHMK3ZXYJSkRp0inlAhNN,34.98,1.59,33.39,usd,2025-12-17 20:25:00,2025-12-22 00:00:00,,34.98,,,HUJGB-171225-MGWTW,,,,,-https://kotort.com/jaw-strap,"[{""name"":""Last Day SALE 60% OFFAirFlow Jaw Strap - Get 1 AirFlow Jaw Strap"",""quantity"":1,""unitAmount"":29.99}]",4.99,29.99,0,WAZ,STRIPE_RECEIPT_CUSTOMER,WAZ,,ZENIROXPAY,
2025-12-17,txn_3SfSCXK3ZXYJSkRp1deKAHEz,charge,ch_3SfSCXK3ZXYJSkRp1JlqPmgg,34.98,1.59,33.39,usd,2025-12-17 21:24:00,2025-12-22 00:00:00,,34.98,,,HUJGB-171225-A3TPW,,,,,-https://kotort.com/jaw-strap,"[{""name"":""Last Day SALE 60% OFFAirFlow Jaw Strap - Get 1 AirFlow Jaw Strap"",""quantity"":1,""unitAmount"":29.99}]",4.99,29.99,0,WAZ,STRIPE_RECEIPT_CUSTOMER,WAZ,,ZENIROXPAY,
2025-12-17,txn_3SfSW7K3ZXYJSkRp1c7MyTV0,charge,ch_3SfSW7K3ZXYJSkRp1yYOcT3W,34.98,1.59,33.39,usd,2025-12-17 21:44:00,2025-12-22 00:00:00,,34.98,,,HUJGB-171225-VMGRG,,,,,-https://hotdeal.masemb.com/jaw-strap,"[{""name"":""Last Day SALE 60% OFFAirFlow Jaw Strap - Get 1 AirFlow Jaw Strap"",""quantity"":1,""unitAmount"":29.99}]",4.99,29.99,0,WAZ,STRIPE_RECEIPT_CUSTOMER,WAZ,,ZENIROXPAY,
2025-12-18,txn_3SfUq6K3ZXYJSkRp1QggznGw,charge,ch_3SfUq6K3ZXYJSkRp1Rvl9h3J,50.98,2.19,48.79,usd,2025-12-18 00:13:00,2025-12-23 00:00:00,,50.98,,,HUJGB-171225-VAN68,,,,,-https://hotdeal.masemb.com/jaw-strap,"[{""name"":""Last Day SALE 60% OFFAirFlow Jaw Strap - Get 2 AirFlow Jaw Strap SAVE 10% OFF - ONLY DAY"",""quantity"":1,""unitAmount"":45.99}]",4.99,45.99,0,WAZ,STRIPE_RECEIPT_CUSTOMER,WAZ,,ZENIROXPAY,
2025-12-18,txn_3SfVwGK3ZXYJSkRp0nEM2eqX,charge,ch_3SfVwGK3ZXYJSkRp0cxI56Hx,64.97,2.7,62.27,usd,2025-12-18 01:23:00,2025-12-23 00:00:00,,64.97,,,HUJGB-171225-LJ689,,,,,-https://hotdeal.masemb.com/jaw-strap,"[{""name"":""Last Day SALE 60% OFFAirFlow Jaw Strap - Get 1 AirFlow Jaw Strap"",""quantity"":2,""unitAmount"":29.99}]",4.99,59.98,0,WAZ,STRIPE_RECEIPT_CUSTOMER,WAZ,,ZENIROXPAY,
2025-12-18,txn_3SfWq7K3ZXYJSkRp0MHRucAR,charge,ch_3SfWq7K3ZXYJSkRp0jDNhNss,34.98,1.59,33.39,usd,2025-12-18 02:21:00,2025-12-23 00:00:00,,34.98,,,HUJGB-171225-J4J01,,,,,-https://hotdeal.masemb.com/jaw-strap,"[{""name"":""Last Day SALE 60% OFFAirFlow Jaw Strap - Get 1 AirFlow Jaw Strap"",""quantity"":1,""unitAmount"":29.99}]",4.99,29.99,0,WAZ,STRIPE_RECEIPT_CUSTOMER,WAZ,,ZENIROXPAY,
2025-12-18,txn_3SfXuZK3ZXYJSkRp0YIaoO98,charge,ch_3SfXuZK3ZXYJSkRp0k8EpMT7,34.98,1.59,33.39,usd,2025-12-18 03:29:00,2025-12-23 00:00:00,,34.98,,,HUJGB-171225-JWKNW,,,,,-https://hotdeal.masemb.com/jaw-strap,"[{""name"":""Last Day SALE 60% OFFAirFlow Jaw Strap - Get 1 AirFlow Jaw Strap"",""quantity"":1,""unitAmount"":29.99}]",4.99,29.99,0,WAZ,STRIPE_RECEIPT_CUSTOMER,WAZ,,ZENIROXPAY,
2025-12-18,txn_3SfZk5K3ZXYJSkRp1tq9z7lx,charge,ch_3SfZk5K3ZXYJSkRp1zYwTi8Z,34.98,1.59,33.39,usd,2025-12-18 05:27:00,2025-12-23 00:00:00,,34.98,,,HUJGB-171225-CKBZG,,,,,-https://kotort.com/jaw-strap,"[{""name"":""Last Day SALE 60% OFFAirFlow Jaw Strap - Get 1 AirFlow Jaw Strap"",""quantity"":1,""unitAmount"":29.99}]",4.99,29.99,0,WAZ,STRIPE_RECEIPT_CUSTOMER,WAZ,,ZENIROXPAY,
2025-12-18,txn_3Sfb5KK3ZXYJSkRp1pgFVLyZ,charge,ch_3Sfb5KK3ZXYJSkRp15q9UA3f,34.98,1.59,33.39,usd,2025-12-18 06:53:00,2025-12-23 00:00:00,,34.98,,,HUJGB-171225-2O4UJ,,,,,-https://hotdeal.masemb.com/jaw-strap,"[{""name"":""Last Day SALE 60% OFFAirFlow Jaw Strap - Get 1 AirFlow Jaw Strap"",""quantity"":1,""unitAmount"":29.99}]",4.99,29.99,0,WAZ,STRIPE_RECEIPT_CUSTOMER,WAZ,,ZENIROXPAY,
2025-12-18,txn_3Sfb6LK3ZXYJSkRp0w0GRFZ9,charge,ch_3Sfb6LK3ZXYJSkRp0CwMOGMB,34.98,1.59,33.39,usd,2025-12-18 06:54:00,2025-12-23 00:00:00,,34.98,,,HUJGB-171225-BCDG2,,,,,-https://hotdeal.masemb.com/jaw-strap,"[{""name"":""Last Day SALE 60% OFFAirFlow Jaw Strap - Get 1 AirFlow Jaw Strap"",""quantity"":1,""unitAmount"":29.99}]",4.99,29.99,0,WAZ,STRIPE_RECEIPT_CUSTOMER,WAZ,,ZENIROXPAY,
2025-12-18,txn_3SfbPJK3ZXYJSkRp12JeU3LZ,charge,ch_3SfbPJK3ZXYJSkRp1popk1c5,50.98,2.19,48.79,usd,2025-12-18 07:13:00,2025-12-23 00:00:00,,50.98,,,HUJGB-171225-IA0XH,,,,,-https://kotort.com/jaw-strap,"[{""name"":""Last Day SALE 60% OFFAirFlow Jaw Strap - Get 2 AirFlow Jaw Strap SAVE 10% OFF - ONLY DAY"",""quantity"":1,""unitAmount"":45.99}]",4.99,45.99,0,WAZ,STRIPE_RECEIPT_CUSTOMER,WAZ,,ZENIROXPAY,
2025-12-18,txn_3Sfg1VK3ZXYJSkRp10f1adVB,charge,ch_3Sfg1VK3ZXYJSkRp1tUBTAjF,34.98,1.59,33.39,usd,2025-12-18 12:09:00,2025-12-23 00:00:00,,34.98,,,HUJGB-181225-CZGG9,,,,,-https://hotdeal.masemb.com/jaw-strap,"[{""name"":""Last Day SALE 60% OFFAirFlow Jaw Strap - Get 1 AirFlow Jaw Strap"",""quantity"":1,""unitAmount"":29.99}]",4.99,29.99,0,WAZ,STRIPE_RECEIPT_CUSTOMER,WAZ,,ZENIROXPAY,
2025-12-18,txn_3SfhydK3ZXYJSkRp0PfkuTra,charge,ch_3SfhydK3ZXYJSkRp0DZovKtJ,34.98,1.59,33.39,usd,2025-12-18 14:14:00,2025-12-23 00:00:00,,34.98,,,HUJGB-181225-72L38,,,,,-https://kotort.com/jaw-strap,"[{""name"":""Last Day SALE 60% OFFAirFlow Jaw Strap - Get 1 AirFlow Jaw Strap"",""quantity"":1,""unitAmount"":29.99}]",4.99,29.99,0,WAZ,STRIPE_RECEIPT_CUSTOMER,WAZ,,ZENIROXPAY,
2025-12-18,txn_3SfiQiK3ZXYJSkRp0JXvlgdZ,charge,ch_3SfiQiK3ZXYJSkRp0Owk5cXY,34.98,1.59,33.39,usd,2025-12-18 14:43:00,2025-12-23 00:00:00,,34.98,,,HUJGB-181225-C70TB,,,,,-https://hotdeal.masemb.com/jaw-strap,"[{""name"":""Last Day SALE 60% OFFAirFlow Jaw Strap - Get 1 AirFlow Jaw Strap"",""quantity"":1,""unitAmount"":29.99}]",4.99,29.99,0,WAZ,STRIPE_RECEIPT_CUSTOMER,WAZ,,ZENIROXPAY,
2025-12-18,txn_3SfiglK3ZXYJSkRp0Yw3OahE,charge,ch_3SfiglK3ZXYJSkRp0nhjaPuw,34.98,1.59,33.39,usd,2025-12-18 15:00:00,2025-12-23 00:00:00,,34.98,,,HUJGB-181225-VGJMJ,,,,,-https://kotort.com/jaw-strap,"[{""name"":""Last Day SALE 60% OFFAirFlow Jaw Strap - Get 1 AirFlow Jaw Strap"",""quantity"":1,""unitAmount"":29.99}]",4.99,29.99,0,WAZ,STRIPE_RECEIPT_CUSTOMER,WAZ,,ZENIROXPAY,
2025-12-18,txn_3SfimfK3ZXYJSkRp0cRtSLqM,charge,ch_3SfimfK3ZXYJSkRp0c9FQdIH,34.98,1.59,33.39,usd,2025-12-18 15:06:00,2025-12-23 00:00:00,,34.98,,,HUJGB-181225-ZDNLM,,,,,-https://kotort.com/jaw-strap,"[{""name"":""Last Day SALE 60% OFFAirFlow Jaw Strap - Get 1 AirFlow Jaw Strap"",""quantity"":1,""unitAmount"":29.99}]",4.99,29.99,0,WAZ,STRIPE_RECEIPT_CUSTOMER,WAZ,,ZENIROXPAY,
2025-12-18,txn_3SfipXK3ZXYJSkRp0vugeGVG,charge,ch_3SfipXK3ZXYJSkRp08YdKBoQ,34.98,1.59,33.39,usd,2025-12-18 15:09:00,2025-12-23 00:00:00,,34.98,,,HUJGB-181225-VVSSL,,,,,-https://kotort.com/jaw-strap,"[{""name"":""Last Day SALE 60% OFFAirFlow Jaw Strap - Get 1 AirFlow Jaw Strap"",""quantity"":1,""unitAmount"":29.99}]",4.99,29.99,0,WAZ,STRIPE_RECEIPT_CUSTOMER,WAZ,,ZENIROXPAY,
2025-12-18,txn_3SfmCYK3ZXYJSkRp083i12hL,charge,ch_3SfmCYK3ZXYJSkRp0SriODAP,34.98,1.59,33.39,usd,2025-12-18 18:45:00,2025-12-23 00:00:00,,34.98,,,HUJGB-181225-YCTPL,,,,,-https://hotdeal.masemb.com/jaw-strap,"[{""name"":""Last Day SALE 60% OFFAirFlow Jaw Strap - Get 1 AirFlow Jaw Strap"",""quantity"":1,""unitAmount"":29.99}]",4.99,29.99,0,WAZ,STRIPE_RECEIPT_CUSTOMER,WAZ,,ZENIROXPAY,
2025-12-18,txn_3SfmKdK3ZXYJSkRp0jwLBqwC,charge,ch_3SfmKdK3ZXYJSkRp05bD3O3Y,34.98,1.59,33.39,usd,2025-12-18 18:53:00,2025-12-23 00:00:00,,34.98,,,HUJGB-181225-8XS91,,,,,-https://hotdeal.masemb.com/jaw-strap,"[{""name"":""Last Day SALE 60% OFFAirFlow Jaw Strap - Get 1 AirFlow Jaw Strap"",""quantity"":1,""unitAmount"":29.99}]",4.99,29.99,0,WAZ,STRIPE_RECEIPT_CUSTOMER,WAZ,,ZENIROXPAY,
2025-12-18,txn_3Sfmu4K3ZXYJSkRp0cVk5hMQ,charge,ch_3Sfmu4K3ZXYJSkRp03YuDSpd,50.98,2.19,48.79,usd,2025-12-18 19:30:00,2025-12-23 00:00:00,,50.98,,,HUJGB-181225-GF2WS,,,,,-https://kotort.com/jaw-strap,"[{""name"":""Last Day SALE 60% OFFAirFlow Jaw Strap - Get 2 AirFlow Jaw Strap SAVE 10% OFF - ONLY DAY"",""quantity"":1,""unitAmount"":45.99}]",4.99,45.99,0,WAZ,STRIPE_RECEIPT_CUSTOMER,WAZ,,ZENIROXPAY,
2025-12-18,txn_3SfmwlK3ZXYJSkRp07CmFBzI,charge,ch_3SfmwlK3ZXYJSkRp0bAJBe8G,34.98,1.59,33.39,usd,2025-12-18 19:33:00,2025-12-23 00:00:00,,34.98,,,HUJGB-181225-0DJFC,,,,,-https://kotort.com/jaw-strap,"[{""name"":""Last Day SALE 60% OFFAirFlow Jaw Strap - Get 1 AirFlow Jaw Strap"",""quantity"":1,""unitAmount"":29.99}]",4.99,29.99,0,WAZ,STRIPE_RECEIPT_CUSTOMER,WAZ,,ZENIROXPAY,
2025-12-18,txn_3Sfn3AK3ZXYJSkRp0fJuNkUC,charge,ch_3Sfn3AK3ZXYJSkRp0vbtwUIV,34.98,1.59,33.39,usd,2025-12-18 19:39:00,2025-12-23 00:00:00,,34.98,,,HUJGB-181225-JJVHA,,,,,-https://hotdeal.masemb.com/jaw-strap,"[{""name"":""Last Day SALE 60% OFFAirFlow Jaw Strap - Get 1 AirFlow Jaw Strap"",""quantity"":1,""unitAmount"":29.99}]",4.99,29.99,0,WAZ,STRIPE_RECEIPT_CUSTOMER,WAZ,,ZENIROXPAY,
2025-12-18,txn_3SfnAKK3ZXYJSkRp164ub4H1,charge,ch_3SfnAKK3ZXYJSkRp1ZwBlSji,34.98,1.59,33.39,usd,2025-12-18 19:47:00,2025-12-23 00:00:00,,34.98,,,HUJGB-181225-MVCM5,,,,,-https://hotdeal.masemb.com/jaw-strap,"[{""name"":""Last Day SALE 60% OFFAirFlow Jaw Strap - Get 1 AirFlow Jaw Strap"",""quantity"":1,""unitAmount"":29.99}]",4.99,29.99,0,WAZ,STRIPE_RECEIPT_CUSTOMER,WAZ,,ZENIROXPAY,
2025-12-18,txn_3SfnadK3ZXYJSkRp1hTSZrLB,charge,ch_3SfnadK3ZXYJSkRp1Tw7mKcB,34.98,1.59,33.39,usd,2025-12-18 20:14:00,2025-12-23 00:00:00,,34.98,,,HUJGB-181225-1HMKM,,,,,-https://hotdeal.masemb.com/jaw-strap,"[{""name"":""Last Day SALE 60% OFFAirFlow Jaw Strap - Get 1 AirFlow Jaw Strap"",""quantity"":1,""unitAmount"":29.99}]",4.99,29.99,0,WAZ,STRIPE_RECEIPT_CUSTOMER,WAZ,,ZENIROXPAY,
2025-12-18,txn_3SfqK1K3ZXYJSkRp0xqMgGNP,charge,ch_3SfqK1K3ZXYJSkRp0mXkWU1w,34.98,1.59,33.39,usd,2025-12-18 23:09:00,2025-12-23 00:00:00,,34.98,,,HUJGB-181225-4ZTC3,,,,,-https://hotdeal.masemb.com/jaw-strap,"[{""name"":""Last Day SALE 60% OFFAirFlow Jaw Strap - Get 1 AirFlow Jaw Strap"",""quantity"":1,""unitAmount"":29.99}]",4.99,29.99,0,WAZ,STRIPE_RECEIPT_CUSTOMER,WAZ,,ZENIROXPAY,
2025-12-18,txn_3SfqsLK3ZXYJSkRp05iohpd2,charge,ch_3SfqsLK3ZXYJSkRp0w9WI47m,34.98,1.59,33.39,usd,2025-12-18 23:44:00,2025-12-23 00:00:00,,34.98,,,HUJGB-181225-XZ4BY,,,,,-https://hotdeal.masemb.com/jaw-strap,"[{""name"":""Last Day SALE 60% OFFAirFlow Jaw Strap - Get 1 AirFlow Jaw Strap"",""quantity"":1,""unitAmount"":29.99}]",4.99,29.99,0,WAZ,STRIPE_RECEIPT_CUSTOMER,WAZ,,ZENIROXPAY,
2025-12-19,txn_3SgCIXK3ZXYJSkRp1DvB1INJ,charge,ch_3SgCIXK3ZXYJSkRp1qaM6etm,50.98,2.19,48.79,usd,2025-12-19 22:37:00,2025-12-24 00:00:00,,50.98,,,HUJGB-191225-VVCCZ,,,,,-https://hotdeal.masemb.com/jaw-strap,"[{""name"":""Last Day SALE 60% OFFAirFlow Jaw Strap - Get 2 AirFlow Jaw Strap SAVE 10% OFF - ONLY DAY"",""quantity"":1,""unitAmount"":45.99}]",4.99,45.99,0,WAZ,STRIPE_RECEIPT_CUSTOMER,WAZ,,ZENIROXPAY,
2025-12-20,txn_3SgCoVK3ZXYJSkRp0ijNeByw,charge,ch_3SgCoVK3ZXYJSkRp0Z4hmQwc,34.98,1.59,33.39,usd,2025-12-19 23:10:00,2025-12-24 00:00:00,,34.98,,,HUJGB-191225-NBL3N,,,,,-https://hotdeal.masemb.com/jaw-strap,"[{""name"":""Last Day SALE 60% OFFAirFlow Jaw Strap - Get 1 AirFlow Jaw Strap"",""quantity"":1,""unitAmount"":29.99}]",4.99,29.99,0,WAZ,STRIPE_RECEIPT_CUSTOMER,WAZ,,ZENIROXPAY,
2025-12-20,txn_3SgDhHK3ZXYJSkRp1MHdnstn,charge,ch_3SgDhHK3ZXYJSkRp1FozvgSk,34.98,1.59,33.39,usd,2025-12-20 00:07:00,2025-12-29 00:00:00,,34.98,,,HUJGB-191225-EJP8I,,,,,-https://hotdeal.masemb.com/jaw-strap,"[{""name"":""Last Day SALE 60% OFFAirFlow Jaw Strap - Get 1 AirFlow Jaw Strap"",""quantity"":1,""unitAmount"":29.99}]",4.99,29.99,0,WAZ,STRIPE_RECEIPT_CUSTOMER,WAZ,,ZENIROXPAY,
2025-12-20,txn_3SgE0qK3ZXYJSkRp1fr7sxoU,charge,ch_3SgE0qK3ZXYJSkRp1WRpLfMg,34.98,1.59,33.39,usd,2025-12-20 00:27:00,2025-12-29 00:00:00,,34.98,,,HUJGB-191225-3CBZJ,,,,,-https://hotdeal.masemb.com/jaw-strap,"[{""name"":""Last Day SALE 60% OFFAirFlow Jaw Strap - Get 1 AirFlow Jaw Strap"",""quantity"":1,""unitAmount"":29.99}]",4.99,29.99,0,WAZ,STRIPE_RECEIPT_CUSTOMER,WAZ,,ZENIROXPAY,
2025-12-20,txn_3SgEdRK3ZXYJSkRp0fnEaWQf,charge,ch_3SgEdRK3ZXYJSkRp0HI3rlA0,34.94,1.59,33.35,usd,2025-12-20 01:07:00,2025-12-29 00:00:00,,34.94,,,IQ1N5-191225-U0E0V,,,,,-https://wrboorsh.com/pocket-anxiety,"[{""name"":""Pocket Anxiety Bookshelf - Brown"",""quantity"":1,""unitAmount"":29.95}]",4.99,29.95,0,FFT HBA,STRIPE_RECEIPT_CUSTOMER,HBA,,ZENIROXPAY,
2025-12-20,txn_3SgFRiK3ZXYJSkRp0YVcEd0W,charge,ch_3SgFRiK3ZXYJSkRp0GHbC61P,34.98,1.59,33.39,usd,2025-12-20 01:59:00,2025-12-29 00:00:00,,34.98,,,HUJGB-191225-SKZ4P,,,,,-https://hotdeal.masemb.com/jaw-strap,"[{""name"":""Last Day SALE 60% OFFAirFlow Jaw Strap - Get 1 AirFlow Jaw Strap"",""quantity"":1,""unitAmount"":29.99}]",4.99,29.99,0,WAZ,STRIPE_RECEIPT_CUSTOMER,WAZ,,ZENIROXPAY,
2025-12-20,txn_3SgHcAK3ZXYJSkRp0pkvn3VR,charge,ch_3SgHcAK3ZXYJSkRp0J1E9hoD,34.98,1.59,33.39,usd,2025-12-20 04:17:00,2025-12-29 00:00:00,,34.98,,,HUJGB-191225-AMUZW,,,,,-https://hotdeal.masemb.com/jaw-strap,"[{""name"":""Last Day SALE 60% OFFAirFlow Jaw Strap - Get 1 AirFlow Jaw Strap"",""quantity"":1,""unitAmount"":29.99}]",4.99,29.99,0,WAZ,STRIPE_RECEIPT_CUSTOMER,WAZ,,ZENIROXPAY,
2025-12-20,txn_3SgKsUK3ZXYJSkRp0I9IXVg1,charge,ch_3SgKsUK3ZXYJSkRp0Ln4PbpB,34.98,1.59,33.39,usd,2025-12-20 07:47:00,2025-12-29 00:00:00,,34.98,,,IQ1N5-191225-QYHWP,,,,,-https://wrboorsh.com/anxieety,"[{""name"":""Anxiety Bookshelf | Shake Away Your Anxiety - Black"",""quantity"":1,""unitAmount"":29.99}]",4.99,29.99,0,FFT HBA,STRIPE_RECEIPT_CUSTOMER,HBA,,ZENIROXPAY,
2025-12-20,txn_3SgS60K3ZXYJSkRp0TPeWgQW,charge,ch_3SgS60K3ZXYJSkRp0MYJ0l2g,50.98,2.19,48.79,usd,2025-12-20 15:29:00,2025-12-29 00:00:00,,50.98,,,HUJGB-201225-2IBUG,,,,,-https://hotdeal.masemb.com/jaw-strap,"[{""name"":""Last Day SALE 60% OFFAirFlow Jaw Strap - Get 2 AirFlow Jaw Strap SAVE 10% OFF - ONLY DAY"",""quantity"":1,""unitAmount"":45.99}]",4.99,45.99,0,WAZ,STRIPE_RECEIPT_CUSTOMER,WAZ,,ZENIROXPAY,
2025-12-20,txn_3SgTJFK3ZXYJSkRp0pYDR4tO,charge,ch_3SgTJFK3ZXYJSkRp0TtJAylQ,34.98,1.59,33.39,usd,2025-12-20 16:47:00,2025-12-29 00:00:00,,34.98,,,HUJGB-201225-KEZ9Y,,,,,-https://hotdeal.masemb.com/jaw-strap,"[{""name"":""Last Day SALE 60% OFFAirFlow Jaw Strap - Get 1 AirFlow Jaw Strap"",""quantity"":1,""unitAmount"":29.99}]",4.99,29.99,0,WAZ,STRIPE_RECEIPT_CUSTOMER,WAZ,,ZENIROXPAY,
2025-12-20,txn_3SgTX8K3ZXYJSkRp0vUISk7W,charge,ch_3SgTX8K3ZXYJSkRp0NKF5WbG,34.98,1.59,33.39,usd,2025-12-20 17:01:00,2025-12-29 00:00:00,,34.98,,,HUJGB-201225-L7UE8,,,,,-https://hotdeal.masemb.com/jaw-strap,"[{""name"":""Last Day SALE 60% OFFAirFlow Jaw Strap - Get 1 AirFlow Jaw Strap"",""quantity"":1,""unitAmount"":29.99}]",4.99,29.99,0,WAZ,STRIPE_RECEIPT_CUSTOMER,WAZ,,ZENIROXPAY,
2025-12-20,txn_3SgTqNK3ZXYJSkRp042Rx2wr,charge,ch_3SgTqNK3ZXYJSkRp0AI49ONp,34.98,1.59,33.39,usd,2025-12-20 17:21:00,2025-12-29 00:00:00,,34.98,,,HUJGB-201225-XFXIS,,,,,-https://hotdeal.masemb.com/jaw-strap,"[{""name"":""Last Day SALE 60% OFFAirFlow Jaw Strap - Get 1 AirFlow Jaw Strap"",""quantity"":1,""unitAmount"":29.99}]",4.99,29.99,0,WAZ,STRIPE_RECEIPT_CUSTOMER,WAZ,,ZENIROXPAY,
2025-12-20,txn_3SgU4MK3ZXYJSkRp0Nx0RcCt,charge,ch_3SgU4MK3ZXYJSkRp0a9IsZ03,34.98,1.59,33.39,usd,2025-12-20 17:35:00,2025-12-29 00:00:00,,34.98,,,HUJGB-201225-DDO2S,,,,,-https://hotdeal.masemb.com/jaw-strap,"[{""name"":""Last Day SALE 60% OFFAirFlow Jaw Strap - Get 1 AirFlow Jaw Strap"",""quantity"":1,""unitAmount"":29.99}]",4.99,29.99,0,WAZ,STRIPE_RECEIPT_CUSTOMER,WAZ,,ZENIROXPAY,
2025-12-21,txn_3SglmmK3ZXYJSkRp1HkJ9wCj,charge,ch_3SglmmK3ZXYJSkRp1Lft3WdL,34.98,1.59,33.39,usd,2025-12-21 12:30:00,2025-12-29 00:00:00,,34.98,,,HUJGB-211225-S628I,,,,,-https://hotdeal.masemb.com/jaw-strap,"[{""name"":""Last Day SALE 60% OFFAirFlow Jaw Strap - Get 1 AirFlow Jaw Strap"",""quantity"":1,""unitAmount"":29.99}]",4.99,29.99,0,WAZ,STRIPE_RECEIPT_CUSTOMER,WAZ,,ZENIROXPAY,
2025-12-21,txn_3SgnmiK3ZXYJSkRp1yEEi1Pa,charge,ch_3SgnmiK3ZXYJSkRp1rq9Y7gg,34.98,1.59,33.39,usd,2025-12-21 14:39:00,2025-12-29 00:00:00,,34.98,,,HUJGB-211225-2B9MF,,,,,-https://hotdeal.masemb.com/jaw-strap,"[{""name"":""Last Day SALE 60% OFFAirFlow Jaw Strap - Get 1 AirFlow Jaw Strap"",""quantity"":1,""unitAmount"":29.99}]",4.99,29.99,0,WAZ,STRIPE_RECEIPT_CUSTOMER,WAZ,,ZENIROXPAY,
2025-12-21,txn_3Sgp7nK3ZXYJSkRp1QpZWR90,charge,ch_3Sgp7nK3ZXYJSkRp1cGMyYay,34.98,1.59,33.39,usd,2025-12-21 16:04:00,2025-12-29 00:00:00,,34.98,,,HUJGB-211225-XDCWL,,,,,-https://hotdeal.masemb.com/jaw-strap,"[{""name"":""Last Day SALE 60% OFFAirFlow Jaw Strap - Get 1 AirFlow Jaw Strap"",""quantity"":1,""unitAmount"":29.99}]",4.99,29.99,0,WAZ,STRIPE_RECEIPT_CUSTOMER,WAZ,,ZENIROXPAY,
2025-12-21,txn_3SgpqtK3ZXYJSkRp1cnavUJr,charge,ch_3SgpqtK3ZXYJSkRp1I6VjpA8,64.97,2.7,62.27,usd,2025-12-21 16:51:00,2025-12-29 00:00:00,,64.97,,,HUJGB-211225-Q4QEK,,,,,-https://hotdeal.masemb.com/jaw-strap,"[{""name"":""Last Day SALE 60% OFFAirFlow Jaw Strap - Get 1 AirFlow Jaw Strap"",""quantity"":2,""unitAmount"":29.99}]",4.99,59.98,0,WAZ,STRIPE_RECEIPT_CUSTOMER,WAZ,,ZENIROXPAY,
2025-12-21,txn_3SgqSeK3ZXYJSkRp1IHngtSy,charge,ch_3SgqSeK3ZXYJSkRp1hYculk8,34.98,1.59,33.39,usd,2025-12-21 17:30:00,2025-12-29 00:00:00,,34.98,,,HUJGB-211225-ZKYZN,,,,,-https://hotdeal.masemb.com/jaw-strap,"[{""name"":""Last Day SALE 60% OFFAirFlow Jaw Strap - Get 1 AirFlow Jaw Strap"",""quantity"":1,""unitAmount"":29.99}]",4.99,29.99,0,WAZ,STRIPE_RECEIPT_CUSTOMER,WAZ,,ZENIROXPAY,
2025-12-21,txn_3Sgs8WK3ZXYJSkRp0sGZXds8,charge,ch_3Sgs8WK3ZXYJSkRp0HOucMVb,34.98,1.59,33.39,usd,2025-12-21 19:17:00,2025-12-29 00:00:00,,34.98,,,HUJGB-211225-RTTDX,,,,,-https://hotdeal.masemb.com/jaw-strap,"[{""name"":""Last Day SALE 60% OFFAirFlow Jaw Strap - Get 1 AirFlow Jaw Strap"",""quantity"":1,""unitAmount"":29.99}]",4.99,29.99,0,WAZ,STRIPE_RECEIPT_CUSTOMER,WAZ,,ZENIROXPAY,
2025-12-21,txn_3SgsJ8K3ZXYJSkRp1QVIzkVd,charge,ch_3SgsJ8K3ZXYJSkRp1cjsaG95,34.98,1.59,33.39,usd,2025-12-21 19:28:00,2025-12-29 00:00:00,,34.98,,,HUJGB-211225-8YNHK,,,,,-https://hotdeal.masemb.com/jaw-strap,"[{""name"":""Last Day SALE 60% OFFAirFlow Jaw Strap - Get 1 AirFlow Jaw Strap"",""quantity"":1,""unitAmount"":29.99}]",4.99,29.99,0,WAZ,STRIPE_RECEIPT_CUSTOMER,WAZ,,ZENIROXPAY,
2025-12-21,txn_3SgsmYK3ZXYJSkRp0Suc2268,charge,ch_3SgsmYK3ZXYJSkRp0yJ6WJdV,34.98,1.59,33.39,usd,2025-12-21 19:59:00,2025-12-29 00:00:00,,34.98,,,HUJGB-211225-ZHFPT,,,,,-https://hotdeal.masemb.com/jaw-strap,"[{""name"":""Last Day SALE 60% OFFAirFlow Jaw Strap - Get 1 AirFlow Jaw Strap"",""quantity"":1,""unitAmount"":29.99}]",4.99,29.99,0,WAZ,STRIPE_RECEIPT_CUSTOMER,WAZ,,ZENIROXPAY,
2025-12-21,txn_3Sgt5jK3ZXYJSkRp1iFF6SJp,charge,ch_3Sgt5jK3ZXYJSkRp1TPllKL0,34.98,1.59,33.39,usd,2025-12-21 20:19:00,2025-12-29 00:00:00,,34.98,,,HUJGB-211225-BBRGY,,,,,-https://hotdeal.masemb.com/jaw-strap,"[{""name"":""Last Day SALE 60% OFFAirFlow Jaw Strap - Get 1 AirFlow Jaw Strap"",""quantity"":1,""unitAmount"":29.99}]",4.99,29.99,0,WAZ,STRIPE_RECEIPT_CUSTOMER,WAZ,,ZENIROXPAY,
2025-12-21,txn_3SgteDK3ZXYJSkRp0Ui0qRAL,charge,ch_3SgteDK3ZXYJSkRp08XvexRP,34.98,1.59,33.39,usd,2025-12-21 20:54:00,2025-12-29 00:00:00,,34.98,,,HUJGB-211225-69NZV,,,,,-https://hotdeal.masemb.com/jaw-strap,"[{""name"":""Last Day SALE 60% OFFAirFlow Jaw Strap - Get 1 AirFlow Jaw Strap"",""quantity"":1,""unitAmount"":29.99}]",4.99,29.99,0,WAZ,STRIPE_RECEIPT_CUSTOMER,WAZ,,ZENIROXPAY,
2025-12-21,txn_3Sguf1K3ZXYJSkRp1I0zHCpS,charge,ch_3Sguf1K3ZXYJSkRp1hAYTsBC,34.98,1.59,33.39,usd,2025-12-21 21:59:00,2025-12-29 00:00:00,,34.98,,,HUJGB-211225-2F1J7,,,,,-https://hotdeal.masemb.com/jaw-strap,"[{""name"":""Last Day SALE 60% OFFAirFlow Jaw Strap - Get 1 AirFlow Jaw Strap"",""quantity"":1,""unitAmount"":29.99}]",4.99,29.99,0,WAZ,STRIPE_RECEIPT_CUSTOMER,WAZ,,ZENIROXPAY,
2025-12-21,txn_3SgvbnK3ZXYJSkRp0Gd6LJYv,charge,ch_3SgvbnK3ZXYJSkRp05Ub3xet,34.98,1.59,33.39,usd,2025-12-21 23:00:00,2025-12-29 00:00:00,,34.98,,,HUJGB-211225-FN5QG,,,,,-https://hotdeal.masemb.com/jaw-strap,"[{""name"":""Last Day SALE 60% OFFAirFlow Jaw Strap - Get 1 AirFlow Jaw Strap"",""quantity"":1,""unitAmount"":29.99}]",4.99,29.99,0,WAZ,STRIPE_RECEIPT_CUSTOMER,WAZ,,ZENIROXPAY,
2025-12-22,txn_3SgwpuK3ZXYJSkRp1Kssyudy,charge,ch_3SgwpuK3ZXYJSkRp1uk5x1mb,50.98,2.19,48.79,usd,2025-12-22 00:18:00,2025-12-29 00:00:00,,50.98,,,HUJGB-211225-H4ZPP,,,,,-https://hotdeal.masemb.com/jaw-strap,"[{""name"":""Last Day SALE 60% OFFAirFlow Jaw Strap - Get 2 AirFlow Jaw Strap SAVE 10% OFF - ONLY DAY"",""quantity"":1,""unitAmount"":45.99}]",4.99,45.99,0,WAZ,STRIPE_RECEIPT_CUSTOMER,WAZ,,ZENIROXPAY,
2025-12-22,txn_3SgxB1K3ZXYJSkRp1MixAT9V,charge,ch_3SgxB1K3ZXYJSkRp1m55YZXa,34.98,1.59,33.39,usd,2025-12-22 00:40:00,2025-12-29 00:00:00,,34.98,,,HUJGB-211225-IIXI6,,,,,-https://hotdeal.masemb.com/jaw-strap,"[{""name"":""Last Day SALE 60% OFFAirFlow Jaw Strap - Get 1 AirFlow Jaw Strap"",""quantity"":1,""unitAmount"":29.99}]",4.99,29.99,0,WAZ,STRIPE_RECEIPT_CUSTOMER,WAZ,,ZENIROXPAY,
2025-12-22,txn_3Sgy4OK3ZXYJSkRp1hCpKgmH,charge,ch_3Sgy4OK3ZXYJSkRp1rZWRTHJ,34.98,1.59,33.39,usd,2025-12-22 01:37:00,2025-12-29 00:00:00,,34.98,,,HUJGB-211225-IW20X,,,,,-https://hotdeal.masemb.com/jaw-strap,"[{""name"":""Last Day SALE 60% OFFAirFlow Jaw Strap - Get 1 AirFlow Jaw Strap"",""quantity"":1,""unitAmount"":29.99}]",4.99,29.99,0,WAZ,STRIPE_RECEIPT_CUSTOMER,WAZ,,ZENIROXPAY,
2025-12-22,txn_3Sgz7sK3ZXYJSkRp0F3ADvUM,charge,ch_3Sgz7sK3ZXYJSkRp05j0CV9b,34.98,1.59,33.39,usd,2025-12-22 02:45:00,2025-12-29 00:00:00,,34.98,,,HUJGB-211225-6YZG8,,,,,-https://hotdeal.masemb.com/jaw-strap,"[{""name"":""Last Day SALE 60% OFFAirFlow Jaw Strap - Get 1 AirFlow Jaw Strap"",""quantity"":1,""unitAmount"":29.99}]",4.99,29.99,0,WAZ,STRIPE_RECEIPT_CUSTOMER,WAZ,,ZENIROXPAY,
2025-12-22,txn_3SgzL2K3ZXYJSkRp0hxtu0GE,charge,ch_3SgzL2K3ZXYJSkRp0O0NFYiT,34.98,1.59,33.39,usd,2025-12-22 02:59:00,2025-12-29 00:00:00,,34.98,,,HUJGB-211225-L8F0F,,,,,-https://hotdeal.masemb.com/jaw-strap,"[{""name"":""Last Day SALE 60% OFFAirFlow Jaw Strap - Get 1 AirFlow Jaw Strap"",""quantity"":1,""unitAmount"":29.99}]",4.99,29.99,0,WAZ,STRIPE_RECEIPT_CUSTOMER,WAZ,,ZENIROXPAY,
2025-12-22,txn_3Sh0HcK3ZXYJSkRp0WLPCpgT,charge,ch_3Sh0HcK3ZXYJSkRp0vaM7hNj,34.98,1.59,33.39,usd,2025-12-22 03:59:00,2025-12-29 00:00:00,,34.98,,,HUJGB-211225-YQ41E,,,,,-https://hotdeal.masemb.com/jaw-strap,"[{""name"":""Last Day SALE 60% OFFAirFlow Jaw Strap - Get 1 AirFlow Jaw Strap"",""quantity"":1,""unitAmount"":29.99}]",4.99,29.99,0,WAZ,STRIPE_RECEIPT_CUSTOMER,WAZ,,ZENIROXPAY,
2025-12-22,txn_3Sh13XK3ZXYJSkRp01TWKW6E,charge,ch_3Sh13XK3ZXYJSkRp0HIqUxkg,124.97,4.92,120.05,usd,2025-12-22 04:49:00,2025-12-29 00:00:00,,124.97,,,HUJGB-211225-NTEJ1,,,,,-https://hotdeal.masemb.com/jaw-strap,"[{""name"":""Last Day SALE 60% OFFAirFlow Jaw Strap - Get 3 AirFlow Jaw Strap SAVE 20% OFF - ONLY DAY"",""quantity"":2,""unitAmount"":59.99}]",4.99,119.98,0,WAZ,STRIPE_RECEIPT_CUSTOMER,WAZ,,ZENIROXPAY,
2025-12-22,txn_3Sh5l2K3ZXYJSkRp0to9JbuL,charge,ch_3Sh5l2K3ZXYJSkRp0wgUcD5G,34.98,1.59,33.39,usd,2025-12-22 09:50:00,2025-12-29 00:00:00,,34.98,,,HUJGB-221225-HESQC,,,,,-https://hotdeal.masemb.com/jaw-strap,"[{""name"":""Last Day SALE 60% OFFAirFlow Jaw Strap - Get 1 AirFlow Jaw Strap"",""quantity"":1,""unitAmount"":29.99}]",4.99,29.99,0,WAZ,STRIPE_RECEIPT_CUSTOMER,WAZ,,ZENIROXPAY,
2025-12-22,txn_3Sh8fJK3ZXYJSkRp0QC4CJZr,charge,ch_3Sh8fJK3ZXYJSkRp03OHfq09,34.98,1.59,33.39,usd,2025-12-22 12:56:00,2025-12-29 00:00:00,,34.98,,,HUJGB-221225-GSYU2,,,,,-https://hotdeal.masemb.com/jaw-strap,"[{""name"":""Last Day SALE 60% OFFAirFlow Jaw Strap - Get 1 AirFlow Jaw Strap"",""quantity"":1,""unitAmount"":29.99}]",4.99,29.99,0,WAZ,STRIPE_RECEIPT_CUSTOMER,WAZ,,ZENIROXPAY,
2025-12-22,txn_3ShAK5K3ZXYJSkRp0c0rVKiF,charge,ch_3ShAK5K3ZXYJSkRp0WJLA0YD,34.98,1.59,33.39,usd,2025-12-22 14:42:00,2025-12-29 00:00:00,,34.98,,,HUJGB-221225-YSGMI,,,,,-https://hotdeal.masemb.com/jaw-strap,"[{""name"":""Last Day SALE 60% OFFAirFlow Jaw Strap - Get 1 AirFlow Jaw Strap"",""quantity"":1,""unitAmount"":29.99}]",4.99,29.99,0,WAZ,STRIPE_RECEIPT_CUSTOMER,WAZ,,ZENIROXPAY,
2025-12-22,txn_3ShF5YK3ZXYJSkRp1axeBVTc,charge,ch_3ShF5YK3ZXYJSkRp1U0LKI73,34.98,1.59,33.39,usd,2025-12-22 19:48:00,2025-12-29 00:00:00,,34.98,,,HUJGB-221225-2BB7U,,,,,-https://kotort.com/jaw-strap,"[{""name"":""Last Day SALE 60% OFFAirFlow Jaw Strap - Get 1 AirFlow Jaw Strap"",""quantity"":1,""unitAmount"":29.99}]",4.99,29.99,0,WAZ,STRIPE_RECEIPT_CUSTOMER,WAZ,,ZENIROXPAY,
2025-12-22,txn_3ShGB4K3ZXYJSkRp11XzBrEi,charge,ch_3ShGB4K3ZXYJSkRp1Fla6wu3,34.98,1.59,33.39,usd,2025-12-22 20:58:00,2025-12-29 00:00:00,,34.98,,,HUJGB-221225-3HU0J,,,,,-https://kotort.com/jaw-strap,"[{""name"":""Last Day SALE 60% OFFAirFlow Jaw Strap - Get 1 AirFlow Jaw Strap"",""quantity"":1,""unitAmount"":29.99}]",4.99,29.99,0,WAZ,STRIPE_RECEIPT_CUSTOMER,WAZ,,ZENIROXPAY,
2025-12-22,txn_3ShGEuK3ZXYJSkRp1LXuJfXS,charge,ch_3ShGEuK3ZXYJSkRp1YfdiZeK,34.98,1.59,33.39,usd,2025-12-22 21:02:00,2025-12-29 00:00:00,,34.98,,,HUJGB-221225-175ZR,,,,,-https://kotort.com/jaw-strap,"[{""name"":""Last Day SALE 60% OFFAirFlow Jaw Strap - Get 1 AirFlow Jaw Strap"",""quantity"":1,""unitAmount"":29.99}]",4.99,29.99,0,WAZ,STRIPE_RECEIPT_CUSTOMER,WAZ,,ZENIROXPAY,
2025-12-22,txn_3ShGeHK3ZXYJSkRp0JDz6c4z,charge,ch_3ShGeHK3ZXYJSkRp0s3w2B20,50.98,2.19,48.79,usd,2025-12-22 21:28:00,2025-12-29 00:00:00,,50.98,,,HUJGB-221225-VV6PE,,,,,-https://kotort.com/jaw-strap,"[{""name"":""Last Day SALE 60% OFFAirFlow Jaw Strap - Get 2 AirFlow Jaw Strap SAVE 10% OFF - ONLY DAY"",""quantity"":1,""unitAmount"":45.99}]",4.99,45.99,0,WAZ,STRIPE_RECEIPT_CUSTOMER,WAZ,,ZENIROXPAY,
2025-12-22,txn_3ShGk1K3ZXYJSkRp0J8MbErt,charge,ch_3ShGk1K3ZXYJSkRp0PXrjqDc,34.98,1.59,33.39,usd,2025-12-22 21:34:00,2025-12-29 00:00:00,,34.98,,,HUJGB-221225-YAZHA,,,,,-https://kotort.com/jaw-strap,"[{""name"":""Last Day SALE 60% OFFAirFlow Jaw Strap - Get 1 AirFlow Jaw Strap"",""quantity"":1,""unitAmount"":29.99}]",4.99,29.99,0,WAZ,STRIPE_RECEIPT_CUSTOMER,WAZ,,ZENIROXPAY,
2025-12-22,txn_3ShGmuK3ZXYJSkRp0LerjFOT,charge,ch_3ShGmuK3ZXYJSkRp0h20mEuy,34.98,1.59,33.39,usd,2025-12-22 21:37:00,2025-12-29 00:00:00,,34.98,,,HUJGB-221225-DMQ76,,,,,-https://kotort.com/jaw-strap,"[{""name"":""Last Day SALE 60% OFFAirFlow Jaw Strap - Get 1 AirFlow Jaw Strap"",""quantity"":1,""unitAmount"":29.99}]",4.99,29.99,0,WAZ,STRIPE_RECEIPT_CUSTOMER,WAZ,,ZENIROXPAY,
2025-12-22,txn_3ShH1EK3ZXYJSkRp0o6EwHup,charge,ch_3ShH1EK3ZXYJSkRp0mOlFQe5,34.98,1.59,33.39,usd,2025-12-22 21:51:00,2025-12-29 00:00:00,,34.98,,,HUJGB-221225-RXD8D,,,,,-https://kotort.com/jaw-strap,"[{""name"":""Last Day SALE 60% OFFAirFlow Jaw Strap - Get 1 AirFlow Jaw Strap"",""quantity"":1,""unitAmount"":29.99}]",4.99,29.99,0,WAZ,STRIPE_RECEIPT_CUSTOMER,WAZ,,ZENIROXPAY,
2025-12-22,txn_3ShH9LK3ZXYJSkRp1whivJUZ,charge,ch_3ShH9LK3ZXYJSkRp1BB1m8fc,34.98,1.59,33.39,usd,2025-12-22 22:00:00,2025-12-29 00:00:00,,34.98,,,HUJGB-221225-HKT3W,,,,,-https://kotort.com/jaw-strap,"[{""name"":""Last Day SALE 60% OFFAirFlow Jaw Strap - Get 1 AirFlow Jaw Strap"",""quantity"":1,""unitAmount"":29.99}]",4.99,29.99,0,WAZ,STRIPE_RECEIPT_CUSTOMER,WAZ,,ZENIROXPAY,
2025-12-22,txn_3ShHPuK3ZXYJSkRp0IpJV7Y9,charge,ch_3ShHPuK3ZXYJSkRp0J1yOGXD,50.98,2.19,48.79,usd,2025-12-22 22:17:00,2025-12-29 00:00:00,,50.98,,,HUJGB-221225-MK1QV,,,,,-https://kotort.com/jaw-strap,"[{""name"":""Last Day SALE 60% OFFAirFlow Jaw Strap - Get 2 AirFlow Jaw Strap SAVE 10% OFF - ONLY DAY"",""quantity"":1,""unitAmount"":45.99}]",4.99,45.99,0,WAZ,STRIPE_RECEIPT_CUSTOMER,WAZ,,ZENIROXPAY,
2025-12-22,txn_3ShHYTK3ZXYJSkRp0nbFYjEa,charge,ch_3ShHYTK3ZXYJSkRp0Nq3KZYI,50.98,2.19,48.79,usd,2025-12-22 22:26:00,2025-12-29 00:00:00,,50.98,,,HUJGB-221225-MQO5A,,,,,-https://kotort.com/jaw-strap,"[{""name"":""Last Day SALE 60% OFFAirFlow Jaw Strap - Get 2 AirFlow Jaw Strap SAVE 10% OFF - ONLY DAY"",""quantity"":1,""unitAmount"":45.99}]",4.99,45.99,0,WAZ,STRIPE_RECEIPT_CUSTOMER,WAZ,,ZENIROXPAY,
2025-12-22,txn_3ShHzAK3ZXYJSkRp10ufsJLW,charge,ch_3ShHzAK3ZXYJSkRp1VlV2Xlu,34.98,1.59,33.39,usd,2025-12-22 22:53:00,2025-12-29 00:00:00,,34.98,,,HUJGB-221225-7ZP4E,,,,,-https://hotdeal.masemb.com/jaw-strap,"[{""name"":""Last Day SALE 60% OFFAirFlow Jaw Strap - Get 1 AirFlow Jaw Strap"",""quantity"":1,""unitAmount"":29.99}]",4.99,29.99,0,WAZ,STRIPE_RECEIPT_CUSTOMER,WAZ,,ZENIROXPAY,
2025-12-22,txn_3ShI4NK3ZXYJSkRp1VXuw3TG,charge,ch_3ShI4NK3ZXYJSkRp1AjJVYqI,34.98,1.59,33.39,usd,2025-12-22 22:59:00,2025-12-29 00:00:00,,34.98,,,HUJGB-221225-UPEUX,,,,,-https://kotort.com/jaw-strap,"[{""name"":""Last Day SALE 60% OFFAirFlow Jaw Strap - Get 1 AirFlow Jaw Strap"",""quantity"":1,""unitAmount"":29.99}]",4.99,29.99,0,WAZ,STRIPE_RECEIPT_CUSTOMER,WAZ,,ZENIROXPAY,
2025-12-22,txn_3ShI80K3ZXYJSkRp1gXq9a1S,charge,ch_3ShI80K3ZXYJSkRp1UKxyP2H,34.98,1.59,33.39,usd,2025-12-22 23:03:00,2025-12-29 00:00:00,,34.98,,,HUJGB-221225-2DEK9,,,,,-https://kotort.com/jaw-strap,"[{""name"":""Last Day SALE 60% OFFAirFlow Jaw Strap - Get 1 AirFlow Jaw Strap"",""quantity"":1,""unitAmount"":29.99}]",4.99,29.99,0,WAZ,STRIPE_RECEIPT_CUSTOMER,WAZ,,ZENIROXPAY,
2025-12-22,txn_3ShIaSK3ZXYJSkRp1FhqLO8W,charge,ch_3ShIaSK3ZXYJSkRp1fjQbwPg,34.98,1.59,33.39,usd,2025-12-22 23:32:00,2025-12-29 00:00:00,,34.98,,,HUJGB-221225-DUSUU,,,,,-https://kotort.com/jaw-strap,"[{""name"":""Last Day SALE 60% OFFAirFlow Jaw Strap - Get 1 AirFlow Jaw Strap"",""quantity"":1,""unitAmount"":29.99}]",4.99,29.99,0,WAZ,STRIPE_RECEIPT_CUSTOMER,WAZ,,ZENIROXPAY,
2025-12-22,txn_3ShIbNK3ZXYJSkRp18rFIWxP,charge,ch_3ShIbNK3ZXYJSkRp17nRDKiB,34.98,1.59,33.39,usd,2025-12-22 23:33:00,2025-12-29 00:00:00,,34.98,,,HUJGB-221225-ISETP,,,,,-https://hotdeal.masemb.com/jaw-strap,"[{""name"":""Last Day SALE 60% OFFAirFlow Jaw Strap - Get 1 AirFlow Jaw Strap"",""quantity"":1,""unitAmount"":29.99}]",4.99,29.99,0,WAZ,STRIPE_RECEIPT_CUSTOMER,WAZ,,ZENIROXPAY,
2025-12-22,txn_3ShItBK3ZXYJSkRp1sJKllex,charge,ch_3ShItBK3ZXYJSkRp1rtDT0kH,34.98,1.59,33.39,usd,2025-12-22 23:51:00,2025-12-29 00:00:00,,34.98,,,HUJGB-221225-MD9C6,,,,,-https://kotort.com/jaw-strap,"[{""name"":""Last Day SALE 60% OFFAirFlow Jaw Strap - Get 1 AirFlow Jaw Strap"",""quantity"":1,""unitAmount"":29.99}]",4.99,29.99,0,WAZ,STRIPE_RECEIPT_CUSTOMER,WAZ,,ZENIROXPAY,
2025-12-23,txn_3ShJ1kK3ZXYJSkRp02m7n4vZ,charge,ch_3ShJ1kK3ZXYJSkRp08mdvcji,34.98,1.59,33.39,usd,2025-12-23 00:00:00,2025-12-30 00:00:00,,34.98,,,HUJGB-221225-12EKO,,,,,-https://kotort.com/jaw-strap,"[{""name"":""Last Day SALE 60% OFFAirFlow Jaw Strap - Get 1 AirFlow Jaw Strap"",""quantity"":1,""unitAmount"":29.99}]",4.99,29.99,0,WAZ,STRIPE_RECEIPT_CUSTOMER,WAZ,,ZENIROXPAY,
2025-12-23,txn_3ShJ2TK3ZXYJSkRp0RdvMyQy,charge,ch_3ShJ2TK3ZXYJSkRp0EQrtPJT,34.98,1.59,33.39,usd,2025-12-23 00:01:00,2025-12-30 00:00:00,,34.98,,,HUJGB-221225-TRHJW,,,,,-https://kotort.com/jaw-strap,"[{""name"":""Last Day SALE 60% OFFAirFlow Jaw Strap - Get 1 AirFlow Jaw Strap"",""quantity"":1,""unitAmount"":29.99}]",4.99,29.99,0,WAZ,STRIPE_RECEIPT_CUSTOMER,WAZ,,ZENIROXPAY,
2025-12-23,txn_3ShJ5oK3ZXYJSkRp1iF7TvGA,charge,ch_3ShJ5oK3ZXYJSkRp1RifnIpH,34.98,1.59,33.39,usd,2025-12-23 00:04:00,2025-12-30 00:00:00,,34.98,,,HUJGB-221225-8R9WL,,,,,-https://kotort.com/jaw-strap,"[{""name"":""Last Day SALE 60% OFFAirFlow Jaw Strap - Get 1 AirFlow Jaw Strap"",""quantity"":1,""unitAmount"":29.99}]",4.99,29.99,0,WAZ,STRIPE_RECEIPT_CUSTOMER,WAZ,,ZENIROXPAY,
2025-12-23,txn_3ShJCFK3ZXYJSkRp0knDZFOc,charge,ch_3ShJCFK3ZXYJSkRp0FT26Gec,34.98,1.59,33.39,usd,2025-12-23 00:11:00,2025-12-30 00:00:00,,34.98,,,HUJGB-221225-QTG4J,,,,,-https://kotort.com/jaw-strap,"[{""name"":""Last Day SALE 60% OFFAirFlow Jaw Strap - Get 1 AirFlow Jaw Strap"",""quantity"":1,""unitAmount"":29.99}]",4.99,29.99,0,WAZ,STRIPE_RECEIPT_CUSTOMER,WAZ,,ZENIROXPAY,
2025-12-23,txn_3ShJZHK3ZXYJSkRp1EIKmnNw,charge,ch_3ShJZHK3ZXYJSkRp1Rgtx1M9,34.98,1.59,33.39,usd,2025-12-23 00:35:00,2025-12-30 00:00:00,,34.98,,,HUJGB-221225-QD3KR,,,,,-https://kotort.com/jaw-strap,"[{""name"":""Last Day SALE 60% OFFAirFlow Jaw Strap - Get 1 AirFlow Jaw Strap"",""quantity"":1,""unitAmount"":29.99}]",4.99,29.99,0,WAZ,STRIPE_RECEIPT_CUSTOMER,WAZ,,ZENIROXPAY,
2025-12-23,txn_3ShJjXK3ZXYJSkRp15ts076u,charge,ch_3ShJjXK3ZXYJSkRp1uSQp2Vs,34.98,1.59,33.39,usd,2025-12-23 00:45:00,2025-12-30 00:00:00,,34.98,,,HUJGB-221225-QJPOP,,,,,-https://kotort.com/jaw-strap,"[{""name"":""Last Day SALE 60% OFFAirFlow Jaw Strap - Get 1 AirFlow Jaw Strap"",""quantity"":1,""unitAmount"":29.99}]",4.99,29.99,0,WAZ,STRIPE_RECEIPT_CUSTOMER,WAZ,,ZENIROXPAY,
2025-12-23,txn_3ShKAeK3ZXYJSkRp0mkiYdhK,charge,ch_3ShKAeK3ZXYJSkRp0FAvtWmV,34.98,1.59,33.39,usd,2025-12-23 01:13:00,2025-12-30 00:00:00,,34.98,,,HUJGB-221225-9AJFU,,,,,-https://kotort.com/jaw-strap,"[{""name"":""Last Day SALE 60% OFFAirFlow Jaw Strap - Get 1 AirFlow Jaw Strap"",""quantity"":1,""unitAmount"":29.99}]",4.99,29.99,0,WAZ,STRIPE_RECEIPT_CUSTOMER,WAZ,,ZENIROXPAY,
2025-12-23,txn_3ShKDyK3ZXYJSkRp1qWQUWp7,charge,ch_3ShKDyK3ZXYJSkRp1Dh8hFdG,64.98,2.7,62.28,usd,2025-12-23 01:17:00,2025-12-30 00:00:00,,64.98,,,HUJGB-221225-ZZXZL,,,,,-https://kotort.com/jaw-strap,"[{""name"":""Last Day SALE 60% OFFAirFlow Jaw Strap - Get 3 AirFlow Jaw Strap SAVE 20% OFF - ONLY DAY"",""quantity"":1,""unitAmount"":59.99}]",4.99,59.99,0,WAZ,STRIPE_RECEIPT_CUSTOMER,WAZ,,ZENIROXPAY,
2025-12-23,txn_3ShKLPK3ZXYJSkRp17GnhPFL,charge,ch_3ShKLPK3ZXYJSkRp1W5jiHMv,34.98,1.59,33.39,usd,2025-12-23 01:25:00,2025-12-30 00:00:00,,34.98,,,HUJGB-221225-C5HQR,,,,,-https://kotort.com/jaw-strap,"[{""name"":""Last Day SALE 60% OFFAirFlow Jaw Strap - Get 1 AirFlow Jaw Strap"",""quantity"":1,""unitAmount"":29.99}]",4.99,29.99,0,WAZ,STRIPE_RECEIPT_CUSTOMER,WAZ,,ZENIROXPAY,
2025-12-23,txn_3ShKklK3ZXYJSkRp1ms4yHk9,charge,ch_3ShKklK3ZXYJSkRp1TChDV90,34.98,1.59,33.39,usd,2025-12-23 01:51:00,2025-12-30 00:00:00,,34.98,,,HUJGB-221225-XURZX,,,,,-https://kotort.com/jaw-strap,"[{""name"":""Last Day SALE 60% OFFAirFlow Jaw Strap - Get 1 AirFlow Jaw Strap"",""quantity"":1,""unitAmount"":29.99}]",4.99,29.99,0,WAZ,STRIPE_RECEIPT_CUSTOMER,WAZ,,ZENIROXPAY,
2025-12-23,txn_3ShL2tK3ZXYJSkRp1mI24viO,charge,ch_3ShL2tK3ZXYJSkRp1OmElqcd,34.98,1.59,33.39,usd,2025-12-23 02:09:00,2025-12-30 00:00:00,,34.98,,,HUJGB-221225-QBANT,,,,,-https://kotort.com/jaw-strap,"[{""name"":""Last Day SALE 60% OFFAirFlow Jaw Strap - Get 1 AirFlow Jaw Strap"",""quantity"":1,""unitAmount"":29.99}]",4.99,29.99,0,WAZ,STRIPE_RECEIPT_CUSTOMER,WAZ,,ZENIROXPAY,
2025-12-23,txn_3ShLIPK3ZXYJSkRp00BDEUfV,charge,ch_3ShLIPK3ZXYJSkRp0zPnO60U,64.98,2.7,62.28,usd,2025-12-23 02:25:00,2025-12-30 00:00:00,,64.98,,,HUJGB-221225-5FXCF,,,,,-https://kotort.com/jaw-strap,"[{""name"":""Last Day SALE 60% OFFAirFlow Jaw Strap - Get 3 AirFlow Jaw Strap SAVE 20% OFF - ONLY DAY"",""quantity"":1,""unitAmount"":59.99}]",4.99,59.99,0,WAZ,STRIPE_RECEIPT_CUSTOMER,WAZ,,ZENIROXPAY,
2025-12-23,txn_3ShLbAK3ZXYJSkRp0ETNQHDW,charge,ch_3ShLbAK3ZXYJSkRp0w54RTIW,34.98,1.59,33.39,usd,2025-12-23 02:45:00,2025-12-30 00:00:00,,34.98,,,HUJGB-221225-G01PT,,,,,-https://kotort.com/jaw-strap,"[{""name"":""Last Day SALE 60% OFFAirFlow Jaw Strap - Get 1 AirFlow Jaw Strap"",""quantity"":1,""unitAmount"":29.99}]",4.99,29.99,0,WAZ,STRIPE_RECEIPT_CUSTOMER,WAZ,,ZENIROXPAY,
2025-12-23,txn_3ShLeqK3ZXYJSkRp1U99BvFx,charge,ch_3ShLeqK3ZXYJSkRp1HiWDmEF,34.98,1.59,33.39,usd,2025-12-23 02:49:00,2025-12-30 00:00:00,,34.98,,,HUJGB-221225-R5PNJ,,,,,-https://kotort.com/jaw-strap,"[{""name"":""Last Day SALE 60% OFFAirFlow Jaw Strap - Get 1 AirFlow Jaw Strap"",""quantity"":1,""unitAmount"":29.99}]",4.99,29.99,0,WAZ,STRIPE_RECEIPT_CUSTOMER,WAZ,,ZENIROXPAY,
2025-12-23,txn_3ShM5HK3ZXYJSkRp06CPYFp8,charge,ch_3ShM5HK3ZXYJSkRp0kqdkVdo,34.98,1.59,33.39,usd,2025-12-23 03:16:00,2025-12-30 00:00:00,,34.98,,,HUJGB-221225-KQJCB,,,,,-https://kotort.com/jaw-strap,"[{""name"":""Last Day SALE 60% OFFAirFlow Jaw Strap - Get 1 AirFlow Jaw Strap"",""quantity"":1,""unitAmount"":29.99}]",4.99,29.99,0,WAZ,STRIPE_RECEIPT_CUSTOMER,WAZ,,ZENIROXPAY,
2025-12-23,txn_3ShM7pK3ZXYJSkRp19WhasFP,charge,ch_3ShM7pK3ZXYJSkRp1qju0qYQ,34.98,1.59,33.39,usd,2025-12-23 03:19:00,2025-12-30 00:00:00,,34.98,,,HUJGB-221225-0JVNV,,,,,-https://kotort.com/jaw-strap,"[{""name"":""Last Day SALE 60% OFFAirFlow Jaw Strap - Get 1 AirFlow Jaw Strap"",""quantity"":1,""unitAmount"":29.99}]",4.99,29.99,0,WAZ,STRIPE_RECEIPT_CUSTOMER,WAZ,,ZENIROXPAY,
2025-12-23,txn_3ShMGTK3ZXYJSkRp0Ty9IJlO,charge,ch_3ShMGTK3ZXYJSkRp01OvenUg,34.98,1.59,33.39,usd,2025-12-23 03:28:00,2025-12-30 00:00:00,,34.98,,,HUJGB-221225-FW952,,,,,-https://kotort.com/jaw-strap,"[{""name"":""Last Day SALE 60% OFFAirFlow Jaw Strap - Get 1 AirFlow Jaw Strap"",""quantity"":1,""unitAmount"":29.99}]",4.99,29.99,0,WAZ,STRIPE_RECEIPT_CUSTOMER,WAZ,,ZENIROXPAY,
2025-12-23,txn_3ShMbSK3ZXYJSkRp0QZLIbtt,charge,ch_3ShMbSK3ZXYJSkRp0HInPIq9,34.98,1.59,33.39,usd,2025-12-23 03:49:00,2025-12-30 00:00:00,,34.98,,,HUJGB-221225-Z0P74,,,,,-https://kotort.com/jaw-strap,"[{""name"":""Last Day SALE 60% OFFAirFlow Jaw Strap - Get 1 AirFlow Jaw Strap"",""quantity"":1,""unitAmount"":29.99}]",4.99,29.99,0,WAZ,STRIPE_RECEIPT_CUSTOMER,WAZ,,ZENIROXPAY,
2025-12-23,txn_3ShZDaK3ZXYJSkRp1h1uBD5r,charge,ch_3ShZDaK3ZXYJSkRp1N2l9vrm,34.98,1.59,33.39,usd,2025-12-23 17:17:00,2025-12-30 00:00:00,,34.98,,,HUJGB-231225-RRHAD,,,,,-https://kotort.com/jaw-strap,"[{""name"":""Last Day SALE 60% OFFAirFlow Jaw Strap - Get 1 AirFlow Jaw Strap"",""quantity"":1,""unitAmount"":29.99}]",4.99,29.99,0,WAZ,STRIPE_RECEIPT_CUSTOMER,WAZ,,ZENIROXPAY,
2025-12-23,txn_3ShZg8K3ZXYJSkRp06Y0nl24,charge,ch_3ShZg8K3ZXYJSkRp0ncxV9Zy,34.98,1.59,33.39,usd,2025-12-23 17:47:00,2025-12-30 00:00:00,,34.98,,,HUJGB-231225-80X8B,,,,,-https://kotort.com/jaw-strap,"[{""name"":""Last Day SALE 60% OFFAirFlow Jaw Strap - Get 1 AirFlow Jaw Strap"",""quantity"":1,""unitAmount"":29.99}]",4.99,29.99,0,WAZ,STRIPE_RECEIPT_CUSTOMER,WAZ,,ZENIROXPAY,
2025-12-23,txn_3Sha3HK3ZXYJSkRp06ncXDkh,charge,ch_3Sha3HK3ZXYJSkRp0YGmCSrq,34.98,1.59,33.39,usd,2025-12-23 18:11:00,2025-12-30 00:00:00,,34.98,,,HUJGB-231225-UWNQG,,,,,-https://kotort.com/jaw-strap,"[{""name"":""Last Day SALE 60% OFFAirFlow Jaw Strap - Get 1 AirFlow Jaw Strap"",""quantity"":1,""unitAmount"":29.99}]",4.99,29.99,0,WAZ,STRIPE_RECEIPT_CUSTOMER,WAZ,,ZENIROXPAY,
2025-12-23,txn_3ShaExK3ZXYJSkRp0GkFO6Sc,charge,ch_3ShaExK3ZXYJSkRp0CY0AfgT,34.98,1.59,33.39,usd,2025-12-23 18:23:00,2025-12-30 00:00:00,,34.98,,,HUJGB-231225-5SZZD,,,,,-https://kotort.com/jaw-strap,"[{""name"":""Last Day SALE 60% OFFAirFlow Jaw Strap - Get 1 AirFlow Jaw Strap"",""quantity"":1,""unitAmount"":29.99}]",4.99,29.99,0,WAZ,STRIPE_RECEIPT_CUSTOMER,WAZ,,ZENIROXPAY,
2025-12-23,txn_3ShabeK3ZXYJSkRp1WLstzwP,charge,ch_3ShabeK3ZXYJSkRp1XdVSZEs,34.98,1.59,33.39,usd,2025-12-23 18:46:00,2025-12-30 00:00:00,,34.98,,,HUJGB-231225-ZRJRP,,,,,-https://kotort.com/jaw-strap,"[{""name"":""Last Day SALE 60% OFFAirFlow Jaw Strap - Get 1 AirFlow Jaw Strap"",""quantity"":1,""unitAmount"":29.99}]",4.99,29.99,0,WAZ,STRIPE_RECEIPT_CUSTOMER,WAZ,,ZENIROXPAY,
2025-12-23,txn_3ShaleK3ZXYJSkRp1B2KRnbc,charge,ch_3ShaleK3ZXYJSkRp1VAASskS,34.98,1.59,33.39,usd,2025-12-23 18:57:00,2025-12-30 00:00:00,,34.98,,,HUJGB-231225-NJE2N,,,,,-https://kotort.com/jaw-strap,"[{""name"":""Last Day SALE 60% OFFAirFlow Jaw Strap - Get 1 AirFlow Jaw Strap"",""quantity"":1,""unitAmount"":29.99}]",4.99,29.99,0,WAZ,STRIPE_RECEIPT_CUSTOMER,WAZ,,ZENIROXPAY,
2025-12-23,txn_3ShaoSK3ZXYJSkRp0qUdMM3z,charge,ch_3ShaoSK3ZXYJSkRp0jKV8ls5,50.98,2.19,48.79,usd,2025-12-23 19:00:00,2025-12-30 00:00:00,,50.98,,,HUJGB-231225-UISQV,,,,,-https://kotort.com/jaw-strap,"[{""name"":""Last Day SALE 60% OFFAirFlow Jaw Strap - Get 2 AirFlow Jaw Strap SAVE 10% OFF - ONLY DAY"",""quantity"":1,""unitAmount"":45.99}]",4.99,45.99,0,WAZ,STRIPE_RECEIPT_CUSTOMER,WAZ,,ZENIROXPAY,
2025-12-23,txn_3ShasHK3ZXYJSkRp0GVTvKrz,charge,ch_3ShasHK3ZXYJSkRp0H5tq4E3,34.98,1.59,33.39,usd,2025-12-23 19:04:00,2025-12-30 00:00:00,,34.98,,,HUJGB-231225-ZF7RQ,,,,,-https://kotort.com/jaw-strap,"[{""name"":""Last Day SALE 60% OFFAirFlow Jaw Strap - Get 1 AirFlow Jaw Strap"",""quantity"":1,""unitAmount"":29.99}]",4.99,29.99,0,WAZ,STRIPE_RECEIPT_CUSTOMER,WAZ,,ZENIROXPAY,
2025-12-23,txn_3ShbOqK3ZXYJSkRp1JAW8XiJ,charge,ch_3ShbOqK3ZXYJSkRp1PZs8aiR,34.98,1.59,33.39,usd,2025-12-23 19:37:00,2025-12-30 00:00:00,,34.98,,,HUJGB-231225-H6ZGC,,,,,-https://kotort.com/jaw-strap,"[{""name"":""Last Day SALE 60% OFFAirFlow Jaw Strap - Get 1 AirFlow Jaw Strap"",""quantity"":1,""unitAmount"":29.99}]",4.99,29.99,0,WAZ,STRIPE_RECEIPT_CUSTOMER,WAZ,,ZENIROXPAY,
2025-12-23,txn_3ShbQQK3ZXYJSkRp0SJwIjiJ,charge,ch_3ShbQQK3ZXYJSkRp0IVRDie4,34.98,1.59,33.39,usd,2025-12-23 19:39:00,2025-12-30 00:00:00,,34.98,,,HUJGB-231225-10FMM,,,,,-https://kotort.com/jaw-strap,"[{""name"":""Last Day SALE 60% OFFAirFlow Jaw Strap - Get 1 AirFlow Jaw Strap"",""quantity"":1,""unitAmount"":29.99}]",4.99,29.99,0,WAZ,STRIPE_RECEIPT_CUSTOMER,WAZ,,ZENIROXPAY,
2025-12-23,txn_3ShbbJK3ZXYJSkRp0t5MFfZ2,charge,ch_3ShbbJK3ZXYJSkRp0aAe3Tf1,34.98,1.59,33.39,usd,2025-12-23 19:50:00,2025-12-30 00:00:00,,34.98,,,HUJGB-231225-O5OAV,,,,,-https://kotort.com/jaw-strap,"[{""name"":""Last Day SALE 60% OFFAirFlow Jaw Strap - Get 1 AirFlow Jaw Strap"",""quantity"":1,""unitAmount"":29.99}]",4.99,29.99,0,WAZ,STRIPE_RECEIPT_CUSTOMER,WAZ,,ZENIROXPAY,
2025-12-23,txn_3ShbbjK3ZXYJSkRp1p58NImq,charge,ch_3ShbbjK3ZXYJSkRp1IX4ZqeK,96.97,3.89,93.08,usd,2025-12-23 19:51:00,2025-12-30 00:00:00,,96.97,,,HUJGB-231225-RZLBJ,,,,,-https://kotort.com/jaw-strap,"[{""name"":""Last Day SALE 60% OFFAirFlow Jaw Strap - Get 2 AirFlow Jaw Strap SAVE 10% OFF - ONLY DAY"",""quantity"":2,""unitAmount"":45.99}]",4.99,91.98,0,WAZ,STRIPE_RECEIPT_CUSTOMER,WAZ,,ZENIROXPAY,
2025-12-23,txn_3ShbgGK3ZXYJSkRp1p6wCRaV,charge,ch_3ShbgGK3ZXYJSkRp1EneLEia,34.98,1.59,33.39,usd,2025-12-23 19:55:00,2025-12-30 00:00:00,,34.98,,,HUJGB-231225-7BMN5,,,,,-https://kotort.com/jaw-strap,"[{""name"":""Last Day SALE 60% OFFAirFlow Jaw Strap - Get 1 AirFlow Jaw Strap"",""quantity"":1,""unitAmount"":29.99}]",4.99,29.99,0,WAZ,STRIPE_RECEIPT_CUSTOMER,WAZ,,ZENIROXPAY,
2025-12-23,txn_3ShbqQK3ZXYJSkRp1ide2iru,charge,ch_3ShbqQK3ZXYJSkRp1Nma0Xat,34.98,1.59,33.39,usd,2025-12-23 20:06:00,2025-12-30 00:00:00,,34.98,,,HUJGB-231225-92YJC,,,,,-https://kotort.com/jaw-strap,"[{""name"":""Last Day SALE 60% OFFAirFlow Jaw Strap - Get 1 AirFlow Jaw Strap"",""quantity"":1,""unitAmount"":29.99}]",4.99,29.99,0,WAZ,STRIPE_RECEIPT_CUSTOMER,WAZ,,ZENIROXPAY,
2025-12-23,txn_3ShbuYK3ZXYJSkRp0Ll6HB6R,charge,ch_3ShbuYK3ZXYJSkRp0geWEm1M,34.98,1.59,33.39,usd,2025-12-23 20:10:00,2025-12-30 00:00:00,,34.98,,,HUJGB-231225-5EGUG,,,,,-https://kotort.com/jaw-strap,"[{""name"":""Last Day SALE 60% OFFAirFlow Jaw Strap - Get 1 AirFlow Jaw Strap"",""quantity"":1,""unitAmount"":29.99}]",4.99,29.99,0,WAZ,STRIPE_RECEIPT_CUSTOMER,WAZ,,ZENIROXPAY,
2025-12-24,txn_3Shfo2K3ZXYJSkRp1KgamrrP,charge,ch_3Shfo2K3ZXYJSkRp186RlTSL,34.98,1.59,33.39,usd,2025-12-24 00:19:00,2025-12-31 00:00:00,,34.98,,,HUJGB-231225-MF7AN,,,,,-https://kotort.com/jaw-strap,"[{""name"":""Last Day SALE 60% OFFAirFlow Jaw Strap - Get 1 AirFlow Jaw Strap"",""quantity"":1,""unitAmount"":29.99}]",4.99,29.99,0,WAZ,STRIPE_RECEIPT_CUSTOMER,WAZ,,ZENIROXPAY,
2025-12-24,txn_3ShgH5K3ZXYJSkRp1jc5YiHk,charge,ch_3ShgH5K3ZXYJSkRp14ZSv4ux,34.98,1.59,33.39,usd,2025-12-24 00:50:00,2025-12-31 00:00:00,,34.98,,,HUJGB-231225-5J8U9,,,,,-https://kotort.com/jaw-strap,"[{""name"":""Last Day SALE 60% OFFAirFlow Jaw Strap - Get 1 AirFlow Jaw Strap"",""quantity"":1,""unitAmount"":29.99}]",4.99,29.99,0,WAZ,STRIPE_RECEIPT_CUSTOMER,WAZ,,ZENIROXPAY,
2025-12-24,txn_1ShgvZK3ZXYJSkRpwi1bkmHM,adjustment,du_1ShgvKK3ZXYJSkRpTasQGPB6,-46.94,15,-61.94,usd,2025-12-24 01:31:00,2025-12-24 01:31:00,,,,,,,,,,,,,,,,STRIPE_ADJUSTMENT,,,ZENIROXPAY,
2025-12-24,txn_3ShoWsK3ZXYJSkRp0jxsGwfJ,charge,ch_3ShoWsK3ZXYJSkRp0IY91WUX,34.98,1.59,33.39,usd,2025-12-24 09:38:00,2025-12-31 00:00:00,,34.98,,,HUJGB-241225-51XVK,,,,,-https://kotort.com/jaw-strap,"[{""name"":""Last Day SALE 60% OFFAirFlow Jaw Strap - Get 1 AirFlow Jaw Strap"",""quantity"":1,""unitAmount"":29.99}]",4.99,29.99,0,WAZ,STRIPE_RECEIPT_CUSTOMER,WAZ,,ZENIROXPAY,
2025-12-24,txn_3Shw9SK3ZXYJSkRp08ruYYae,charge,ch_3Shw9SK3ZXYJSkRp0DfRcZvq,50.98,2.19,48.79,usd,2025-12-24 17:47:00,2025-12-31 00:00:00,,50.98,,,HUJGB-241225-CZQGF,,,,,-https://kotort.com/jaw-strap,"[{""name"":""Last Day SALE 60% OFFAirFlow Jaw Strap - Get 2 AirFlow Jaw Strap SAVE 10% OFF - ONLY DAY"",""quantity"":1,""unitAmount"":45.99}]",4.99,45.99,0,WAZ,STRIPE_RECEIPT_CUSTOMER,WAZ,,ZENIROXPAY,
2025-12-26,txn_3SiQOvK3ZXYJSkRp1Gr8BBeu,charge,ch_3SiQOvK3ZXYJSkRp1ODICU0c,34.98,1.59,33.39,usd,2025-12-26 02:05:00,2026-01-02 00:00:00,,34.98,,,IQ1N5-251225-S8IYW,,,,,-https://wrboorsh.com/anxiety-bookshelf,"[{""name"":""Anxiety Bookshelf | Shake Away Your Anxiety - Brown"",""quantity"":1,""unitAmount"":29.99}]",4.99,29.99,0,FFT HBA,STRIPE_RECEIPT_CUSTOMER,HBA,,ZENIROXPAY,
2025-12-26,txn_3ShGk1K3ZXYJSkRp0B6xFjc8,refund,ch_3ShGk1K3ZXYJSkRp0PXrjqDc,-34.98,0,-34.98,usd,2025-12-26 06:32:00,2025-12-29 00:00:00,Customer request - cancel,34.98,true,Customer request - cancel,HUJGB-221225-YAZHA,,,,,,,,,,,STRIPE_REFUND,,,ZENIROXPAY,
2025-12-26,txn_3Sie6EK3ZXYJSkRp0pznbz6a,charge,ch_3Sie6EK3ZXYJSkRp0nV3X9ti,50.98,2.19,48.79,usd,2025-12-26 16:42:00,2026-01-02 00:00:00,,50.98,,,HUJGB-261225-9N663,,,,,-https://kotort.com/jaw-strap,"[{""name"":""Last Day SALE 60% OFFAirFlow Jaw Strap - Get 2 AirFlow Jaw Strap SAVE 10% OFF - ONLY DAY"",""quantity"":1,""unitAmount"":45.99}]",4.99,45.99,0,WAZ,STRIPE_RECEIPT_CUSTOMER,WAZ,,ZENIROXPAY,
2025-12-26,txn_3Sif2cK3ZXYJSkRp1jGcXTDl,charge,ch_3Sif2cK3ZXYJSkRp1yVPTk9L,34.98,1.59,33.39,usd,2025-12-26 17:43:00,2026-01-02 00:00:00,,34.98,,,HUJGB-261225-FQSPF,,,,,-https://kotort.com/jaw-strap,"[{""name"":""Last Day SALE 60% OFFAirFlow Jaw Strap - Get 1 AirFlow Jaw Strap"",""quantity"":1,""unitAmount"":29.99}]",4.99,29.99,0,WAZ,STRIPE_RECEIPT_CUSTOMER,WAZ,,ZENIROXPAY,
2025-12-26,txn_3SigRkK3ZXYJSkRp0mNoDc0c,charge,ch_3SigRkK3ZXYJSkRp0kSVns3N,34.98,1.59,33.39,usd,2025-12-26 19:13:00,2026-01-02 00:00:00,,34.98,,,IQ1N5-261225-AJLRW,,,,,-https://wrboorsh.com/anxieety,"[{""name"":""Anxiety Bookshelf | Shake Away Your Anxiety - Purple"",""quantity"":1,""unitAmount"":29.99}]",4.99,29.99,0,FFT HBA,STRIPE_RECEIPT_CUSTOMER,HBA,,ZENIROXPAY,
2025-12-26,txn_3SigdNK3ZXYJSkRp15EDodWC,charge,ch_3SigdNK3ZXYJSkRp18hP15Rf,44.94,1.96,42.98,usd,2025-12-26 19:25:00,2026-01-02 00:00:00,,44.94,,,IQ1N5-261225-JT49X,,,,,-https://wrboorsh.com/cartmini,"[{""name"":""Mini Book Cart&Mini Books - Pink/120 Minibooks"",""quantity"":1,""unitAmount"":39.95}]",4.99,39.95,0,FFT HBA,STRIPE_RECEIPT_CUSTOMER,HBA,,ZENIROXPAY,
2025-12-27,txn_3Sj0RDK3ZXYJSkRp14wZkk2c,charge,ch_3Sj0RDK3ZXYJSkRp1nV6vWSX,34.98,1.59,33.39,usd,2025-12-27 16:33:00,2026-01-02 00:00:00,,34.98,,,HUJGB-271225-GJWK0,,,,,-https://kotort.com/jaw-strap,"[{""name"":""Last Day SALE 60% OFFAirFlow Jaw Strap - Get 1 AirFlow Jaw Strap"",""quantity"":1,""unitAmount"":29.99}]",4.99,29.99,0,WAZ,STRIPE_RECEIPT_CUSTOMER,WAZ,,ZENIROXPAY,
2025-12-27,txn_3Sj0eoK3ZXYJSkRp1Zce36im,charge,ch_3Sj0eoK3ZXYJSkRp1Zr2x4Sg,34.98,1.59,33.39,usd,2025-12-27 16:47:00,2026-01-02 00:00:00,,34.98,,,HUJGB-271225-496AP,,,,,-https://kotort.com/jaw-strap,"[{""name"":""Last Day SALE 60% OFFAirFlow Jaw Strap - Get 1 AirFlow Jaw Strap"",""quantity"":1,""unitAmount"":29.99}]",4.99,29.99,0,WAZ,STRIPE_RECEIPT_CUSTOMER,WAZ,,ZENIROXPAY,
2025-12-27,txn_3Sj0nlK3ZXYJSkRp1pLAxJdO,charge,ch_3Sj0nlK3ZXYJSkRp14ky43g3,34.98,1.59,33.39,usd,2025-12-27 16:57:00,2026-01-02 00:00:00,,34.98,,,HUJGB-271225-PUZ1J,,,,,-https://kotort.com/jaw-strap,"[{""name"":""Last Day SALE 60% OFFAirFlow Jaw Strap - Get 1 AirFlow Jaw Strap"",""quantity"":1,""unitAmount"":29.99}]",4.99,29.99,0,WAZ,STRIPE_RECEIPT_CUSTOMER,WAZ,,ZENIROXPAY,
2025-12-27,txn_3Sj17yK3ZXYJSkRp0B4R8nLD,charge,ch_3Sj17yK3ZXYJSkRp03cFhvPm,34.98,1.59,33.39,usd,2025-12-27 17:18:00,2026-01-02 00:00:00,,34.98,,,HUJGB-271225-SFVB8,,,,,-https://kotort.com/jaw-strap,"[{""name"":""Last Day SALE 60% OFFAirFlow Jaw Strap - Get 1 AirFlow Jaw Strap"",""quantity"":1,""unitAmount"":29.99}]",4.99,29.99,0,WAZ,STRIPE_RECEIPT_CUSTOMER,WAZ,,ZENIROXPAY,
2025-12-27,txn_3Sj3gXK3ZXYJSkRp1fnQSEFD,charge,ch_3Sj3gXK3ZXYJSkRp17H9QzZm,34.98,1.59,33.39,usd,2025-12-27 20:01:00,2026-01-02 00:00:00,,34.98,,,HUJGB-271225-JAMO6,,,,,-https://kotort.com/jaw-strap,"[{""name"":""Last Day SALE 60% OFFAirFlow Jaw Strap - Get 1 AirFlow Jaw Strap"",""quantity"":1,""unitAmount"":29.99}]",4.99,29.99,0,WAZ,STRIPE_RECEIPT_CUSTOMER,WAZ,,ZENIROXPAY,
2025-12-27,txn_3Sj4OdK3ZXYJSkRp1N7fUQ8f,charge,ch_3Sj4OdK3ZXYJSkRp1cT2OqgU,34.98,1.59,33.39,usd,2025-12-27 20:47:00,2026-01-02 00:00:00,,34.98,,,HUJGB-271225-DWYOM,,,,,-https://kotort.com/jaw-strap,"[{""name"":""Last Day SALE 60% OFFAirFlow Jaw Strap - Get 1 AirFlow Jaw Strap"",""quantity"":1,""unitAmount"":29.99}]",4.99,29.99,0,WAZ,STRIPE_RECEIPT_CUSTOMER,WAZ,,ZENIROXPAY,
2025-12-27,txn_3Sj4k3K3ZXYJSkRp1DKGXbVv,charge,ch_3Sj4k3K3ZXYJSkRp1j9h3V23,34.98,1.59,33.39,usd,2025-12-27 21:09:00,2026-01-02 00:00:00,,34.98,,,HUJGB-271225-4MWK2,,,,,-https://kotort.com/jaw-strap,"[{""name"":""Last Day SALE 60% OFFAirFlow Jaw Strap - Get 1 AirFlow Jaw Strap"",""quantity"":1,""unitAmount"":29.99}]",4.99,29.99,0,WAZ,STRIPE_RECEIPT_CUSTOMER,WAZ,,ZENIROXPAY,
2025-12-27,txn_3Sj4lbK3ZXYJSkRp1o2jjrpK,charge,ch_3Sj4lbK3ZXYJSkRp1Vkktq8s,64.97,2.7,62.27,usd,2025-12-27 21:11:00,2026-01-02 00:00:00,,64.97,,,HUJGB-271225-6NAEH,,,,,-https://kotort.com/jaw-strap,"[{""name"":""Last Day SALE 60% OFFAirFlow Jaw Strap - Get 1 AirFlow Jaw Strap"",""quantity"":2,""unitAmount"":29.99}]",4.99,59.98,0,WAZ,STRIPE_RECEIPT_CUSTOMER,WAZ,,ZENIROXPAY,
2025-12-27,txn_3Sj4mxK3ZXYJSkRp0zAF6ol7,charge,ch_3Sj4mxK3ZXYJSkRp0WXawy1G,64.97,2.7,62.27,usd,2025-12-27 21:12:00,2026-01-02 00:00:00,,64.97,,,HUJGB-271225-ZTC6T,,,,,-https://kotort.com/jaw-strap,"[{""name"":""Last Day SALE 60% OFFAirFlow Jaw Strap - Get 1 AirFlow Jaw Strap"",""quantity"":2,""unitAmount"":29.99}]",4.99,59.98,0,WAZ,STRIPE_RECEIPT_CUSTOMER,WAZ,,ZENIROXPAY,
2025-12-27,txn_3Sj5F4K3ZXYJSkRp1OMUU0Um,charge,ch_3Sj5F4K3ZXYJSkRp1G1hgsLU,34.98,1.59,33.39,usd,2025-12-27 21:41:00,2026-01-02 00:00:00,,34.98,,,HUJGB-271225-BMKWZ,,,,,-https://kotort.com/jaw-strap,"[{""name"":""Last Day SALE 60% OFFAirFlow Jaw Strap - Get 1 AirFlow Jaw Strap"",""quantity"":1,""unitAmount"":29.99}]",4.99,29.99,0,WAZ,STRIPE_RECEIPT_CUSTOMER,WAZ,,ZENIROXPAY,
2025-12-27,txn_3Sj5aSK3ZXYJSkRp05IpuyX5,charge,ch_3Sj5aSK3ZXYJSkRp0nvnnVyI,34.98,1.59,33.39,usd,2025-12-27 22:03:00,2026-01-02 00:00:00,,34.98,,,HUJGB-271225-UF4ZG,,,,,-https://kotort.com/jaw-strap,"[{""name"":""Last Day SALE 60% OFFAirFlow Jaw Strap - Get 1 AirFlow Jaw Strap"",""quantity"":1,""unitAmount"":29.99}]",4.99,29.99,0,WAZ,STRIPE_RECEIPT_CUSTOMER,WAZ,,ZENIROXPAY,
2025-12-27,txn_3Sj5sxK3ZXYJSkRp154pHpux,charge,ch_3Sj5sxK3ZXYJSkRp10fiEPk5,34.98,1.59,33.39,usd,2025-12-27 22:22:00,2026-01-02 00:00:00,,34.98,,,HUJGB-271225-WMZXG,,,,,-https://kotort.com/jaw-strap,"[{""name"":""Last Day SALE 60% OFFAirFlow Jaw Strap - Get 1 AirFlow Jaw Strap"",""quantity"":1,""unitAmount"":29.99}]",4.99,29.99,0,WAZ,STRIPE_RECEIPT_CUSTOMER,WAZ,,ZENIROXPAY,
2025-12-27,txn_3Sj60zK3ZXYJSkRp0LvtZ4ke,charge,ch_3Sj60zK3ZXYJSkRp0EXsHXog,94.96,3.81,91.15,usd,2025-12-27 22:31:00,2026-01-02 00:00:00,,94.96,,,HUJGB-271225-FBJWO,,,,,-https://kotort.com/jaw-strap,"[{""name"":""Last Day SALE 60% OFFAirFlow Jaw Strap - Get 1 AirFlow Jaw Strap"",""quantity"":3,""unitAmount"":29.99}]",4.99,89.97,0,WAZ,STRIPE_RECEIPT_CUSTOMER,WAZ,,ZENIROXPAY,
2025-12-27,txn_3Sj6iNK3ZXYJSkRp116qxJsq,charge,ch_3Sj6iNK3ZXYJSkRp1yVCkfZw,50.98,2.19,48.79,usd,2025-12-27 23:16:00,2026-01-02 00:00:00,,50.98,,,HUJGB-271225-FSCZG,,,,,-https://kotort.com/jaw-strap,"[{""name"":""Last Day SALE 60% OFFAirFlow Jaw Strap - Get 2 AirFlow Jaw Strap SAVE 10% OFF - ONLY DAY"",""quantity"":1,""unitAmount"":45.99}]",4.99,45.99,0,WAZ,STRIPE_RECEIPT_CUSTOMER,WAZ,,ZENIROXPAY,
2025-12-27,txn_3Sj6qAK3ZXYJSkRp121TEzct,charge,ch_3Sj6qAK3ZXYJSkRp1mKva0SC,34.98,1.59,33.39,usd,2025-12-27 23:24:00,2026-01-02 00:00:00,,34.98,,,HUJGB-271225-YOEPA,,,,,-https://kotort.com/jaw-strap,"[{""name"":""Last Day SALE 60% OFFAirFlow Jaw Strap - Get 1 AirFlow Jaw Strap"",""quantity"":1,""unitAmount"":29.99}]",4.99,29.99,0,WAZ,STRIPE_RECEIPT_CUSTOMER,WAZ,,ZENIROXPAY,
2025-12-27,txn_3Sj6s6K3ZXYJSkRp0jBYAmWV,charge,ch_3Sj6s6K3ZXYJSkRp0Mop7GoI,34.98,1.59,33.39,usd,2025-12-27 23:26:00,2026-01-02 00:00:00,,34.98,,,HUJGB-271225-TN804,,,,,-https://kotort.com/jaw-strap,"[{""name"":""Last Day SALE 60% OFFAirFlow Jaw Strap - Get 1 AirFlow Jaw Strap"",""quantity"":1,""unitAmount"":29.99}]",4.99,29.99,0,WAZ,STRIPE_RECEIPT_CUSTOMER,WAZ,,ZENIROXPAY,
2025-12-27,txn_3Sj74lK3ZXYJSkRp09K0uaJm,charge,ch_3Sj74lK3ZXYJSkRp0FTSR52F,34.98,1.59,33.39,usd,2025-12-27 23:39:00,2026-01-02 00:00:00,,34.98,,,HUJGB-271225-NUY9K,,,,,-https://kotort.com/jaw-strap,"[{""name"":""Last Day SALE 60% OFFAirFlow Jaw Strap - Get 1 AirFlow Jaw Strap"",""quantity"":1,""unitAmount"":29.99}]",4.99,29.99,0,WAZ,STRIPE_RECEIPT_CUSTOMER,WAZ,,ZENIROXPAY,
2025-12-28,txn_3Sj9qkK3ZXYJSkRp0espf2MZ,charge,ch_3Sj9qkK3ZXYJSkRp0Fp98DbS,34.98,1.59,33.39,usd,2025-12-28 02:37:00,2026-01-02 00:00:00,,34.98,,,IQ1N5-271225-BDCRW,,,,,-https://wrboorsh.com/anxiety-bookshelf,"[{""name"":""Anxiety Bookshelf | Shake Away Your Anxiety - Black"",""quantity"":1,""unitAmount"":29.99}]",4.99,29.99,0,FFT HBA,STRIPE_RECEIPT_CUSTOMER,HBA,,ZENIROXPAY,
2025-12-28,txn_3SjALPK3ZXYJSkRp1njAswQf,charge,ch_3SjALPK3ZXYJSkRp1q8gNKq0,34.98,1.59,33.39,usd,2025-12-28 03:08:00,2026-01-02 00:00:00,,34.98,,,HUJGB-271225-YKUUA,,,,,-https://kotort.com/jaw-strap,"[{""name"":""Last Day SALE 60% OFFAirFlow Jaw Strap - Get 1 AirFlow Jaw Strap"",""quantity"":1,""unitAmount"":29.99}]",4.99,29.99,0,WAZ,STRIPE_RECEIPT_CUSTOMER,WAZ,,ZENIROXPAY,
2025-12-28,txn_3SjKjTK3ZXYJSkRp1EDz9TL9,charge,ch_3SjKjTK3ZXYJSkRp1PTs1Blq,56.98,2.41,54.57,usd,2025-12-28 14:14:00,2026-01-02 00:00:00,,56.98,,,IQ1N5-281225-1DRS1,,,3,4.99,-https://wrboorsh.com/anxieety,"[{""name"":""Anxiety Bookshelf | Shake Away Your Anxiety - Black"",""quantity"":1,""unitAmount"":29.99},{""name"":""Anxiety Bookshelf | Shake Away Your Anxiety - Green"",""quantity"":1,""unitAmount"":29.99}]",4.99,59.98,0,FFT HBA,STRIPE_RECEIPT_CUSTOMER,HBA,,ZENIROXPAY,
2025-12-28,txn_3SjNCAK3ZXYJSkRp1kQmIfuz,charge,ch_3SjNCAK3ZXYJSkRp1WTuygzs,34.98,1.59,33.39,usd,2025-12-28 16:51:00,2026-01-02 00:00:00,,34.98,,,HUJGB-281225-OBGSS,,,,,-https://kotort.com/jaw-strap,"[{""name"":""Last Day SALE 60% OFFAirFlow Jaw Strap - Get 1 AirFlow Jaw Strap"",""quantity"":1,""unitAmount"":29.99}]",4.99,29.99,0,WAZ,STRIPE_RECEIPT_CUSTOMER,WAZ,,ZENIROXPAY,
2025-12-28,txn_3SjNRsK3ZXYJSkRp1tXp66WO,charge,ch_3SjNRsK3ZXYJSkRp1U5xXf1w,44.94,1.6,43.34,usd,2025-12-28 17:08:00,2026-01-02 00:00:00,,44.94,,,IQ1N5-281225-B75OC,,,,,-https://wrboorsh.com/cartmini,"[{""name"":""Mini Book Cart&Mini Books - Pink/120 Minibooks"",""quantity"":1,""unitAmount"":39.95}]",4.99,39.95,0,FFT HBA,STRIPE_RECEIPT_CUSTOMER,HBA,,ZENIROXPAY,
2025-12-28,txn_3SjNx9K3ZXYJSkRp1XaD8nK4,charge,ch_3SjNx9K3ZXYJSkRp1UAo2MXb,50.98,2.19,48.79,usd,2025-12-28 17:40:00,2026-01-02 00:00:00,,50.98,,,HUJGB-281225-HRM5L,,,,,-https://kotort.com/jaw-strap,"[{""name"":""Last Day SALE 60% OFFAirFlow Jaw Strap - Get 2 AirFlow Jaw Strap SAVE 10% OFF - ONLY DAY"",""quantity"":1,""unitAmount"":45.99}]",4.99,45.99,0,WAZ,STRIPE_RECEIPT_CUSTOMER,WAZ,,ZENIROXPAY,
2025-12-29,txn_1SjUZHK3ZXYJSkRpHNYoo8lN,payout,po_1SjUZHK3ZXYJSkRp9rZ1iO53,-7000,0,-7000,usd,2025-12-29 00:44:00,2025-12-29 00:44:00,,,,,,,,,,,,,,,,STRIPE_PAYOUT,,Pingpong ZeniroxPay,ZENIROXPAY,
2025-12-29,txn_3SjUzcK3ZXYJSkRp0XXVpvBw,charge,ch_3SjUzcK3ZXYJSkRp0XFJVx2w,79.94,3.26,76.68,usd,2025-12-29 01:11:00,2026-01-02 00:00:00,,79.94,,,IQ1N5-281225-39G2N,,,,4.99,-https://wrboorsh.com/anxieety-https://wrboorsh.com/cartmini,"[{""name"":""Anxiety Bookshelf | Shake Away Your Anxiety - Black"",""quantity"":1,""unitAmount"":29.99},{""name"":""Mini Book Cart&Mini Books - Black/180 Minibooks"",""quantity"":1,""unitAmount"":49.95}]",4.99,79.94,0,FFT HBA,STRIPE_RECEIPT_CUSTOMER,HBA,,ZENIROXPAY,
2025-12-29,txn_3SjeB7K3ZXYJSkRp0czFcCdk,charge,ch_3SjeB7K3ZXYJSkRp0EGhba2i,34.94,1.59,33.35,usd,2025-12-29 10:59:00,2026-01-02 00:00:00,,34.94,,,IQ1N5-291225-0B35W,,,,,-https://wrboorsh.com/pocket-anxiety,"[{""name"":""Pocket Anxiety Bookshelf - Blue"",""quantity"":1,""unitAmount"":29.95}]",4.99,29.95,0,FFT HBA,STRIPE_RECEIPT_CUSTOMER,HBA,,ZENIROXPAY,
2025-12-29,txn_3Sjf0HK3ZXYJSkRp0U66SZ8U,charge,ch_3Sjf0HK3ZXYJSkRp0YqWG2IS,34.98,1.59,33.39,usd,2025-12-29 11:52:00,2026-01-02 00:00:00,,34.98,,,HUJGB-291225-HEW88,,,,,-https://kotort.com/jaw-strap,"[{""name"":""Last Day SALE 60% OFFAirFlow Jaw Strap - Get 1 AirFlow Jaw Strap"",""quantity"":1,""unitAmount"":29.99}]",4.99,29.99,0,WAZ,STRIPE_RECEIPT_CUSTOMER,WAZ,,ZENIROXPAY,
2025-12-29,txn_3SjfLZK3ZXYJSkRp1cBshG4R,charge,ch_3SjfLZK3ZXYJSkRp17qkNJ5S,34.98,1.59,33.39,usd,2025-12-29 12:14:00,2026-01-02 00:00:00,,34.98,,,HUJGB-291225-1DT7O,,,,,-https://kotort.com/jaw-strap,"[{""name"":""Last Day SALE 60% OFFAirFlow Jaw Strap - Get 1 AirFlow Jaw Strap"",""quantity"":1,""unitAmount"":29.99}]",4.99,29.99,0,WAZ,STRIPE_RECEIPT_CUSTOMER,WAZ,,ZENIROXPAY,
2025-12-29,txn_3SjlIcK3ZXYJSkRp0iwAHyGY,charge,ch_3SjlIcK3ZXYJSkRp0rSRPjj2,34.98,1.59,33.39,usd,2025-12-29 18:36:00,2026-01-02 00:00:00,,34.98,,,HUJGB-291225-D5T1S,,,,,-https://kotort.com/jaw-strap,"[{""name"":""Last Day SALE 60% OFFAirFlow Jaw Strap - Get 1 AirFlow Jaw Strap"",""quantity"":1,""unitAmount"":29.99}]",4.99,29.99,0,WAZ,STRIPE_RECEIPT_CUSTOMER,WAZ,,ZENIROXPAY,
2025-12-29,txn_3SjmCjK3ZXYJSkRp0DesgYFj,charge,ch_3SjmCjK3ZXYJSkRp0FDK7SZe,34.98,1.59,33.39,usd,2025-12-29 19:34:00,2026-01-02 00:00:00,,34.98,,,HUJGB-291225-KRO1O,,,,,-https://kotort.com/jaw-strap,"[{""name"":""Last Day SALE 60% OFFAirFlow Jaw Strap - Get 1 AirFlow Jaw Strap"",""quantity"":1,""unitAmount"":29.99}]",4.99,29.99,0,WAZ,STRIPE_RECEIPT_CUSTOMER,WAZ,,ZENIROXPAY,
2025-12-30,txn_3SjrjNK3ZXYJSkRp1IXzBXEG,charge,ch_3SjrjNK3ZXYJSkRp1DFJX6Vf,34.98,1.59,33.39,usd,2025-12-30 01:28:00,2026-01-05 00:00:00,,34.98,,,HUJGB-291225-ERFED,,,,,-https://kotort.com/jaw-strap,"[{""name"":""Last Day SALE 60% OFFAirFlow Jaw Strap - Get 1 AirFlow Jaw Strap"",""quantity"":1,""unitAmount"":29.99}]",4.99,29.99,0,WAZ,STRIPE_RECEIPT_CUSTOMER,WAZ,,ZENIROXPAY,
2025-12-30,txn_3SjronK3ZXYJSkRp12BHpR5W,charge,ch_3SjronK3ZXYJSkRp1uFSlEnY,34.98,1.59,33.39,usd,2025-12-30 01:33:00,2026-01-05 00:00:00,,34.98,,,HUJGB-291225-B3A2C,,,,,-https://kotort.com/jaw-strap,"[{""name"":""Last Day SALE 60% OFFAirFlow Jaw Strap - Get 1 AirFlow Jaw Strap"",""quantity"":1,""unitAmount"":29.99}]",4.99,29.99,0,WAZ,STRIPE_RECEIPT_CUSTOMER,WAZ,,ZENIROXPAY,
2025-12-30,txn_3SjsBtK3ZXYJSkRp1Drl6okG,charge,ch_3SjsBtK3ZXYJSkRp14nFnWb1,34.98,1.59,33.39,usd,2025-12-30 01:57:00,2026-01-05 00:00:00,,34.98,,,HUJGB-291225-755YO,,,,,-https://kotort.com/jaw-strap,"[{""name"":""Last Day SALE 60% OFFAirFlow Jaw Strap - Get 1 AirFlow Jaw Strap"",""quantity"":1,""unitAmount"":29.99}]",4.99,29.99,0,WAZ,STRIPE_RECEIPT_CUSTOMER,WAZ,,ZENIROXPAY,
2025-12-30,txn_3SjsosK3ZXYJSkRp1euyFfAX,charge,ch_3SjsosK3ZXYJSkRp1EEnW0DE,34.98,1.59,33.39,usd,2025-12-30 02:38:00,2026-01-05 00:00:00,,34.98,,,HUJGB-291225-90HKU,,,,,-https://kotort.com/jaw-strap,"[{""name"":""Last Day SALE 60% OFFAirFlow Jaw Strap - Get 1 AirFlow Jaw Strap"",""quantity"":1,""unitAmount"":29.99}]",4.99,29.99,0,WAZ,STRIPE_RECEIPT_CUSTOMER,WAZ,,ZENIROXPAY,
2025-12-30,txn_3SjswzK3ZXYJSkRp1zXGb3js,charge,ch_3SjswzK3ZXYJSkRp1rRou1rL,34.98,1.59,33.39,usd,2025-12-30 02:46:00,2026-01-05 00:00:00,,34.98,,,IQ1N5-291225-BND3D,,,,,-https://wrboorsh.com/anxieety,"[{""name"":""Anxiety Bookshelf | Shake Away Your Anxiety - Green"",""quantity"":1,""unitAmount"":29.99}]",4.99,29.99,0,FFT HBA,STRIPE_RECEIPT_CUSTOMER,HBA,,ZENIROXPAY,
2025-12-30,txn_3Sk1QpK3ZXYJSkRp1VZEbvft,charge,ch_3Sk1QpK3ZXYJSkRp1QGAtbPe,46.94,2.04,44.9,usd,2025-12-30 11:49:00,2026-01-05 00:00:00,,46.94,,,09P6U-301225-A4H9Z,,,,,-https://blyne.velorasignature.com/blyne-hardwood-floor-restorer-polish,"[{""name"":""Blyne Floor Restorer & Polish. - Premium (4.06 oz)/Buy 1, Get 1 FREE"",""quantity"":1,""unitAmount"":39.95}]",6.99,39.95,0,Lausan,STRIPE_RECEIPT_CUSTOMER,Vicbea,,ZENIROXPAY,
2025-12-30,txn_3Sk1U1K3ZXYJSkRp1pJDq8Al,charge,ch_3Sk1U1K3ZXYJSkRp1iFOU865,60.94,2.55,58.39,usd,2025-12-30 11:53:00,2026-01-05 00:00:00,,60.94,,,09P6U-301225-7BCB7,,,,,-https://blyne.velorasignature.com/blyne-hardwood-floor-restorer-polish,"[{""name"":""Blyne Floor Restorer & Polish. - Premium (4.06 oz)/Buy 2, Get 2 FREE (+ Bonus Mop Pad)"",""quantity"":1,""unitAmount"":53.95}]",6.99,53.95,0,Lausan,STRIPE_RECEIPT_CUSTOMER,Vicbea,,ZENIROXPAY,
2025-12-30,txn_3Sk1nzK3ZXYJSkRp1bmdtspX,charge,ch_3Sk1nzK3ZXYJSkRp15lFoKmr,34.98,1.59,33.39,usd,2025-12-30 12:13:00,2026-01-05 00:00:00,,34.98,,,HUJGB-301225-POTAI,,,,,-https://kotort.com/jaw-strap,"[{""name"":""Last Day SALE 60% OFFAirFlow Jaw Strap - Get 1 AirFlow Jaw Strap"",""quantity"":1,""unitAmount"":29.99}]",4.99,29.99,0,WAZ,STRIPE_RECEIPT_CUSTOMER,WAZ,,ZENIROXPAY,
2025-12-30,txn_3Sk4d4K3ZXYJSkRp1Njh7p6P,charge,ch_3Sk4d4K3ZXYJSkRp1j5hrVCm,34.98,1.59,33.39,usd,2025-12-30 15:14:00,2026-01-05 00:00:00,,34.98,,,HUJGB-301225-VT34H,,,,,-https://kotort.com/jaw-strap,"[{""name"":""Last Day SALE 60% OFFAirFlow Jaw Strap - Get 1 AirFlow Jaw Strap"",""quantity"":1,""unitAmount"":29.99}]",4.99,29.99,0,WAZ,STRIPE_RECEIPT_CUSTOMER,WAZ,,ZENIROXPAY,
2025-12-30,txn_3Sk4lKK3ZXYJSkRp0KnLsKzX,charge,ch_3Sk4lKK3ZXYJSkRp08CE16I0,64.97,2.7,62.27,usd,2025-12-30 15:23:00,2026-01-05 00:00:00,,64.97,,,HUJGB-301225-58DC4,,,,,-https://kotort.com/jaw-strap,"[{""name"":""Last Day SALE 60% OFFAirFlow Jaw Strap - Get 1 AirFlow Jaw Strap"",""quantity"":2,""unitAmount"":29.99}]",4.99,59.98,0,WAZ,STRIPE_RECEIPT_CUSTOMER,WAZ,,ZENIROXPAY,
2025-12-30,txn_3Sk594K3ZXYJSkRp11GzlH7n,charge,ch_3Sk594K3ZXYJSkRp1Lnk7lVA,64.98,2.7,62.28,usd,2025-12-30 15:47:00,2026-01-05 00:00:00,,64.98,,,HUJGB-301225-QV5SS,,,,,-https://kotort.com/jaw-strap,"[{""name"":""Last Day SALE 60% OFFAirFlow Jaw Strap - Get 3 AirFlow Jaw Strap SAVE 20% OFF - ONLY DAY"",""quantity"":1,""unitAmount"":59.99}]",4.99,59.99,0,WAZ,STRIPE_RECEIPT_CUSTOMER,WAZ,,ZENIROXPAY,
2025-12-30,txn_3Sk5PrK3ZXYJSkRp0BfRKf9k,charge,ch_3Sk5PrK3ZXYJSkRp0pu9AtyH,34.98,1.59,33.39,usd,2025-12-30 16:05:00,2026-01-05 00:00:00,,34.98,,,HUJGB-301225-DZNRZ,,,,,-https://kotort.com/jaw-strap,"[{""name"":""Last Day SALE 60% OFFAirFlow Jaw Strap - Get 1 AirFlow Jaw Strap"",""quantity"":1,""unitAmount"":29.99}]",4.99,29.99,0,WAZ,STRIPE_RECEIPT_CUSTOMER,WAZ,,ZENIROXPAY,
2025-12-30,txn_3Sk5p1K3ZXYJSkRp0zdmx0yc,charge,ch_3Sk5p1K3ZXYJSkRp0wnoX5dH,34.98,1.59,33.39,usd,2025-12-30 16:30:00,2026-01-05 00:00:00,,34.98,,,HUJGB-301225-JNQYT,,,,,-https://kotort.com/jaw-strap,"[{""name"":""Last Day SALE 60% OFFAirFlow Jaw Strap - Get 1 AirFlow Jaw Strap"",""quantity"":1,""unitAmount"":29.99}]",4.99,29.99,0,WAZ,STRIPE_RECEIPT_CUSTOMER,WAZ,,ZENIROXPAY,
2025-12-30,txn_3Sk6ZpK3ZXYJSkRp1uSPlfSl,charge,ch_3Sk6ZpK3ZXYJSkRp1heasQWy,60.94,2.55,58.39,usd,2025-12-30 17:19:00,2026-01-05 00:00:00,,60.94,,,09P6U-301225-TOMPP,,,,,-https://blyne.velorasignature.com/blyne-hardwood-floor-restorer-polish,"[{""name"":""Blyne Floor Restorer & Polish. - Premium (4.06 oz)/Buy 2, Get 2 FREE (+ Bonus Mop Pad)"",""quantity"":1,""unitAmount"":53.95}]",6.99,53.95,0,Lausan,STRIPE_RECEIPT_CUSTOMER,Vicbea,,ZENIROXPAY,
2025-12-30,txn_3Sk7OAK3ZXYJSkRp1QLlWiKq,charge,ch_3Sk7OAK3ZXYJSkRp1qTSd4sV,46.94,2.04,44.9,usd,2025-12-30 18:11:00,2026-01-05 00:00:00,,46.94,,,09P6U-301225-HH07E,,,,,-https://blyne.velorasignature.com/blyne-hardwood-floor-restorer-polish1,"[{""name"":""Blyne Floor Restorer & Polish - Premium (4.06 oz)"",""quantity"":1,""unitAmount"":39.95}]",6.99,39.95,0,Lausan,STRIPE_RECEIPT_CUSTOMER,Vicbea,,ZENIROXPAY,
2025-12-30,txn_3Sk88SK3ZXYJSkRp0cyGn5Rc,charge,ch_3Sk88SK3ZXYJSkRp0pLwvw9U,46.94,2.04,44.9,usd,2025-12-30 18:59:00,2026-01-05 00:00:00,,46.94,,,09P6U-301225-TBP0Z,,,,,-https://blyne.velorasignature.com/blyne-hardwood-floor-restorer-polish,"[{""name"":""Blyne Floor Restorer & Polish. - Premium (4.06 oz)/Buy 1, Get 1 FREE"",""quantity"":1,""unitAmount"":39.95}]",6.99,39.95,0,Lausan,STRIPE_RECEIPT_CUSTOMER,Vicbea,,ZENIROXPAY,
2025-12-30,txn_3Sk9h0K3ZXYJSkRp1IUK4SF4,charge,ch_3Sk9h0K3ZXYJSkRp1ZHfiKZw,34.98,1.59,33.39,usd,2025-12-30 20:38:00,2026-01-05 00:00:00,,34.98,,,HUJGB-301225-0D1Y3,,,,,-https://kotort.com/jaw-strap,"[{""name"":""Last Day SALE 60% OFFAirFlow Jaw Strap - Get 1 AirFlow Jaw Strap"",""quantity"":1,""unitAmount"":29.99}]",4.99,29.99,0,WAZ,STRIPE_RECEIPT_CUSTOMER,WAZ,,ZENIROXPAY,
2025-12-30,txn_3SkAHAK3ZXYJSkRp1BAE8mi4,charge,ch_3SkAHAK3ZXYJSkRp19WkB6HT,34.98,1.59,33.39,usd,2025-12-30 21:16:00,2026-01-05 00:00:00,,34.98,,,HUJGB-301225-ZF0C8,,,,,-https://kotort.com/jaw-strap,"[{""name"":""Last Day SALE 60% OFFAirFlow Jaw Strap - Get 1 AirFlow Jaw Strap"",""quantity"":1,""unitAmount"":29.99}]",4.99,29.99,0,WAZ,STRIPE_RECEIPT_CUSTOMER,WAZ,,ZENIROXPAY,
2025-12-30,txn_3SkAr0K3ZXYJSkRp0JDlL8tl,charge,ch_3SkAr0K3ZXYJSkRp01nwHM3a,34.98,1.59,33.39,usd,2025-12-30 21:53:00,2026-01-05 00:00:00,,34.98,,,HUJGB-301225-4980L,,,,,-https://kotort.com/jaw-strap,"[{""name"":""Last Day SALE 60% OFFAirFlow Jaw Strap - Get 1 AirFlow Jaw Strap"",""quantity"":1,""unitAmount"":29.99}]",4.99,29.99,0,WAZ,STRIPE_RECEIPT_CUSTOMER,WAZ,,ZENIROXPAY,
2025-12-30,txn_3SkC5IK3ZXYJSkRp0xXORPrt,charge,ch_3SkC5IK3ZXYJSkRp0d9udtKS,34.98,1.59,33.39,usd,2025-12-30 23:12:00,2026-01-05 00:00:00,,34.98,,,HUJGB-301225-5RV7Z,,,,,-https://kotort.com/jaw-strap,"[{""name"":""Last Day SALE 60% OFFAirFlow Jaw Strap - Get 1 AirFlow Jaw Strap"",""quantity"":1,""unitAmount"":29.99}]",4.99,29.99,0,WAZ,STRIPE_RECEIPT_CUSTOMER,WAZ,,ZENIROXPAY,
2025-12-30,txn_3SkCRIK3ZXYJSkRp1Uiw8dzg,charge,ch_3SkCRIK3ZXYJSkRp1mRP6XIj,34.98,1.59,33.39,usd,2025-12-30 23:34:00,2026-01-05 00:00:00,,34.98,,,HUJGB-301225-YXSTV,,,,,-https://kotort.com/jaw-strap,"[{""name"":""Last Day SALE 60% OFFAirFlow Jaw Strap - Get 1 AirFlow Jaw Strap"",""quantity"":1,""unitAmount"":29.99}]",4.99,29.99,0,WAZ,STRIPE_RECEIPT_CUSTOMER,WAZ,,ZENIROXPAY,
2025-12-31,txn_3SkE4pK3ZXYJSkRp1lJzeKA9,charge,ch_3SkE4pK3ZXYJSkRp16uFLgSD,34.98,1.59,33.39,usd,2025-12-31 01:19:00,2026-01-06 00:00:00,,34.98,,,HUJGB-301225-DYPX8,,,,,-https://kotort.com/jaw-strap,"[{""name"":""Last Day SALE 60% OFFAirFlow Jaw Strap - Get 1 AirFlow Jaw Strap"",""quantity"":1,""unitAmount"":29.99}]",4.99,29.99,0,WAZ,STRIPE_RECEIPT_CUSTOMER,WAZ,,ZENIROXPAY,
2025-12-31,txn_3SkE9LK3ZXYJSkRp0ZqNrW2x,charge,ch_3SkE9LK3ZXYJSkRp0RgmiGM2,34.98,1.59,33.39,usd,2025-12-31 01:24:00,2026-01-06 00:00:00,,34.98,,,HUJGB-301225-L6PGH,,,,,-https://kotort.com/jaw-strap,"[{""name"":""Last Day SALE 60% OFFAirFlow Jaw Strap - Get 1 AirFlow Jaw Strap"",""quantity"":1,""unitAmount"":29.99}]",4.99,29.99,0,WAZ,STRIPE_RECEIPT_CUSTOMER,WAZ,,ZENIROXPAY,
2025-12-31,txn_3SkEVhK3ZXYJSkRp1xXzj59w,charge,ch_3SkEVhK3ZXYJSkRp1sZ8k6f5,56.98,2.41,54.57,usd,2025-12-31 01:47:00,2026-01-06 00:00:00,,56.98,,,IQ1N5-301225-RQ3H0,,,3,4.99,-https://wrboorsh.com/anxieety,"[{""name"":""Anxiety Bookshelf | Shake Away Your Anxiety - Yellow"",""quantity"":1,""unitAmount"":29.99},{""name"":""Anxiety Bookshelf | Shake Away Your Anxiety - Purple"",""quantity"":1,""unitAmount"":29.99}]",4.99,59.98,0,FFT HBA,STRIPE_RECEIPT_CUSTOMER,HBA,,ZENIROXPAY,
2025-12-31,txn_3SkFuVK3ZXYJSkRp0gGdW0VD,charge,ch_3SkFuVK3ZXYJSkRp082dW33b,46.94,2.04,44.9,usd,2025-12-31 03:17:00,2026-01-06 00:00:00,,46.94,,,09P6U-301225-XN6VI,,,,,-https://blyne.velorasignature.com/blyne-hardwood-floor-restorer-polish,"[{""name"":""Blyne Floor Restorer & Polish. - Premium (4.06 oz)/Buy 1, Get 1 FREE"",""quantity"":1,""unitAmount"":39.95}]",6.99,39.95,0,Lausan,STRIPE_RECEIPT_CUSTOMER,Vicbea,,ZENIROXPAY,
2025-12-31,txn_3SkIrrK3ZXYJSkRp0Ay0E0TW,charge,ch_3SkIrrK3ZXYJSkRp0mCsCw8M,34.98,1.59,33.39,usd,2025-12-31 06:26:00,2026-01-06 00:00:00,,34.98,,,HUJGB-301225-GFQNL,,,,,-https://kotort.com/jaw-strap,"[{""name"":""Last Day SALE 60% OFFAirFlow Jaw Strap - Get 1 AirFlow Jaw Strap"",""quantity"":1,""unitAmount"":29.99}]",4.99,29.99,0,WAZ,STRIPE_RECEIPT_CUSTOMER,WAZ,,ZENIROXPAY,
2025-12-31,txn_3SkJq7K3ZXYJSkRp1vOrPUEO,charge,ch_3SkJq7K3ZXYJSkRp1J1r85TI,34.98,1.59,33.39,usd,2025-12-31 07:29:00,2026-01-06 00:00:00,,34.98,,,HUJGB-301225-DWNG4,,,,,-https://kotort.com/jaw-strap,"[{""name"":""Last Day SALE 60% OFFAirFlow Jaw Strap - Get 1 AirFlow Jaw Strap"",""quantity"":1,""unitAmount"":29.99}]",4.99,29.99,0,WAZ,STRIPE_RECEIPT_CUSTOMER,WAZ,,ZENIROXPAY,
2025-12-31,txn_3SkMl8K3ZXYJSkRp03vkyASO,charge,ch_3SkMl8K3ZXYJSkRp0cIwTpLP,44.94,1.96,42.98,usd,2025-12-31 10:36:00,2026-01-06 00:00:00,,44.94,,,09P6U-311225-TZ4TR,,,,,-https://blyne.velorasignature.com/blyne-hardwood-floor-restorer-polish,"[{""name"":""Blyne Floor Restorer & Polish. - Standard (4.06 oz)/Buy 1, Get 1 FREE"",""quantity"":1,""unitAmount"":37.95}]",6.99,37.95,0,Lausan,STRIPE_RECEIPT_CUSTOMER,Vicbea,,ZENIROXPAY,
2025-12-31,txn_3SkNFzK3ZXYJSkRp1TWpQahO,charge,ch_3SkNFzK3ZXYJSkRp1cT0h9bt,34.98,1.59,33.39,usd,2025-12-31 11:08:00,2026-01-06 00:00:00,,34.98,,,HUJGB-311225-TCF5P,,,,,-https://kotort.com/jaw-strap,"[{""name"":""Last Day SALE 60% OFFAirFlow Jaw Strap - Get 1 AirFlow Jaw Strap"",""quantity"":1,""unitAmount"":29.99}]",4.99,29.99,0,WAZ,STRIPE_RECEIPT_CUSTOMER,WAZ,,ZENIROXPAY,
2025-12-31,txn_3SkNRGK3ZXYJSkRp1RB7jtDe,charge,ch_3SkNRGK3ZXYJSkRp1IBwwIKH,46.94,2.04,44.9,usd,2025-12-31 11:19:00,2026-01-06 00:00:00,,46.94,,,09P6U-311225-JD1BG,,,,,-https://blyne.velorasignature.com/blyne-hardwood-floor-restorer-polish,"[{""name"":""Blyne Floor Restorer & Polish. - Premium (4.06 oz)/Buy 1, Get 1 FREE"",""quantity"":1,""unitAmount"":39.95}]",6.99,39.95,0,Lausan,STRIPE_RECEIPT_CUSTOMER,Vicbea,,ZENIROXPAY,
2025-12-31,txn_3SkNV3K3ZXYJSkRp0CZftgkK,charge,ch_3SkNV3K3ZXYJSkRp0ExchDV5,34.98,1.59,33.39,usd,2025-12-31 11:23:00,2026-01-06 00:00:00,,34.98,,,HUJGB-311225-SYRU2,,,,,-https://kotort.com/jaw-strap,"[{""name"":""Last Day SALE 60% OFFAirFlow Jaw Strap - Get 1 AirFlow Jaw Strap"",""quantity"":1,""unitAmount"":29.99}]",4.99,29.99,0,WAZ,STRIPE_RECEIPT_CUSTOMER,WAZ,,ZENIROXPAY,
2025-12-31,txn_3SkOLgK3ZXYJSkRp1WSQDnAw,charge,ch_3SkOLgK3ZXYJSkRp1UVW7qJQ,34.98,1.59,33.39,usd,2025-12-31 12:17:00,2026-01-06 00:00:00,,34.98,,,HUJGB-311225-G5JLJ,,,,,-https://kotort.com/jaw-strap,"[{""name"":""Last Day SALE 60% OFFAirFlow Jaw Strap - Get 1 AirFlow Jaw Strap"",""quantity"":1,""unitAmount"":29.99}]",4.99,29.99,0,WAZ,STRIPE_RECEIPT_CUSTOMER,WAZ,,ZENIROXPAY,
2025-12-31,txn_3SkOUNK3ZXYJSkRp0YSOdeR8,charge,ch_3SkOUNK3ZXYJSkRp00HSFJvn,34.98,1.59,33.39,usd,2025-12-31 12:26:00,2026-01-06 00:00:00,,34.98,,,HUJGB-311225-B9AIF,,,,,-https://kotort.com/jaw-strap,"[{""name"":""Last Day SALE 60% OFFAirFlow Jaw Strap - Get 1 AirFlow Jaw Strap"",""quantity"":1,""unitAmount"":29.99}]",4.99,29.99,0,WAZ,STRIPE_RECEIPT_CUSTOMER,WAZ,,ZENIROXPAY,
2025-12-31,txn_3SkOWhK3ZXYJSkRp1WZBOOP0,charge,ch_3SkOWhK3ZXYJSkRp1kcqi5JT,34.98,1.59,33.39,usd,2025-12-31 12:29:00,2026-01-06 00:00:00,,34.98,,,HUJGB-311225-UD57Y,,,,,-https://kotort.com/jaw-strap,"[{""name"":""Last Day SALE 60% OFFAirFlow Jaw Strap - Get 1 AirFlow Jaw Strap"",""quantity"":1,""unitAmount"":29.99}]",4.99,29.99,0,WAZ,STRIPE_RECEIPT_CUSTOMER,WAZ,,ZENIROXPAY,
2025-12-31,txn_3SkOYUK3ZXYJSkRp1AKP1RjJ,charge,ch_3SkOYUK3ZXYJSkRp1se0vvBt,34.98,1.59,33.39,usd,2025-12-31 12:31:00,2026-01-06 00:00:00,,34.98,,,HUJGB-311225-TOFIZ,,,,,-https://kotort.com/jaw-strap,"[{""name"":""Last Day SALE 60% OFFAirFlow Jaw Strap - Get 1 AirFlow Jaw Strap"",""quantity"":1,""unitAmount"":29.99}]",4.99,29.99,0,WAZ,STRIPE_RECEIPT_CUSTOMER,WAZ,,ZENIROXPAY,
2025-12-31,txn_3SkOvNK3ZXYJSkRp0O0WTvj3,charge,ch_3SkOvNK3ZXYJSkRp0FzKRjYQ,34.98,1.59,33.39,usd,2025-12-31 12:54:00,2026-01-06 00:00:00,,34.98,,,HUJGB-311225-CV5GH,,,,,-https://kotort.com/jaw-strap,"[{""name"":""Last Day SALE 60% OFFAirFlow Jaw Strap - Get 1 AirFlow Jaw Strap"",""quantity"":1,""unitAmount"":29.99}]",4.99,29.99,0,WAZ,STRIPE_RECEIPT_CUSTOMER,WAZ,,ZENIROXPAY,
2025-12-31,txn_3SkPK3K3ZXYJSkRp1nSwG5OF,charge,ch_3SkPK3K3ZXYJSkRp1l0NT1yD,34.98,1.59,33.39,usd,2025-12-31 13:20:00,2026-01-06 00:00:00,,34.98,,,HUJGB-311225-JOQQB,,,,,-https://kotort.com/jaw-strap,"[{""name"":""Last Day SALE 60% OFFAirFlow Jaw Strap - Get 1 AirFlow Jaw Strap"",""quantity"":1,""unitAmount"":29.99}]",4.99,29.99,0,WAZ,STRIPE_RECEIPT_CUSTOMER,WAZ,,ZENIROXPAY,
2025-12-31,txn_3SkPRqK3ZXYJSkRp0ZXMI3U3,charge,ch_3SkPRqK3ZXYJSkRp0O0Xqan6,64.98,2.7,62.28,usd,2025-12-31 13:28:00,2026-01-06 00:00:00,,64.98,,,HUJGB-311225-KQAEX,,,,,-https://kotort.com/jaw-strap,"[{""name"":""Last Day SALE 60% OFFAirFlow Jaw Strap - Get 3 AirFlow Jaw Strap SAVE 20% OFF - ONLY DAY"",""quantity"":1,""unitAmount"":59.99}]",4.99,59.99,0,WAZ,STRIPE_RECEIPT_CUSTOMER,WAZ,,ZENIROXPAY,
2025-12-31,txn_3SkPZuK3ZXYJSkRp0AF5nmoG,charge,ch_3SkPZuK3ZXYJSkRp0eiCxMe2,34.98,1.59,33.39,usd,2025-12-31 13:36:00,2026-01-06 00:00:00,,34.98,,,HUJGB-311225-AYQL5,,,,,-https://kotort.com/jaw-strap,"[{""name"":""Last Day SALE 60% OFFAirFlow Jaw Strap - Get 1 AirFlow Jaw Strap"",""quantity"":1,""unitAmount"":29.99}]",4.99,29.99,0,WAZ,STRIPE_RECEIPT_CUSTOMER,WAZ,,ZENIROXPAY,
2025-12-31,txn_3SkPtbK3ZXYJSkRp0mPANbbp,charge,ch_3SkPtbK3ZXYJSkRp0bD4T9Tx,34.98,1.59,33.39,usd,2025-12-31 13:57:00,2026-01-06 00:00:00,,34.98,,,HUJGB-311225-0TRIY,,,,,-https://kotort.com/jaw-strap,"[{""name"":""Last Day SALE 60% OFFAirFlow Jaw Strap - Get 1 AirFlow Jaw Strap"",""quantity"":1,""unitAmount"":29.99}]",4.99,29.99,0,WAZ,STRIPE_RECEIPT_CUSTOMER,WAZ,,ZENIROXPAY,
2025-12-31,txn_3SkQ6SK3ZXYJSkRp0M7clX8s,charge,ch_3SkQ6SK3ZXYJSkRp0zU3Wksj,34.98,1.59,33.39,usd,2025-12-31 14:10:00,2026-01-06 00:00:00,,34.98,,,HUJGB-311225-9R1MJ,,,,,-https://kotort.com/jaw-strap,"[{""name"":""Last Day SALE 60% OFFAirFlow Jaw Strap - Get 1 AirFlow Jaw Strap"",""quantity"":1,""unitAmount"":29.99}]",4.99,29.99,0,WAZ,STRIPE_RECEIPT_CUSTOMER,WAZ,,ZENIROXPAY,
2025-12-31,txn_3SkQ6gK3ZXYJSkRp0pEakNLE,charge,ch_3SkQ6gK3ZXYJSkRp0BhuZEpb,46.94,2.04,44.9,usd,2025-12-31 14:10:00,2026-01-06 00:00:00,,46.94,,,09P6U-311225-HBI2A,,,,,-https://blyne.velorasignature.com/blyne-hardwood-floor-restorer-polish,"[{""name"":""Blyne Floor Restorer & Polish. - Premium (4.06 oz)/Buy 1, Get 1 FREE"",""quantity"":1,""unitAmount"":39.95}]",6.99,39.95,0,Lausan,STRIPE_RECEIPT_CUSTOMER,Vicbea,,ZENIROXPAY,
2025-12-31,txn_3SkQRYK3ZXYJSkRp0dWznkJ5,charge,ch_3SkQRYK3ZXYJSkRp0tHYrjjP,56.94,2.41,54.53,usd,2025-12-31 14:32:00,2026-01-06 00:00:00,,56.94,,,09P6U-311225-LQ3D3,,,,,-https://blyne.velorasignature.com/blyne-hardwood-floor-restorer-polish,"[{""name"":""Blyne Floor Restorer & Polish. - Standard (4.06 oz)/Buy 2, Get 2 FREE (+ Bonus Mop Pad)"",""quantity"":1,""unitAmount"":49.95}]",6.99,49.95,0,Lausan,STRIPE_RECEIPT_CUSTOMER,Vicbea,,ZENIROXPAY,
2025-12-31,txn_1SkQz8K3ZXYJSkRpwvngCmPu,adjustment,du_1SkQyuK3ZXYJSkRp2ZvuX5hH,-34.98,15,-49.98,usd,2025-12-31 15:06:00,2025-12-31 15:06:00,,,,,,,,,,,,,,,,STRIPE_ADJUSTMENT,,,ZENIROXPAY,
2025-12-31,txn_3SkSe8K3ZXYJSkRp1VCL8UB7,charge,ch_3SkSe8K3ZXYJSkRp1Cqgm2oZ,56.94,2.41,54.53,usd,2025-12-31 16:53:00,2026-01-06 00:00:00,,56.94,,,09P6U-311225-0NU4M,,,,,-https://blyne.velorasignature.com/blyne-hardwood-floor-restorer-polish,"[{""name"":""Blyne Floor Restorer & Polish. - Standard (4.06 oz)/Buy 2, Get 2 FREE (+ Bonus Mop Pad)"",""quantity"":1,""unitAmount"":49.95}]",6.99,49.95,0,Lausan,STRIPE_RECEIPT_CUSTOMER,Vicbea,,ZENIROXPAY,
2025-12-31,txn_3SkUpsK3ZXYJSkRp1VQdeLEJ,charge,ch_3SkUpsK3ZXYJSkRp1aLLueQh,46.94,2.04,44.9,usd,2025-12-31 19:13:00,2026-01-06 00:00:00,,46.94,,,09P6U-311225-9N2SP,,,,,-https://blyne.velorasignature.com/blyne-hardwood-floor-restorer-polish,"[{""name"":""Blyne Floor Restorer & Polish. - Premium (4.06 oz)/Buy 1, Get 1 FREE"",""quantity"":1,""unitAmount"":39.95}]",6.99,39.95,0,Lausan,STRIPE_RECEIPT_CUSTOMER,Vicbea,,ZENIROXPAY,
2025-12-31,txn_3SkVIQK3ZXYJSkRp11bmrP4O,charge,ch_3SkVIQK3ZXYJSkRp1g9sfIaz,50.98,2.19,48.79,usd,2025-12-31 19:43:00,2026-01-06 00:00:00,,50.98,,,HUJGB-311225-S3IF3,,,,,-https://kotort.com/jaw-strap,"[{""name"":""Last Day SALE 60% OFFAirFlow Jaw Strap - Get 2 AirFlow Jaw Strap SAVE 10% OFF - ONLY DAY"",""quantity"":1,""unitAmount"":45.99}]",4.99,45.99,0,WAZ,STRIPE_RECEIPT_CUSTOMER,WAZ,,ZENIROXPAY,
2025-12-31,txn_3SkXlRK3ZXYJSkRp0DxReqPo,charge,ch_3SkXlRK3ZXYJSkRp0xwl8ExM,50.98,2.19,48.79,usd,2025-12-31 22:21:00,2026-01-06 00:00:00,,50.98,,,HUJGB-311225-921N9,,,,,-https://kotort.com/jaw-strap,"[{""name"":""Last Day SALE 60% OFFAirFlow Jaw Strap - Get 2 AirFlow Jaw Strap SAVE 10% OFF - ONLY DAY"",""quantity"":1,""unitAmount"":45.99}]",4.99,45.99,0,WAZ,STRIPE_RECEIPT_CUSTOMER,WAZ,,ZENIROXPAY,
2025-12-31,txn_3SkXuyK3ZXYJSkRp1affr2Rd,charge,ch_3SkXuyK3ZXYJSkRp1STupagC,34.98,1.59,33.39,usd,2025-12-31 22:31:00,2026-01-06 00:00:00,,34.98,,,HUJGB-311225-E7T60,,,,,-https://kotort.com/jaw-strap,"[{""name"":""Last Day SALE 60% OFFAirFlow Jaw Strap - Get 1 AirFlow Jaw Strap"",""quantity"":1,""unitAmount"":29.99}]",4.99,29.99,0,WAZ,STRIPE_RECEIPT_CUSTOMER,WAZ,,ZENIROXPAY,
2025-12-31,txn_3SkYHVK3ZXYJSkRp0XOBQgSy,charge,ch_3SkYHVK3ZXYJSkRp0Vyk4Po9,34.98,1.59,33.39,usd,2025-12-31 22:54:00,2026-01-06 00:00:00,,34.98,,,HUJGB-311225-OBM36,,,,,-https://kotort.com/jaw-strap,"[{""name"":""Last Day SALE 60% OFFAirFlow Jaw Strap - Get 1 AirFlow Jaw Strap"",""quantity"":1,""unitAmount"":29.99}]",4.99,29.99,0,WAZ,STRIPE_RECEIPT_CUSTOMER,WAZ,,ZENIROXPAY,
2025-12-31,txn_3SkYOdK3ZXYJSkRp0zUXOMPb,charge,ch_3SkYOdK3ZXYJSkRp0U7pK37x,34.98,1.59,33.39,usd,2025-12-31 23:01:00,2026-01-06 00:00:00,,34.98,,,HUJGB-311225-CSUGG,,,,,-https://kotort.com/jaw-strap,"[{""name"":""Last Day SALE 60% OFFAirFlow Jaw Strap - Get 1 AirFlow Jaw Strap"",""quantity"":1,""unitAmount"":29.99}]",4.99,29.99,0,WAZ,STRIPE_RECEIPT_CUSTOMER,WAZ,,ZENIROXPAY,
2025-12-31,txn_3SkYP4K3ZXYJSkRp1yzEzSRX,charge,ch_3SkYP4K3ZXYJSkRp19OjxGLd,34.98,1.59,33.39,usd,2025-12-31 23:02:00,2026-01-06 00:00:00,,34.98,,,HUJGB-311225-6ZGQK,,,,,-https://kotort.com/jaw-strap,"[{""name"":""Last Day SALE 60% OFFAirFlow Jaw Strap - Get 1 AirFlow Jaw Strap"",""quantity"":1,""unitAmount"":29.99}]",4.99,29.99,0,WAZ,STRIPE_RECEIPT_CUSTOMER,WAZ,,ZENIROXPAY,
2026-01-01,txn_3SkZpDK3ZXYJSkRp1P99HBCK,charge,ch_3SkZpDK3ZXYJSkRp1QB4V6JF,34.98,1.59,33.39,usd,2026-01-01 00:33:00,2026-01-07 00:00:00,,34.98,,,HUJGB-311225-P48I5,,,,,-https://kotort.com/jaw-strap,"[{""name"":""Last Day SALE 60% OFFAirFlow Jaw Strap - Get 1 AirFlow Jaw Strap"",""quantity"":1,""unitAmount"":29.99}]",4.99,29.99,0,WAZ,STRIPE_RECEIPT_CUSTOMER,WAZ,,ZENIROXPAY,
2026-01-01,txn_3SkaR2K3ZXYJSkRp0jXOzl06,charge,ch_3SkaR2K3ZXYJSkRp0ANQ6OIW,50.98,2.19,48.79,usd,2026-01-01 01:12:00,2026-01-07 00:00:00,,50.98,,,HUJGB-311225-TXFUS,,,,,-https://kotort.com/jaw-strap,"[{""name"":""Last Day SALE 60% OFFAirFlow Jaw Strap - Get 2 AirFlow Jaw Strap SAVE 10% OFF - ONLY DAY"",""quantity"":1,""unitAmount"":45.99}]",4.99,45.99,0,WAZ,STRIPE_RECEIPT_CUSTOMER,WAZ,,ZENIROXPAY,
2026-01-01,txn_3SkaX5K3ZXYJSkRp1Q65Ljkg,charge,ch_3SkaX5K3ZXYJSkRp1d5a9yV1,34.98,1.59,33.39,usd,2026-01-01 01:18:00,2026-01-07 00:00:00,,34.98,,,HUJGB-311225-7LWQS,,,,,-https://kotort.com/jaw-strap,"[{""name"":""Last Day SALE 60% OFFAirFlow Jaw Strap - Get 1 AirFlow Jaw Strap"",""quantity"":1,""unitAmount"":29.99}]",4.99,29.99,0,WAZ,STRIPE_RECEIPT_CUSTOMER,WAZ,,ZENIROXPAY,
2026-01-01,txn_3Skac0K3ZXYJSkRp15trUlEw,charge,ch_3Skac0K3ZXYJSkRp1nKfv9sC,34.98,1.59,33.39,usd,2026-01-01 01:23:00,2026-01-07 00:00:00,,34.98,,,HUJGB-311225-N2WBP,,,,,-https://kotort.com/jaw-strap,"[{""name"":""Last Day SALE 60% OFFAirFlow Jaw Strap - Get 1 AirFlow Jaw Strap"",""quantity"":1,""unitAmount"":29.99}]",4.99,29.99,0,WAZ,STRIPE_RECEIPT_CUSTOMER,WAZ,,ZENIROXPAY,
2026-01-01,txn_3SkalsK3ZXYJSkRp1mcDceck,charge,ch_3SkalsK3ZXYJSkRp1KTNjcBx,34.98,1.59,33.39,usd,2026-01-01 01:33:00,2026-01-07 00:00:00,,34.98,,,HUJGB-311225-T1V59,,,,,-https://kotort.com/jaw-strap,"[{""name"":""Last Day SALE 60% OFFAirFlow Jaw Strap - Get 1 AirFlow Jaw Strap"",""quantity"":1,""unitAmount"":29.99}]",4.99,29.99,0,WAZ,STRIPE_RECEIPT_CUSTOMER,WAZ,,ZENIROXPAY,
2026-01-01,txn_3Skaq1K3ZXYJSkRp0BVGswOk,charge,ch_3Skaq1K3ZXYJSkRp0XRDmjrG,34.98,1.59,33.39,usd,2026-01-01 01:38:00,2026-01-07 00:00:00,,34.98,,,HUJGB-311225-MXI6Z,,,,,-https://kotort.com/jaw-strap,"[{""name"":""Last Day SALE 60% OFFAirFlow Jaw Strap - Get 1 AirFlow Jaw Strap"",""quantity"":1,""unitAmount"":29.99}]",4.99,29.99,0,WAZ,STRIPE_RECEIPT_CUSTOMER,WAZ,,ZENIROXPAY,
2026-01-01,txn_3SkbirK3ZXYJSkRp0bZbm4kk,charge,ch_3SkbirK3ZXYJSkRp0wMgnrSB,96.97,3.89,93.08,usd,2026-01-01 02:34:00,2026-01-07 00:00:00,,96.97,,,HUJGB-311225-ESD9K,,,,,-https://kotort.com/jaw-strap,"[{""name"":""Last Day SALE 60% OFFAirFlow Jaw Strap - Get 2 AirFlow Jaw Strap SAVE 10% OFF - ONLY DAY"",""quantity"":2,""unitAmount"":45.99}]",4.99,91.98,0,WAZ,STRIPE_RECEIPT_CUSTOMER,WAZ,,ZENIROXPAY,
2026-01-01,txn_3SkcEuK3ZXYJSkRp19dcYXxS,charge,ch_3SkcEuK3ZXYJSkRp1W40opxS,34.98,1.59,33.39,usd,2026-01-01 03:07:00,2026-01-07 00:00:00,,34.98,,,HUJGB-311225-0DWEH,,,,,-https://kotort.com/jaw-strap,"[{""name"":""Last Day SALE 60% OFFAirFlow Jaw Strap - Get 1 AirFlow Jaw Strap"",""quantity"":1,""unitAmount"":29.99}]",4.99,29.99,0,WAZ,STRIPE_RECEIPT_CUSTOMER,WAZ,,ZENIROXPAY,
2026-01-01,txn_3SkcV6K3ZXYJSkRp16o06fmv,charge,ch_3SkcV6K3ZXYJSkRp1KIwhDGs,60.94,2.55,58.39,usd,2026-01-01 03:24:00,2026-01-07 00:00:00,,60.94,,,09P6U-311225-3XNNT,,,,,-https://blyne.velorasignature.com/blyne-hardwood-floor-restorer-polish,"[{""name"":""Blyne Floor Restorer & Polish. - Premium (4.06 oz)/Buy 2, Get 2 FREE (+ Bonus Mop Pad)"",""quantity"":1,""unitAmount"":53.95}]",6.99,53.95,0,Lausan,STRIPE_RECEIPT_CUSTOMER,Vicbea,,ZENIROXPAY,
2026-01-01,txn_3SkcVuK3ZXYJSkRp1CO6iTef,charge,ch_3SkcVuK3ZXYJSkRp1LbmUXaX,34.98,1.59,33.39,usd,2026-01-01 03:25:00,2026-01-07 00:00:00,,34.98,,,HUJGB-311225-CXFSA,,,,,-https://kotort.com/jaw-strap,"[{""name"":""Last Day SALE 60% OFFAirFlow Jaw Strap - Get 1 AirFlow Jaw Strap"",""quantity"":1,""unitAmount"":29.99}]",4.99,29.99,0,WAZ,STRIPE_RECEIPT_CUSTOMER,WAZ,,ZENIROXPAY,
2026-01-01,txn_3SkcWwK3ZXYJSkRp16ya2PB6,charge,ch_3SkcWwK3ZXYJSkRp1Roj77bc,34.98,1.59,33.39,usd,2026-01-01 03:26:00,2026-01-07 00:00:00,,34.98,,,HUJGB-311225-J1G08,,,,,-https://kotort.com/jaw-strap,"[{""name"":""Last Day SALE 60% OFFAirFlow Jaw Strap - Get 1 AirFlow Jaw Strap"",""quantity"":1,""unitAmount"":29.99}]",4.99,29.99,0,WAZ,STRIPE_RECEIPT_CUSTOMER,WAZ,,ZENIROXPAY,
2026-01-01,txn_3SkcZyK3ZXYJSkRp0oJor2U6,charge,ch_3SkcZyK3ZXYJSkRp0n6raB07,34.98,1.59,33.39,usd,2026-01-01 03:29:00,2026-01-07 00:00:00,,34.98,,,HUJGB-311225-WC00J,,,,,-https://kotort.com/jaw-strap,"[{""name"":""Last Day SALE 60% OFFAirFlow Jaw Strap - Get 1 AirFlow Jaw Strap"",""quantity"":1,""unitAmount"":29.99}]",4.99,29.99,0,WAZ,STRIPE_RECEIPT_CUSTOMER,WAZ,,ZENIROXPAY,
2026-01-01,txn_3SkceIK3ZXYJSkRp0O7SsP1e,charge,ch_3SkceIK3ZXYJSkRp0OMeizq6,34.98,1.59,33.39,usd,2026-01-01 03:34:00,2026-01-07 00:00:00,,34.98,,,HUJGB-311225-IJJF8,,,,,-https://kotort.com/jaw-strap,"[{""name"":""Last Day SALE 60% OFFAirFlow Jaw Strap - Get 1 AirFlow Jaw Strap"",""quantity"":1,""unitAmount"":29.99}]",4.99,29.99,0,WAZ,STRIPE_RECEIPT_CUSTOMER,WAZ,,ZENIROXPAY,
2026-01-01,txn_3SkcqrK3ZXYJSkRp0EJwBWyX,charge,ch_3SkcqrK3ZXYJSkRp0YJzIOkR,34.98,1.59,33.39,usd,2026-01-01 03:47:00,2026-01-07 00:00:00,,34.98,,,HUJGB-311225-8P8NW,,,,,-https://kotort.com/jaw-strap,"[{""name"":""Last Day SALE 60% OFFAirFlow Jaw Strap - Get 1 AirFlow Jaw Strap"",""quantity"":1,""unitAmount"":29.99}]",4.99,29.99,0,WAZ,STRIPE_RECEIPT_CUSTOMER,WAZ,,ZENIROXPAY,
2026-01-01,txn_3SkdEZK3ZXYJSkRp0cRbsxUY,charge,ch_3SkdEZK3ZXYJSkRp04vcqDJK,50.98,2.19,48.79,usd,2026-01-01 04:11:00,2026-01-07 00:00:00,,50.98,,,HUJGB-311225-LS1IL,,,,,-https://kotort.com/jaw-strap,"[{""name"":""Last Day SALE 60% OFFAirFlow Jaw Strap - Get 2 AirFlow Jaw Strap SAVE 10% OFF - ONLY DAY"",""quantity"":1,""unitAmount"":45.99}]",4.99,45.99,0,WAZ,STRIPE_RECEIPT_CUSTOMER,WAZ,,ZENIROXPAY,
2026-01-01,txn_3SkdOVK3ZXYJSkRp0ACbCRRD,charge,ch_3SkdOVK3ZXYJSkRp056JcEAm,34.98,1.59,33.39,usd,2026-01-01 04:21:00,2026-01-07 00:00:00,,34.98,,,HUJGB-311225-IFQBY,,,,,-https://kotort.com/jaw-strap,"[{""name"":""Last Day SALE 60% OFFAirFlow Jaw Strap - Get 1 AirFlow Jaw Strap"",""quantity"":1,""unitAmount"":29.99}]",4.99,29.99,0,WAZ,STRIPE_RECEIPT_CUSTOMER,WAZ,,ZENIROXPAY,
2026-01-01,txn_3Skdw8K3ZXYJSkRp0hcNu3V1,charge,ch_3Skdw8K3ZXYJSkRp0Z8RUqPq,34.98,1.59,33.39,usd,2026-01-01 04:56:00,2026-01-07 00:00:00,,34.98,,,HUJGB-311225-JF7X2,,,,,-https://kotort.com/jaw-strap,"[{""name"":""Last Day SALE 60% OFFAirFlow Jaw Strap - Get 1 AirFlow Jaw Strap"",""quantity"":1,""unitAmount"":29.99}]",4.99,29.99,0,WAZ,STRIPE_RECEIPT_CUSTOMER,WAZ,,ZENIROXPAY,
2026-01-01,txn_3Skdz1K3ZXYJSkRp1ZvjCuHV,charge,ch_3Skdz1K3ZXYJSkRp1veGwHuF,34.98,1.59,33.39,usd,2026-01-01 04:59:00,2026-01-07 00:00:00,,34.98,,,HUJGB-311225-R7C7N,,,,,-https://kotort.com/jaw-strap,"[{""name"":""Last Day SALE 60% OFFAirFlow Jaw Strap - Get 1 AirFlow Jaw Strap"",""quantity"":1,""unitAmount"":29.99}]",4.99,29.99,0,WAZ,STRIPE_RECEIPT_CUSTOMER,WAZ,,ZENIROXPAY,
2026-01-01,txn_3Ske3wK3ZXYJSkRp0OV8OUnT,charge,ch_3Ske3wK3ZXYJSkRp0Q3kSELw,34.98,1.59,33.39,usd,2026-01-01 05:04:00,2026-01-07 00:00:00,,34.98,,,HUJGB-311225-2XBDD,,,,,-https://kotort.com/jaw-strap,"[{""name"":""Last Day SALE 60% OFFAirFlow Jaw Strap - Get 1 AirFlow Jaw Strap"",""quantity"":1,""unitAmount"":29.99}]",4.99,29.99,0,WAZ,STRIPE_RECEIPT_CUSTOMER,WAZ,,ZENIROXPAY,
2026-01-01,txn_3Ske9SK3ZXYJSkRp0yxDsZNn,charge,ch_3Ske9SK3ZXYJSkRp03jaXpus,34.98,1.59,33.39,usd,2026-01-01 05:10:00,2026-01-07 00:00:00,,34.98,,,HUJGB-311225-64J9C,,,,,-https://kotort.com/jaw-strap,"[{""name"":""Last Day SALE 60% OFFAirFlow Jaw Strap - Get 1 AirFlow Jaw Strap"",""quantity"":1,""unitAmount"":29.99}]",4.99,29.99,0,WAZ,STRIPE_RECEIPT_CUSTOMER,WAZ,,ZENIROXPAY,
2026-01-01,txn_3SkesYK3ZXYJSkRp08n9rECD,charge,ch_3SkesYK3ZXYJSkRp0GvTteNP,34.98,1.59,33.39,usd,2026-01-01 05:56:00,2026-01-07 00:00:00,,34.98,,,HUJGB-311225-SFNUX,,,,,-https://kotort.com/jaw-strap,"[{""name"":""Last Day SALE 60% OFFAirFlow Jaw Strap - Get 1 AirFlow Jaw Strap"",""quantity"":1,""unitAmount"":29.99}]",4.99,29.99,0,WAZ,STRIPE_RECEIPT_CUSTOMER,WAZ,,ZENIROXPAY,
2026-01-01,txn_3Skf05K3ZXYJSkRp0o44Qs2z,charge,ch_3Skf05K3ZXYJSkRp0XyuRpAH,34.98,1.59,33.39,usd,2026-01-01 06:04:00,2026-01-07 00:00:00,,34.98,,,HUJGB-311225-J788W,,,,,-https://kotort.com/jaw-strap,"[{""name"":""Last Day SALE 60% OFFAirFlow Jaw Strap - Get 1 AirFlow Jaw Strap"",""quantity"":1,""unitAmount"":29.99}]",4.99,29.99,0,WAZ,STRIPE_RECEIPT_CUSTOMER,WAZ,,ZENIROXPAY,
2026-01-01,txn_3Skf8aK3ZXYJSkRp03QxVntK,charge,ch_3Skf8aK3ZXYJSkRp0HdIqpry,34.98,1.59,33.39,usd,2026-01-01 06:13:00,2026-01-07 00:00:00,,34.98,,,HUJGB-311225-T4FIT,,,,,-https://kotort.com/jaw-strap,"[{""name"":""Last Day SALE 60% OFFAirFlow Jaw Strap - Get 1 AirFlow Jaw Strap"",""quantity"":1,""unitAmount"":29.99}]",4.99,29.99,0,WAZ,STRIPE_RECEIPT_CUSTOMER,WAZ,,ZENIROXPAY,
2026-01-01,txn_3SkfDkK3ZXYJSkRp11o3rR1P,charge,ch_3SkfDkK3ZXYJSkRp1DuFWDKe,34.98,1.59,33.39,usd,2026-01-01 06:18:00,2026-01-07 00:00:00,,34.98,,,HUJGB-311225-XIMRY,,,,,-https://kotort.com/jaw-strap,"[{""name"":""Last Day SALE 60% OFFAirFlow Jaw Strap - Get 1 AirFlow Jaw Strap"",""quantity"":1,""unitAmount"":29.99}]",4.99,29.99,0,WAZ,STRIPE_RECEIPT_CUSTOMER,WAZ,,ZENIROXPAY,
2026-01-01,txn_3SkfePK3ZXYJSkRp0XOmeDpF,charge,ch_3SkfePK3ZXYJSkRp0LNBMKSJ,34.98,1.59,33.39,usd,2026-01-01 06:46:00,2026-01-07 00:00:00,,34.98,,,HUJGB-311225-6X2KB,,,,,-https://kotort.com/jaw-strap,"[{""name"":""Last Day SALE 60% OFFAirFlow Jaw Strap - Get 1 AirFlow Jaw Strap"",""quantity"":1,""unitAmount"":29.99}]",4.99,29.99,0,WAZ,STRIPE_RECEIPT_CUSTOMER,WAZ,,ZENIROXPAY,
2026-01-01,txn_3SkfuuK3ZXYJSkRp1nQI1A6Z,charge,ch_3SkfuuK3ZXYJSkRp1bsG4U5Z,34.98,1.59,33.39,usd,2026-01-01 07:03:00,2026-01-07 00:00:00,,34.98,,,HUJGB-311225-F3G8J,,,,,-https://kotort.com/jaw-strap,"[{""name"":""Last Day SALE 60% OFFAirFlow Jaw Strap - Get 1 AirFlow Jaw Strap"",""quantity"":1,""unitAmount"":29.99}]",4.99,29.99,0,WAZ,STRIPE_RECEIPT_CUSTOMER,WAZ,,ZENIROXPAY,
2026-01-01,txn_3Skjs8K3ZXYJSkRp1cEwAW82,charge,ch_3Skjs8K3ZXYJSkRp1c3ApvxZ,34.98,1.59,33.39,usd,2026-01-01 11:16:00,2026-01-07 00:00:00,,34.98,,,HUJGB-010126-ZWI60,,,,,-https://kotort.com/jaw-strap,"[{""name"":""Last Day SALE 60% OFFAirFlow Jaw Strap - Get 1 AirFlow Jaw Strap"",""quantity"":1,""unitAmount"":29.99}]",4.99,29.99,0,WAZ,STRIPE_RECEIPT_CUSTOMER,WAZ,,ZENIROXPAY,
2026-01-01,txn_3SklREK3ZXYJSkRp1xXv8z8R,charge,ch_3SklREK3ZXYJSkRp1hSgzGGp,46.94,2.04,44.9,usd,2026-01-01 12:57:00,2026-01-07 00:00:00,,46.94,,,09P6U-010126-IE60S,,,,,-https://blyne.velorasignature.com/blyne-hardwood-floor-restorer-polish,"[{""name"":""Blyne Floor Restorer & Polish. - Premium (4.06 oz)/Buy 1, Get 1 FREE"",""quantity"":1,""unitAmount"":39.95}]",6.99,39.95,0,Lausan,STRIPE_RECEIPT_CUSTOMER,Vicbea,,ZENIROXPAY,
2026-01-01,txn_3Skm0IK3ZXYJSkRp1kBc4jN8,charge,ch_3Skm0IK3ZXYJSkRp1xX1qcqK,60.94,2.55,58.39,usd,2026-01-01 13:33:00,2026-01-07 00:00:00,,60.94,,,09P6U-010126-ZOMA6,,,,,-https://blyne.velorasignature.com/blyne-hardwood-floor-restorer-polish,"[{""name"":""Blyne Floor Restorer & Polish. - Premium (4.06 oz)/Buy 2, Get 2 FREE (+ Bonus Mop Pad)"",""quantity"":1,""unitAmount"":53.95}]",6.99,53.95,0,Lausan,STRIPE_RECEIPT_CUSTOMER,Vicbea,,ZENIROXPAY,
2026-01-01,txn_3SkmIEK3ZXYJSkRp00g5fSPw,charge,ch_3SkmIEK3ZXYJSkRp0EHkbbwr,46.94,2.04,44.9,usd,2026-01-01 13:51:00,2026-01-07 00:00:00,,46.94,,,09P6U-010126-6ZFYC,,,,,-https://blyne.velorasignature.com/blyne-hardwood-floor-restorer-polish,"[{""name"":""Blyne Floor Restorer & Polish. - Premium (4.06 oz)/Buy 1, Get 1 FREE"",""quantity"":1,""unitAmount"":39.95}]",6.99,39.95,0,Lausan,STRIPE_RECEIPT_CUSTOMER,Vicbea,,ZENIROXPAY,
2026-01-01,txn_3SkmTZK3ZXYJSkRp0jBvzKpk,charge,ch_3SkmTZK3ZXYJSkRp0bMNqKuU,50.98,2.19,48.79,usd,2026-01-01 14:03:00,2026-01-07 00:00:00,,50.98,,,HUJGB-010126-SPMPN,,,,,-https://kotort.com/jaw-strap,"[{""name"":""Last Day SALE 60% OFFAirFlow Jaw Strap - Get 2 AirFlow Jaw Strap SAVE 10% OFF - ONLY DAY"",""quantity"":1,""unitAmount"":45.99}]",4.99,45.99,0,WAZ,STRIPE_RECEIPT_CUSTOMER,WAZ,,ZENIROXPAY,
2026-01-01,txn_3SknXvK3ZXYJSkRp17UkQ2Vm,charge,ch_3SknXvK3ZXYJSkRp1sRfLUdz,46.94,2.04,44.9,usd,2026-01-01 15:12:00,2026-01-07 00:00:00,,46.94,,,09P6U-010126-1C0RB,,,,,-https://blyne.velorasignature.com/blyne-hardwood-floor-restorer-polish,"[{""name"":""Blyne Floor Restorer & Polish. - Premium (4.06 oz)/Buy 1, Get 1 FREE"",""quantity"":1,""unitAmount"":39.95}]",6.99,39.95,0,Lausan,STRIPE_RECEIPT_CUSTOMER,Vicbea,,ZENIROXPAY,
2026-01-01,txn_3SknmzK3ZXYJSkRp0xETViU1,charge,ch_3SknmzK3ZXYJSkRp0wTCGTlF,46.94,2.04,44.9,usd,2026-01-01 15:27:00,2026-01-07 00:00:00,,46.94,,,09P6U-010126-HR3BD,,,,,-https://blyne.velorasignature.com/blyne-hardwood-floor-restorer-polish,"[{""name"":""Blyne Floor Restorer & Polish. - Premium (4.06 oz)/Buy 1, Get 1 FREE"",""quantity"":1,""unitAmount"":39.95}]",6.99,39.95,0,Lausan,STRIPE_RECEIPT_CUSTOMER,Vicbea,,ZENIROXPAY,
2026-01-01,txn_3SknsEK3ZXYJSkRp1dHSWMVG,charge,ch_3SknsEK3ZXYJSkRp1Vq5sYht,80.97,3.3,77.67,usd,2026-01-01 15:33:00,2026-01-07 00:00:00,,80.97,,,HUJGB-010126-LDN54,,,,,-https://kotort.com/jaw-strap,"[{""name"":""Last Day SALE 60% OFFAirFlow Jaw Strap - Get 2 AirFlow Jaw Strap SAVE 10% OFF - ONLY DAY"",""quantity"":1,""unitAmount"":45.99},{""name"":""Last Day SALE 60% OFFAirFlow Jaw Strap - Get 1 AirFlow Jaw Strap"",""quantity"":1,""unitAmount"":29.99}]",4.99,75.98,0,WAZ,STRIPE_RECEIPT_CUSTOMER,WAZ,,ZENIROXPAY,
2026-01-01,txn_3SknyMK3ZXYJSkRp04pgKGdt,charge,ch_3SknyMK3ZXYJSkRp0UDiBE1e,64.97,2.7,62.27,usd,2026-01-01 15:39:00,2026-01-07 00:00:00,,64.97,,,HUJGB-010126-WXCM2,,,,,-https://kotort.com/jaw-strap,"[{""name"":""Last Day SALE 60% OFFAirFlow Jaw Strap - Get 1 AirFlow Jaw Strap"",""quantity"":2,""unitAmount"":29.99}]",4.99,59.98,0,WAZ,STRIPE_RECEIPT_CUSTOMER,WAZ,,ZENIROXPAY,
2026-01-01,txn_3Sknz5K3ZXYJSkRp1jNC7sW6,charge,ch_3Sknz5K3ZXYJSkRp12EwEs9M,34.98,1.59,33.39,usd,2026-01-01 15:40:00,2026-01-07 00:00:00,,34.98,,,HUJGB-010126-WM92B,,,,,-https://kotort.com/jaw-strap,"[{""name"":""Last Day SALE 60% OFFAirFlow Jaw Strap - Get 1 AirFlow Jaw Strap"",""quantity"":1,""unitAmount"":29.99}]",4.99,29.99,0,WAZ,STRIPE_RECEIPT_CUSTOMER,WAZ,,ZENIROXPAY,
2026-01-01,txn_3Sko0CK3ZXYJSkRp0nEtXdHG,charge,ch_3Sko0CK3ZXYJSkRp03p0ft9J,34.98,1.59,33.39,usd,2026-01-01 15:41:00,2026-01-07 00:00:00,,34.98,,,HUJGB-010126-MZDLU,,,,,-https://kotort.com/jaw-strap,"[{""name"":""Last Day SALE 60% OFFAirFlow Jaw Strap - Get 1 AirFlow Jaw Strap"",""quantity"":1,""unitAmount"":29.99}]",4.99,29.99,0,WAZ,STRIPE_RECEIPT_CUSTOMER,WAZ,,ZENIROXPAY,
2026-01-01,txn_3SkoBVK3ZXYJSkRp0qdUMKqK,charge,ch_3SkoBVK3ZXYJSkRp00pNCIxm,34.98,1.59,33.39,usd,2026-01-01 15:53:00,2026-01-07 00:00:00,,34.98,,,HUJGB-010126-NGTB1,,,,,-https://kotort.com/jaw-strap,"[{""name"":""Last Day SALE 60% OFFAirFlow Jaw Strap - Get 1 AirFlow Jaw Strap"",""quantity"":1,""unitAmount"":29.99}]",4.99,29.99,0,WAZ,STRIPE_RECEIPT_CUSTOMER,WAZ,,ZENIROXPAY,
2026-01-01,txn_3SkoDIK3ZXYJSkRp1tsPx1qq,charge,ch_3SkoDIK3ZXYJSkRp18kLDC7p,50.98,2.19,48.79,usd,2026-01-01 15:55:00,2026-01-07 00:00:00,,50.98,,,HUJGB-010126-ASJB4,,,,,-https://kotort.com/jaw-strap,"[{""name"":""Last Day SALE 60% OFFAirFlow Jaw Strap - Get 2 AirFlow Jaw Strap SAVE 10% OFF - ONLY DAY"",""quantity"":1,""unitAmount"":45.99}]",4.99,45.99,0,WAZ,STRIPE_RECEIPT_CUSTOMER,WAZ,,ZENIROXPAY,
2026-01-01,txn_3SkoY1K3ZXYJSkRp0PFxIze6,charge,ch_3SkoY1K3ZXYJSkRp0uGhRPyf,56.98,2.41,54.57,usd,2026-01-01 16:16:00,2026-01-07 00:00:00,,56.98,,,IQ1N5-010126-8TJFB,,,3,4.99,-https://wrboorsh.com/anxieety,"[{""name"":""Anxiety Bookshelf | Shake Away Your Anxiety - Brown"",""quantity"":1,""unitAmount"":29.99},{""name"":""Anxiety Bookshelf | Shake Away Your Anxiety - Purple"",""quantity"":1,""unitAmount"":29.99}]",4.99,59.98,0,FFT HBA,STRIPE_RECEIPT_CUSTOMER,HBA,,ZENIROXPAY,
2026-01-01,txn_3Skok2K3ZXYJSkRp1u0tD9YR,charge,ch_3Skok2K3ZXYJSkRp1QKqznpd,34.98,1.59,33.39,usd,2026-01-01 16:28:00,2026-01-07 00:00:00,,34.98,,,HUJGB-010126-NLA11,,,,,-https://kotort.com/jaw-strap,"[{""name"":""Last Day SALE 60% OFFAirFlow Jaw Strap - Get 1 AirFlow Jaw Strap"",""quantity"":1,""unitAmount"":29.99}]",4.99,29.99,0,WAZ,STRIPE_RECEIPT_CUSTOMER,WAZ,,ZENIROXPAY,
2026-01-01,txn_3SkorwK3ZXYJSkRp0vY9hzB6,charge,ch_3SkorwK3ZXYJSkRp0EpBlXOF,34.98,1.59,33.39,usd,2026-01-01 16:37:00,2026-01-07 00:00:00,,34.98,,,IQ1N5-010126-CSF1V,,,,,-https://wrboorsh.com/anxieety,"[{""name"":""Anxiety Bookshelf | Shake Away Your Anxiety - Black"",""quantity"":1,""unitAmount"":29.99}]",4.99,29.99,0,FFT HBA,STRIPE_RECEIPT_CUSTOMER,HBA,,ZENIROXPAY,
2026-01-01,txn_3SkovYK3ZXYJSkRp0YqVC7Q4,charge,ch_3SkovYK3ZXYJSkRp0gx2d9zx,34.98,1.59,33.39,usd,2026-01-01 16:40:00,2026-01-07 00:00:00,,34.98,,,HUJGB-010126-JF9CE,,,,,-https://kotort.com/jaw-strap,"[{""name"":""Last Day SALE 60% OFFAirFlow Jaw Strap - Get 1 AirFlow Jaw Strap"",""quantity"":1,""unitAmount"":29.99}]",4.99,29.99,0,WAZ,STRIPE_RECEIPT_CUSTOMER,WAZ,,ZENIROXPAY,
2026-01-01,txn_3SkoxEK3ZXYJSkRp15d5L5Lp,charge,ch_3SkoxEK3ZXYJSkRp1hGpcT3R,34.98,1.59,33.39,usd,2026-01-01 16:42:00,2026-01-07 00:00:00,,34.98,,,HUJGB-010126-YQIOL,,,,,-https://kotort.com/jaw-strap,"[{""name"":""Last Day SALE 60% OFFAirFlow Jaw Strap - Get 1 AirFlow Jaw Strap"",""quantity"":1,""unitAmount"":29.99}]",4.99,29.99,0,WAZ,STRIPE_RECEIPT_CUSTOMER,WAZ,,ZENIROXPAY,
2026-01-01,txn_3SkpKsK3ZXYJSkRp00C7T3vq,charge,ch_3SkpKsK3ZXYJSkRp0L4BTSp0,64.97,2.7,62.27,usd,2026-01-01 17:06:00,2026-01-07 00:00:00,,64.97,,,HUJGB-010126-PDQNL,,,,,-https://kotort.com/jaw-strap,"[{""name"":""Last Day SALE 60% OFFAirFlow Jaw Strap - Get 1 AirFlow Jaw Strap"",""quantity"":2,""unitAmount"":29.99}]",4.99,59.98,0,WAZ,STRIPE_RECEIPT_CUSTOMER,WAZ,,ZENIROXPAY,
2026-01-01,txn_3SkpuHK3ZXYJSkRp1QoIPVAX,charge,ch_3SkpuHK3ZXYJSkRp1eaV4vDi,50.98,2.19,48.79,usd,2026-01-01 17:43:00,2026-01-07 00:00:00,,50.98,,,HUJGB-010126-DO37R,,,,,-https://kotort.com/jaw-strap,"[{""name"":""Last Day SALE 60% OFFAirFlow Jaw Strap - Get 2 AirFlow Jaw Strap SAVE 10% OFF - ONLY DAY"",""quantity"":1,""unitAmount"":45.99}]",4.99,45.99,0,WAZ,STRIPE_RECEIPT_CUSTOMER,WAZ,,ZENIROXPAY,
2026-01-01,txn_3SkqCGK3ZXYJSkRp0EzKBBbE,charge,ch_3SkqCGK3ZXYJSkRp0U290dPt,34.98,1.59,33.39,usd,2026-01-01 18:02:00,2026-01-07 00:00:00,,34.98,,,HUJGB-010126-HY8BA,,,,,-https://kotort.com/jaw-strap,"[{""name"":""Last Day SALE 60% OFFAirFlow Jaw Strap - Get 1 AirFlow Jaw Strap"",""quantity"":1,""unitAmount"":29.99}]",4.99,29.99,0,WAZ,STRIPE_RECEIPT_CUSTOMER,WAZ,,ZENIROXPAY,
2026-01-01,txn_3SkqGEK3ZXYJSkRp03R5JGfX,charge,ch_3SkqGEK3ZXYJSkRp0Xvt7pnG,34.98,1.59,33.39,usd,2026-01-01 18:06:00,2026-01-07 00:00:00,,34.98,,,HUJGB-010126-1PAHH,,,,,-https://kotort.com/jaw-strap,"[{""name"":""Last Day SALE 60% OFFAirFlow Jaw Strap - Get 1 AirFlow Jaw Strap"",""quantity"":1,""unitAmount"":29.99}]",4.99,29.99,0,WAZ,STRIPE_RECEIPT_CUSTOMER,WAZ,,ZENIROXPAY,
2026-01-01,txn_3SkqHuK3ZXYJSkRp0uIZwHMS,charge,ch_3SkqHuK3ZXYJSkRp0i507cet,34.98,1.59,33.39,usd,2026-01-01 18:07:00,2026-01-07 00:00:00,,34.98,,,HUJGB-010126-2C73G,,,,,-https://kotort.com/jaw-strap,"[{""name"":""Last Day SALE 60% OFFAirFlow Jaw Strap - Get 1 AirFlow Jaw Strap"",""quantity"":1,""unitAmount"":29.99}]",4.99,29.99,0,WAZ,STRIPE_RECEIPT_CUSTOMER,WAZ,,ZENIROXPAY,
2026-01-01,txn_3SkqWzK3ZXYJSkRp0uHQ1un1,charge,ch_3SkqWzK3ZXYJSkRp0p9Kl7In,34.98,1.59,33.39,usd,2026-01-01 18:23:00,2026-01-07 00:00:00,,34.98,,,HUJGB-010126-U78J4,,,,,-https://kotort.com/jaw-strap,"[{""name"":""Last Day SALE 60% OFFAirFlow Jaw Strap - Get 1 AirFlow Jaw Strap"",""quantity"":1,""unitAmount"":29.99}]",4.99,29.99,0,WAZ,STRIPE_RECEIPT_CUSTOMER,WAZ,,ZENIROXPAY,
2026-01-01,txn_3SkqXcK3ZXYJSkRp17qHMBTr,charge,ch_3SkqXcK3ZXYJSkRp1ChTuWhn,60.94,2.55,58.39,usd,2026-01-01 18:24:00,2026-01-07 00:00:00,,60.94,,,09P6U-010126-3MH9H,,,,,-https://blyne.velorasignature.com/blyne-hardwood-floor-restorer-polish,"[{""name"":""Blyne Floor Restorer & Polish. - Premium (4.06 oz)/Buy 2, Get 2 FREE (+ Bonus Mop Pad)"",""quantity"":1,""unitAmount"":53.95}]",6.99,53.95,0,Lausan,STRIPE_RECEIPT_CUSTOMER,Vicbea,,ZENIROXPAY,
2026-01-01,txn_3Skqa4K3ZXYJSkRp0wsI1sfy,charge,ch_3Skqa4K3ZXYJSkRp0ysS7268,34.98,1.59,33.39,usd,2026-01-01 18:26:00,2026-01-07 00:00:00,,34.98,,,HUJGB-010126-V3GQN,,,,,-https://kotort.com/jaw-strap,"[{""name"":""Last Day SALE 60% OFFAirFlow Jaw Strap - Get 1 AirFlow Jaw Strap"",""quantity"":1,""unitAmount"":29.99}]",4.99,29.99,0,WAZ,STRIPE_RECEIPT_CUSTOMER,WAZ,,ZENIROXPAY,
2026-01-01,txn_3Skr1qK3ZXYJSkRp0FxjNH7M,charge,ch_3Skr1qK3ZXYJSkRp0A3WNnlg,34.98,1.59,33.39,usd,2026-01-01 18:55:00,2026-01-07 00:00:00,,34.98,,,HUJGB-010126-184MT,,,,,-https://kotort.com/jaw-strap,"[{""name"":""Last Day SALE 60% OFFAirFlow Jaw Strap - Get 1 AirFlow Jaw Strap"",""quantity"":1,""unitAmount"":29.99}]",4.99,29.99,0,WAZ,STRIPE_RECEIPT_CUSTOMER,WAZ,,ZENIROXPAY,
2026-01-01,txn_3Skr9PK3ZXYJSkRp0Bh4NB50,charge,ch_3Skr9PK3ZXYJSkRp01wwQjlQ,34.98,1.59,33.39,usd,2026-01-01 19:03:00,2026-01-07 00:00:00,,34.98,,,HUJGB-010126-5HKKS,,,,,-https://kotort.com/jaw-strap,"[{""name"":""Last Day SALE 60% OFFAirFlow Jaw Strap - Get 1 AirFlow Jaw Strap"",""quantity"":1,""unitAmount"":29.99}]",4.99,29.99,0,WAZ,STRIPE_RECEIPT_CUSTOMER,WAZ,,ZENIROXPAY,
2026-01-01,txn_3SkroHK3ZXYJSkRp0w0qYZZm,charge,ch_3SkroHK3ZXYJSkRp01T9Lqlh,60.94,2.55,58.39,usd,2026-01-01 19:45:00,2026-01-07 00:00:00,,60.94,,,09P6U-010126-FD9RN,,,,,-https://blyne.velorasignature.com/blyne-hardwood-floor-restorer-polish,"[{""name"":""Blyne Floor Restorer & Polish. - Premium (4.06 oz)/Buy 2, Get 2 FREE (+ Bonus Mop Pad)"",""quantity"":1,""unitAmount"":53.95}]",6.99,53.95,0,Lausan,STRIPE_RECEIPT_CUSTOMER,Vicbea,,ZENIROXPAY,
2026-01-01,txn_3Sks47K3ZXYJSkRp1ToEWD4Y,charge,ch_3Sks47K3ZXYJSkRp1Fk0gnE6,64.97,2.7,62.27,usd,2026-01-01 20:01:00,2026-01-07 00:00:00,,64.97,,,HUJGB-010126-C6WXB,,,,,-https://kotort.com/jaw-strap,"[{""name"":""Last Day SALE 60% OFFAirFlow Jaw Strap - Get 1 AirFlow Jaw Strap"",""quantity"":2,""unitAmount"":29.99}]",4.99,59.98,0,WAZ,STRIPE_RECEIPT_CUSTOMER,WAZ,,ZENIROXPAY,
2026-01-01,txn_3SksQiK3ZXYJSkRp0Rh6mIyQ,charge,ch_3SksQiK3ZXYJSkRp0J1Xk3V6,46.94,2.04,44.9,usd,2026-01-01 20:25:00,2026-01-07 00:00:00,,46.94,,,09P6U-010126-3LCDO,,,,,-https://blyne.velorasignature.com/blyne-hardwood-floor-restorer-polish,"[{""name"":""Blyne Floor Restorer & Polish. - Premium (4.06 oz)/Buy 1, Get 1 FREE"",""quantity"":1,""unitAmount"":39.95}]",6.99,39.95,0,Lausan,STRIPE_RECEIPT_CUSTOMER,Vicbea,,ZENIROXPAY,
2026-01-01,txn_3SkslZK3ZXYJSkRp1b5UPpWH,charge,ch_3SkslZK3ZXYJSkRp15o5yWwU,50.98,2.19,48.79,usd,2026-01-01 20:46:00,2026-01-07 00:00:00,,50.98,,,HUJGB-010126-YC7XR,,,,,-https://kotort.com/jaw-strap,"[{""name"":""Last Day SALE 60% OFFAirFlow Jaw Strap - Get 2 AirFlow Jaw Strap SAVE 10% OFF - ONLY DAY"",""quantity"":1,""unitAmount"":45.99}]",4.99,45.99,0,WAZ,STRIPE_RECEIPT_CUSTOMER,WAZ,,ZENIROXPAY,
2026-01-01,txn_3SksnIK3ZXYJSkRp0JQ7O6KM,charge,ch_3SksnIK3ZXYJSkRp0xeVBLGB,46.94,2.04,44.9,usd,2026-01-01 20:48:00,2026-01-07 00:00:00,,46.94,,,09P6U-010126-FHBIQ,,,,,-https://blyne.velorasignature.com/blyne-hardwood-floor-restorer-polish,"[{""name"":""Blyne Floor Restorer & Polish. - Premium (4.06 oz)/Buy 1, Get 1 FREE"",""quantity"":1,""unitAmount"":39.95}]",6.99,39.95,0,Lausan,STRIPE_RECEIPT_CUSTOMER,Vicbea,,ZENIROXPAY,
2026-01-01,txn_3SkstuK3ZXYJSkRp1ZLNer7L,charge,ch_3SkstuK3ZXYJSkRp1U75QjpX,114.89,4.55,110.34,usd,2026-01-01 20:55:00,2026-01-07 00:00:00,,114.89,,,09P6U-010126-WW62E,,,,,-https://blyne.velorasignature.com/blyne-hardwood-floor-restorer-polish,"[{""name"":""Blyne Floor Restorer & Polish. - Premium (4.06 oz)/Buy 2, Get 2 FREE (+ Bonus Mop Pad)"",""quantity"":2,""unitAmount"":53.95}]",6.99,107.9,0,Lausan,STRIPE_RECEIPT_CUSTOMER,Vicbea,,ZENIROXPAY,
2026-01-01,txn_3SktRpK3ZXYJSkRp1kKdxnOy,charge,ch_3SktRpK3ZXYJSkRp1cZqTCwb,56.94,2.41,54.53,usd,2026-01-01 21:30:00,2026-01-07 00:00:00,,56.94,,,09P6U-010126-LEKYP,,,,,-https://blyne.velorasignature.com/blyne-hardwood-floor-restorer-polish,"[{""name"":""Blyne Floor Restorer & Polish. - Standard (4.06 oz)/Buy 2, Get 2 FREE (+ Bonus Mop Pad)"",""quantity"":1,""unitAmount"":49.95}]",6.99,49.95,0,Lausan,STRIPE_RECEIPT_CUSTOMER,Vicbea,,ZENIROXPAY,
2026-01-01,txn_3Sku3TK3ZXYJSkRp0OYSJa5a,charge,ch_3Sku3TK3ZXYJSkRp0zjpnPEd,34.98,1.59,33.39,usd,2026-01-01 22:09:00,2026-01-07 00:00:00,,34.98,,,HUJGB-010126-DFPTC,,,,,-https://kotort.com/jaw-strap,"[{""name"":""Last Day SALE 60% OFFAirFlow Jaw Strap - Get 1 AirFlow Jaw Strap"",""quantity"":1,""unitAmount"":29.99}]",4.99,29.99,0,WAZ,STRIPE_RECEIPT_CUSTOMER,WAZ,,ZENIROXPAY,
2026-01-01,txn_3Sku6ZK3ZXYJSkRp1qnjk9KH,charge,ch_3Sku6ZK3ZXYJSkRp151xQbpQ,64.98,2.7,62.28,usd,2026-01-01 22:12:00,2026-01-07 00:00:00,,64.98,,,HUJGB-010126-B0EX9,,,,,-https://kotort.com/jaw-strap,"[{""name"":""Last Day SALE 60% OFFAirFlow Jaw Strap - Get 3 AirFlow Jaw Strap SAVE 20% OFF - ONLY DAY"",""quantity"":1,""unitAmount"":59.99}]",4.99,59.99,0,WAZ,STRIPE_RECEIPT_CUSTOMER,WAZ,,ZENIROXPAY,
2026-01-01,txn_3SkuGHK3ZXYJSkRp1MfDvcv0,charge,ch_3SkuGHK3ZXYJSkRp12qSKvof,34.98,1.59,33.39,usd,2026-01-01 22:22:00,2026-01-07 00:00:00,,34.98,,,HUJGB-010126-P4XK4,,,,,-https://kotort.com/jaw-strap,"[{""name"":""Last Day SALE 60% OFFAirFlow Jaw Strap - Get 1 AirFlow Jaw Strap"",""quantity"":1,""unitAmount"":29.99}]",4.99,29.99,0,WAZ,STRIPE_RECEIPT_CUSTOMER,WAZ,,ZENIROXPAY,
2026-01-01,txn_3SkuRHK3ZXYJSkRp0G6CAp0X,charge,ch_3SkuRHK3ZXYJSkRp0Md451xi,34.98,1.59,33.39,usd,2026-01-01 22:33:00,2026-01-07 00:00:00,,34.98,,,IQ1N5-010126-K9THM,,,,,-https://wrboorsh.com/anxieety,"[{""name"":""Anxiety Bookshelf | Shake Away Your Anxiety - Purple"",""quantity"":1,""unitAmount"":29.99}]",4.99,29.99,0,FFT HBA,STRIPE_RECEIPT_CUSTOMER,HBA,,ZENIROXPAY,
2026-01-01,txn_3SkuejK3ZXYJSkRp1wOX4fEH,charge,ch_3SkuejK3ZXYJSkRp1cPtEAvz,34.98,1.59,33.39,usd,2026-01-01 22:47:00,2026-01-07 00:00:00,,34.98,,,HUJGB-010126-82EDC,,,,,-https://kotort.com/jaw-strap,"[{""name"":""Last Day SALE 60% OFFAirFlow Jaw Strap - Get 1 AirFlow Jaw Strap"",""quantity"":1,""unitAmount"":29.99}]",4.99,29.99,0,WAZ,STRIPE_RECEIPT_CUSTOMER,WAZ,,ZENIROXPAY,
2026-01-01,txn_3SkuiUK3ZXYJSkRp0tlb2f2c,charge,ch_3SkuiUK3ZXYJSkRp0QYwEh9a,50.98,2.19,48.79,usd,2026-01-01 22:51:00,2026-01-07 00:00:00,,50.98,,,HUJGB-010126-UNTOL,,,,,-https://kotort.com/jaw-strap,"[{""name"":""Last Day SALE 60% OFFAirFlow Jaw Strap - Get 2 AirFlow Jaw Strap SAVE 10% OFF - ONLY DAY"",""quantity"":1,""unitAmount"":45.99}]",4.99,45.99,0,WAZ,STRIPE_RECEIPT_CUSTOMER,WAZ,,ZENIROXPAY,
2026-01-01,txn_3SkulkK3ZXYJSkRp1Hw5BPiL,charge,ch_3SkulkK3ZXYJSkRp182x6Qd4,50.98,2.19,48.79,usd,2026-01-01 22:55:00,2026-01-07 00:00:00,,50.98,,,HUJGB-010126-KULB8,,,,,-https://kotort.com/jaw-strap,"[{""name"":""Last Day SALE 60% OFFAirFlow Jaw Strap - Get 2 AirFlow Jaw Strap SAVE 10% OFF - ONLY DAY"",""quantity"":1,""unitAmount"":45.99}]",4.99,45.99,0,WAZ,STRIPE_RECEIPT_CUSTOMER,WAZ,,ZENIROXPAY,
2026-01-01,txn_3SkupbK3ZXYJSkRp0S64uqpz,charge,ch_3SkupbK3ZXYJSkRp0YHg1X0r,34.98,1.59,33.39,usd,2026-01-01 22:59:00,2026-01-07 00:00:00,,34.98,,,HUJGB-010126-SMB3L,,,,,-https://kotort.com/jaw-strap,"[{""name"":""Last Day SALE 60% OFFAirFlow Jaw Strap - Get 1 AirFlow Jaw Strap"",""quantity"":1,""unitAmount"":29.99}]",4.99,29.99,0,WAZ,STRIPE_RECEIPT_CUSTOMER,WAZ,,ZENIROXPAY,
2026-01-01,txn_3Skv4pK3ZXYJSkRp1Otsr4re,charge,ch_3Skv4pK3ZXYJSkRp1vvoGgzE,64.97,2.7,62.27,usd,2026-01-01 23:14:00,2026-01-07 00:00:00,,64.97,,,HUJGB-010126-NQIDI,,,,,-https://kotort.com/jaw-strap,"[{""name"":""Last Day SALE 60% OFFAirFlow Jaw Strap - Get 1 AirFlow Jaw Strap"",""quantity"":2,""unitAmount"":29.99}]",4.99,59.98,0,WAZ,STRIPE_RECEIPT_CUSTOMER,WAZ,,ZENIROXPAY,
2026-01-01,txn_3SkvPZK3ZXYJSkRp0eTqD04k,charge,ch_3SkvPZK3ZXYJSkRp0qlEDKMv,34.98,1.59,33.39,usd,2026-01-01 23:36:00,2026-01-07 00:00:00,,34.98,,,HUJGB-010126-D5JVB,,,,,-https://kotort.com/jaw-strap,"[{""name"":""Last Day SALE 60% OFFAirFlow Jaw Strap - Get 1 AirFlow Jaw Strap"",""quantity"":1,""unitAmount"":29.99}]",4.99,29.99,0,WAZ,STRIPE_RECEIPT_CUSTOMER,WAZ,,ZENIROXPAY,
2026-01-01,txn_3SkvWGK3ZXYJSkRp0E1b33Co,charge,ch_3SkvWGK3ZXYJSkRp064mDq5e,34.98,1.59,33.39,usd,2026-01-01 23:43:00,2026-01-07 00:00:00,,34.98,,,HUJGB-010126-W7BXT,,,,,-https://kotort.com/jaw-strap,"[{""name"":""Last Day SALE 60% OFFAirFlow Jaw Strap - Get 1 AirFlow Jaw Strap"",""quantity"":1,""unitAmount"":29.99}]",4.99,29.99,0,WAZ,STRIPE_RECEIPT_CUSTOMER,WAZ,,ZENIROXPAY,
2026-01-01,txn_3SkvWXK3ZXYJSkRp1DhzBJJP,charge,ch_3SkvWXK3ZXYJSkRp1sMIywRx,34.98,1.59,33.39,usd,2026-01-01 23:43:00,2026-01-07 00:00:00,,34.98,,,HUJGB-010126-IY1B3,,,,,-https://kotort.com/jaw-strap,"[{""name"":""Last Day SALE 60% OFFAirFlow Jaw Strap - Get 1 AirFlow Jaw Strap"",""quantity"":1,""unitAmount"":29.99}]",4.99,29.99,0,WAZ,STRIPE_RECEIPT_CUSTOMER,WAZ,,ZENIROXPAY,
2026-01-01,txn_3SkvajK3ZXYJSkRp0J1AT3Df,charge,ch_3SkvajK3ZXYJSkRp0HGFuWug,64.97,2.7,62.27,usd,2026-01-01 23:47:00,2026-01-07 00:00:00,,64.97,,,HUJGB-010126-CNUBX,,,,,-https://kotort.com/jaw-strap,"[{""name"":""Last Day SALE 60% OFFAirFlow Jaw Strap - Get 1 AirFlow Jaw Strap"",""quantity"":2,""unitAmount"":29.99}]",4.99,59.98,0,WAZ,STRIPE_RECEIPT_CUSTOMER,WAZ,,ZENIROXPAY,
2026-01-01,txn_3SkveaK3ZXYJSkRp1ZbiLItJ,charge,ch_3SkveaK3ZXYJSkRp1iGOzvH5,34.98,1.59,33.39,usd,2026-01-01 23:51:00,2026-01-07 00:00:00,,34.98,,,HUJGB-010126-DOD3S,,,,,-https://kotort.com/jaw-strap,"[{""name"":""Last Day SALE 60% OFFAirFlow Jaw Strap - Get 1 AirFlow Jaw Strap"",""quantity"":1,""unitAmount"":29.99}]",4.99,29.99,0,WAZ,STRIPE_RECEIPT_CUSTOMER,WAZ,,ZENIROXPAY,
2026-01-02,txn_3SkvprK3ZXYJSkRp0uRu4mAl,charge,ch_3SkvprK3ZXYJSkRp003UMwKy,34.98,1.59,33.39,usd,2026-01-02 00:03:00,2026-01-07 00:00:00,,34.98,,,HUJGB-010126-EDR6R,,,,,-https://kotort.com/jaw-strap,"[{""name"":""Last Day SALE 60% OFFAirFlow Jaw Strap - Get 1 AirFlow Jaw Strap"",""quantity"":1,""unitAmount"":29.99}]",4.99,29.99,0,WAZ,STRIPE_RECEIPT_CUSTOMER,WAZ,,ZENIROXPAY,
2026-01-02,txn_3SkvtfK3ZXYJSkRp1u8IOhzd,charge,ch_3SkvtfK3ZXYJSkRp16T464Yi,34.98,1.59,33.39,usd,2026-01-02 00:07:00,2026-01-07 00:00:00,,34.98,,,HUJGB-010126-VWMX5,,,,,-https://kotort.com/jaw-strap,"[{""name"":""Last Day SALE 60% OFFAirFlow Jaw Strap - Get 1 AirFlow Jaw Strap"",""quantity"":1,""unitAmount"":29.99}]",4.99,29.99,0,WAZ,STRIPE_RECEIPT_CUSTOMER,WAZ,,ZENIROXPAY,
2026-01-02,txn_3SkvvIK3ZXYJSkRp1wsxFLbx,charge,ch_3SkvvIK3ZXYJSkRp16vY0bn6,34.98,1.59,33.39,usd,2026-01-02 00:08:00,2026-01-07 00:00:00,,34.98,,,HUJGB-010126-HRW6X,,,,,-https://kotort.com/jaw-strap,"[{""name"":""Last Day SALE 60% OFFAirFlow Jaw Strap - Get 1 AirFlow Jaw Strap"",""quantity"":1,""unitAmount"":29.99}]",4.99,29.99,0,WAZ,STRIPE_RECEIPT_CUSTOMER,WAZ,,ZENIROXPAY,
2026-01-02,txn_3Skvx3K3ZXYJSkRp1B2onMSl,charge,ch_3Skvx3K3ZXYJSkRp18GC3IJa,46.94,2.04,44.9,usd,2026-01-02 00:10:00,2026-01-07 00:00:00,,46.94,,,09P6U-010126-8ZPZB,,,,,-https://blyne.velorasignature.com/blyne-hardwood-floor-restorer-polish,"[{""name"":""Blyne Floor Restorer & Polish. - Premium (4.06 oz)/Buy 1, Get 1 FREE"",""quantity"":1,""unitAmount"":39.95}]",6.99,39.95,0,Lausan,STRIPE_RECEIPT_CUSTOMER,Vicbea,,ZENIROXPAY,
2026-01-02,txn_3Skw30K3ZXYJSkRp1saAMIYq,charge,ch_3Skw30K3ZXYJSkRp1Szg89rn,34.98,1.59,33.39,usd,2026-01-02 00:16:00,2026-01-07 00:00:00,,34.98,,,HUJGB-010126-5S40H,,,,,-https://kotort.com/jaw-strap,"[{""name"":""Last Day SALE 60% OFFAirFlow Jaw Strap - Get 1 AirFlow Jaw Strap"",""quantity"":1,""unitAmount"":29.99}]",4.99,29.99,0,WAZ,STRIPE_RECEIPT_CUSTOMER,WAZ,,ZENIROXPAY,
2026-01-02,txn_3SkwFAK3ZXYJSkRp0BOuXfnb,charge,ch_3SkwFAK3ZXYJSkRp0hqmSLrB,34.98,1.59,33.39,usd,2026-01-02 00:29:00,2026-01-07 00:00:00,,34.98,,,HUJGB-010126-35FJX,,,,,-https://kotort.com/jaw-strap,"[{""name"":""Last Day SALE 60% OFFAirFlow Jaw Strap - Get 1 AirFlow Jaw Strap"",""quantity"":1,""unitAmount"":29.99}]",4.99,29.99,0,WAZ,STRIPE_RECEIPT_CUSTOMER,WAZ,,ZENIROXPAY,
2026-01-02,txn_3SkwGZK3ZXYJSkRp1EGt2GLJ,charge,ch_3SkwGZK3ZXYJSkRp1JxSw3cr,34.98,1.59,33.39,usd,2026-01-02 00:30:00,2026-01-07 00:00:00,,34.98,,,HUJGB-010126-DX64L,,,,,-https://kotort.com/jaw-strap,"[{""name"":""Last Day SALE 60% OFFAirFlow Jaw Strap - Get 1 AirFlow Jaw Strap"",""quantity"":1,""unitAmount"":29.99}]",4.99,29.99,0,WAZ,STRIPE_RECEIPT_CUSTOMER,WAZ,,ZENIROXPAY,
2026-01-02,txn_3SkwMqK3ZXYJSkRp09MAApJs,charge,ch_3SkwMqK3ZXYJSkRp0TIU1tVP,34.98,1.59,33.39,usd,2026-01-02 00:37:00,2026-01-07 00:00:00,,34.98,,,HUJGB-010126-JE5V1,,,,,-https://kotort.com/jaw-strap,"[{""name"":""Last Day SALE 60% OFFAirFlow Jaw Strap - Get 1 AirFlow Jaw Strap"",""quantity"":1,""unitAmount"":29.99}]",4.99,29.99,0,WAZ,STRIPE_RECEIPT_CUSTOMER,WAZ,,ZENIROXPAY,
2026-01-02,txn_3SkwVpK3ZXYJSkRp1by34mv2,charge,ch_3SkwVpK3ZXYJSkRp14URuXHE,64.97,2.7,62.27,usd,2026-01-02 00:46:00,2026-01-07 00:00:00,,64.97,,,HUJGB-010126-A2KU1,,,,,-https://kotort.com/jaw-strap,"[{""name"":""Last Day SALE 60% OFFAirFlow Jaw Strap - Get 1 AirFlow Jaw Strap"",""quantity"":2,""unitAmount"":29.99}]",4.99,59.98,0,WAZ,STRIPE_RECEIPT_CUSTOMER,WAZ,,ZENIROXPAY,
2026-01-02,txn_3SkxXSK3ZXYJSkRp0pkD4c22,charge,ch_3SkxXSK3ZXYJSkRp0HEq2WC4,34.98,1.59,33.39,usd,2026-01-02 01:52:00,2026-01-07 00:00:00,,34.98,,,HUJGB-010126-7573D,,,,,-https://kotort.com/jaw-strap,"[{""name"":""Last Day SALE 60% OFFAirFlow Jaw Strap - Get 1 AirFlow Jaw Strap"",""quantity"":1,""unitAmount"":29.99}]",4.99,29.99,0,WAZ,STRIPE_RECEIPT_CUSTOMER,WAZ,,ZENIROXPAY,
2026-01-02,txn_3Skxg6K3ZXYJSkRp08WhcLgl,charge,ch_3Skxg6K3ZXYJSkRp0AWVGSnM,34.98,1.59,33.39,usd,2026-01-02 02:01:00,2026-01-07 00:00:00,,34.98,,,HUJGB-010126-ZO8XG,,,,,-https://kotort.com/jaw-strap,"[{""name"":""Last Day SALE 60% OFFAirFlow Jaw Strap - Get 1 AirFlow Jaw Strap"",""quantity"":1,""unitAmount"":29.99}]",4.99,29.99,0,WAZ,STRIPE_RECEIPT_CUSTOMER,WAZ,,ZENIROXPAY,
2026-01-02,txn_3Sky1SK3ZXYJSkRp08R7qTk5,charge,ch_3Sky1SK3ZXYJSkRp0aAGGZqv,34.98,1.59,33.39,usd,2026-01-02 02:23:00,2026-01-07 00:00:00,,34.98,,,HUJGB-010126-2Y3OC,,,,,-https://kotort.com/jaw-strap,"[{""name"":""Last Day SALE 60% OFFAirFlow Jaw Strap - Get 1 AirFlow Jaw Strap"",""quantity"":1,""unitAmount"":29.99}]",4.99,29.99,0,WAZ,STRIPE_RECEIPT_CUSTOMER,WAZ,,ZENIROXPAY,
2026-01-02,txn_3Sky1ZK3ZXYJSkRp0BZiGoD3,charge,ch_3Sky1ZK3ZXYJSkRp0tuwIh5L,69.94,2.33,67.61,usd,2026-01-02 02:23:00,2026-01-07 00:00:00,,69.94,,,IQ1N5-010126-X82G4,,,,4.99,-https://wrboorsh.com/anxieety-https://wrboorsh.com/cartmini,"[{""name"":""Anxiety Bookshelf | Shake Away Your Anxiety - Black"",""quantity"":1,""unitAmount"":29.99},{""name"":""Mini Book Cart&Mini Books - Pink/120 Minibooks"",""quantity"":1,""unitAmount"":39.95}]",4.99,69.94,0,FFT HBA,STRIPE_RECEIPT_CUSTOMER,HBA,,ZENIROXPAY,
2026-01-02,txn_3Sky33K3ZXYJSkRp0VxzqJA8,charge,ch_3Sky33K3ZXYJSkRp07M2TCKB,34.98,1.59,33.39,usd,2026-01-02 02:25:00,2026-01-07 00:00:00,,34.98,,,IQ1N5-010126-F8XEG,,,,,-https://wrboorsh.com/anxieety,"[{""name"":""Anxiety Bookshelf | Shake Away Your Anxiety - Black"",""quantity"":1,""unitAmount"":29.99}]",4.99,29.99,0,FFT HBA,STRIPE_RECEIPT_CUSTOMER,HBA,,ZENIROXPAY,
2026-01-02,txn_3SkyCbK3ZXYJSkRp06iL2Dc4,charge,ch_3SkyCbK3ZXYJSkRp0mZ7JKR7,34.98,1.59,33.39,usd,2026-01-02 02:34:00,2026-01-07 00:00:00,,34.98,,,HUJGB-010126-5GWKR,,,,,-https://kotort.com/jaw-strap,"[{""name"":""Last Day SALE 60% OFFAirFlow Jaw Strap - Get 1 AirFlow Jaw Strap"",""quantity"":1,""unitAmount"":29.99}]",4.99,29.99,0,WAZ,STRIPE_RECEIPT_CUSTOMER,WAZ,,ZENIROXPAY,
2026-01-02,txn_3SkyEDK3ZXYJSkRp03YWEv9t,charge,ch_3SkyEDK3ZXYJSkRp0HGALjYr,34.98,1.59,33.39,usd,2026-01-02 02:36:00,2026-01-07 00:00:00,,34.98,,,HUJGB-010126-6MZ5U,,,,,-https://kotort.com/jaw-strap,"[{""name"":""Last Day SALE 60% OFFAirFlow Jaw Strap - Get 1 AirFlow Jaw Strap"",""quantity"":1,""unitAmount"":29.99}]",4.99,29.99,0,WAZ,STRIPE_RECEIPT_CUSTOMER,WAZ,,ZENIROXPAY,
2026-01-02,txn_3SkyHDK3ZXYJSkRp1TRinpkm,charge,ch_3SkyHDK3ZXYJSkRp1B6DNknj,34.98,1.59,33.39,usd,2026-01-02 02:39:00,2026-01-07 00:00:00,,34.98,,,HUJGB-010126-GS0DY,,,,,-https://kotort.com/jaw-strap,"[{""name"":""Last Day SALE 60% OFFAirFlow Jaw Strap - Get 1 AirFlow Jaw Strap"",""quantity"":1,""unitAmount"":29.99}]",4.99,29.99,0,WAZ,STRIPE_RECEIPT_CUSTOMER,WAZ,,ZENIROXPAY,
2026-01-02,txn_3SkyQXK3ZXYJSkRp0VJVUhHl,charge,ch_3SkyQXK3ZXYJSkRp0QKvWoyF,34.98,1.59,33.39,usd,2026-01-02 02:49:00,2026-01-07 00:00:00,,34.98,,,HUJGB-010126-Q12E4,,,,,-https://kotort.com/jaw-strap,"[{""name"":""Last Day SALE 60% OFFAirFlow Jaw Strap - Get 1 AirFlow Jaw Strap"",""quantity"":1,""unitAmount"":29.99}]",4.99,29.99,0,WAZ,STRIPE_RECEIPT_CUSTOMER,WAZ,,ZENIROXPAY,
2026-01-02,txn_3SkynDK3ZXYJSkRp0YkdC8Is,charge,ch_3SkynDK3ZXYJSkRp0gFnf0hk,34.98,1.59,33.39,usd,2026-01-02 03:12:00,2026-01-07 00:00:00,,34.98,,,HUJGB-010126-4P706,,,,,-https://kotort.com/jaw-strap,"[{""name"":""Last Day SALE 60% OFFAirFlow Jaw Strap - Get 1 AirFlow Jaw Strap"",""quantity"":1,""unitAmount"":29.99}]",4.99,29.99,0,WAZ,STRIPE_RECEIPT_CUSTOMER,WAZ,,ZENIROXPAY,
2026-01-02,txn_3SkythK3ZXYJSkRp0RwPU63Z,charge,ch_3SkythK3ZXYJSkRp0nIUkBBH,50.98,2.19,48.79,usd,2026-01-02 03:19:00,2026-01-07 00:00:00,,50.98,,,HUJGB-010126-M3UEC,,,,,-https://kotort.com/jaw-strap,"[{""name"":""Last Day SALE 60% OFFAirFlow Jaw Strap - Get 2 AirFlow Jaw Strap SAVE 10% OFF - ONLY DAY"",""quantity"":1,""unitAmount"":45.99}]",4.99,45.99,0,WAZ,STRIPE_RECEIPT_CUSTOMER,WAZ,,ZENIROXPAY,
2026-01-02,txn_3SkzNmK3ZXYJSkRp1wtRFXaq,charge,ch_3SkzNmK3ZXYJSkRp1pNUgmTN,114.89,4.55,110.34,usd,2026-01-02 03:50:00,2026-01-07 00:00:00,,114.89,,,09P6U-010126-W5UZH,,,,,-https://blyne.velorasignature.com/blyne-hardwood-floor-restorer-polish,"[{""name"":""Blyne Floor Restorer & Polish. - Premium (4.06 oz)/Buy 2, Get 2 FREE (+ Bonus Mop Pad)"",""quantity"":2,""unitAmount"":53.95}]",6.99,107.9,0,Lausan,STRIPE_RECEIPT_CUSTOMER,Vicbea,,ZENIROXPAY,
2026-01-02,txn_3SkzX5K3ZXYJSkRp1fQajGj2,charge,ch_3SkzX5K3ZXYJSkRp143Gm35M,34.98,1.59,33.39,usd,2026-01-02 04:00:00,2026-01-07 00:00:00,,34.98,,,HUJGB-010126-CDB8M,,,,,-https://kotort.com/jaw-strap,"[{""name"":""Last Day SALE 60% OFFAirFlow Jaw Strap - Get 1 AirFlow Jaw Strap"",""quantity"":1,""unitAmount"":29.99}]",4.99,29.99,0,WAZ,STRIPE_RECEIPT_CUSTOMER,WAZ,,ZENIROXPAY,
2026-01-02,txn_3Sl0sOK3ZXYJSkRp1xUAEoo7,charge,ch_3Sl0sOK3ZXYJSkRp1b5wPbla,34.98,1.59,33.39,usd,2026-01-02 05:26:00,2026-01-07 00:00:00,,34.98,,,IQ1N5-010126-54TPK,,,,,-https://wrboorsh.com/anxieety,"[{""name"":""Anxiety Bookshelf | Shake Away Your Anxiety - Brown"",""quantity"":1,""unitAmount"":29.99}]",4.99,29.99,0,FFT HBA,STRIPE_RECEIPT_CUSTOMER,HBA,,ZENIROXPAY,
2026-01-02,txn_3Sl2peK3ZXYJSkRp1lQg1nbe,charge,ch_3Sl2peK3ZXYJSkRp1yObJsLK,34.98,1.59,33.39,usd,2026-01-02 07:31:00,2026-01-07 00:00:00,,34.98,,,IQ1N5-010126-O4VPZ,,,,,-https://wrboorsh.com/anxieety,"[{""name"":""Anxiety Bookshelf | Shake Away Your Anxiety - Green"",""quantity"":1,""unitAmount"":29.99}]",4.99,29.99,0,FFT HBA,STRIPE_RECEIPT_CUSTOMER,HBA,,ZENIROXPAY,
2026-01-02,txn_3Sl5JpK3ZXYJSkRp0bsThTJ3,charge,ch_3Sl5JpK3ZXYJSkRp0I7rIIvl,34.98,1.59,33.39,usd,2026-01-02 10:10:00,2026-01-07 00:00:00,,34.98,,,IQ1N5-020126-LLI9Z,,,,,-https://wrboorsh.com/anxieety,"[{""name"":""Anxiety Bookshelf | Shake Away Your Anxiety - Green"",""quantity"":1,""unitAmount"":29.99}]",4.99,29.99,0,FFT HBA,STRIPE_RECEIPT_CUSTOMER,HBA,,ZENIROXPAY,
2026-01-02,txn_3Sl6tFK3ZXYJSkRp1RvgcacO,charge,ch_3Sl6tFK3ZXYJSkRp1dW4NIsf,34.98,1.59,33.39,usd,2026-01-02 11:51:00,2026-01-07 00:00:00,,34.98,,,HUJGB-020126-GETCQ,,,,,-https://kotort.com/jaw-strap,"[{""name"":""Last Day SALE 60% OFFAirFlow Jaw Strap - Get 1 AirFlow Jaw Strap"",""quantity"":1,""unitAmount"":29.99}]",4.99,29.99,0,WAZ,STRIPE_RECEIPT_CUSTOMER,WAZ,,ZENIROXPAY,
2026-01-02,txn_3Sl6yGK3ZXYJSkRp0FOiWx9o,charge,ch_3Sl6yGK3ZXYJSkRp0qv438Ya,86.89,3.51,83.38,usd,2026-01-02 11:56:00,2026-01-07 00:00:00,,86.89,,,09P6U-020126-K5E2A,,,,,-https://blyne.velorasignature.com/blyne-hardwood-floor-restorer-polish,"[{""name"":""Blyne Floor Restorer & Polish. - Premium (4.06 oz)/Buy 1, Get 1 FREE"",""quantity"":2,""unitAmount"":39.95}]",6.99,79.9,0,Lausan,STRIPE_RECEIPT_CUSTOMER,Vicbea,,ZENIROXPAY,
2026-01-02,txn_3Sl71LK3ZXYJSkRp1aUwpBts,charge,ch_3Sl71LK3ZXYJSkRp1y8nGCZ3,46.94,2.04,44.9,usd,2026-01-02 11:59:00,2026-01-07 00:00:00,,46.94,,,09P6U-020126-PBOI7,,,,,-https://blyne.velorasignature.com/blyne-hardwood-floor-restorer-polish,"[{""name"":""Blyne Floor Restorer & Polish. - Premium (4.06 oz)/Buy 1, Get 1 FREE"",""quantity"":1,""unitAmount"":39.95}]",6.99,39.95,0,Lausan,STRIPE_RECEIPT_CUSTOMER,Vicbea,,ZENIROXPAY,
2026-01-02,txn_1Sl7GaK3ZXYJSkRpz7ltDm2H,adjustment,du_1Sl7GMK3ZXYJSkRpcIF4ilfU,-34.98,15,-49.98,usd,2026-01-02 12:15:00,2026-01-02 12:15:00,,,,,,,,,,,,,,,,STRIPE_ADJUSTMENT,,,ZENIROXPAY,
2026-01-02,txn_3Sl7R5K3ZXYJSkRp1OyIGiWh,charge,ch_3Sl7R5K3ZXYJSkRp1c0cPiUG,34.98,1.59,33.39,usd,2026-01-02 12:26:00,2026-01-07 00:00:00,,34.98,,,HUJGB-020126-UMYHQ,,,,,-https://kotort.com/jaw-strap,"[{""name"":""Last Day SALE 60% OFFAirFlow Jaw Strap - Get 1 AirFlow Jaw Strap"",""quantity"":1,""unitAmount"":29.99}]",4.99,29.99,0,WAZ,STRIPE_RECEIPT_CUSTOMER,WAZ,,ZENIROXPAY,
2026-01-02,txn_3Sl8cUK3ZXYJSkRp0bEhdijh,charge,ch_3Sl8cUK3ZXYJSkRp0D3FaucU,46.94,2.04,44.9,usd,2026-01-02 13:42:00,2026-01-07 00:00:00,,46.94,,,09P6U-020126-R81HW,,,,,-https://blyne.velorasignature.com/blyne-hardwood-floor-restorer-polish,"[{""name"":""Blyne Floor Restorer & Polish. - Premium (4.06 oz)/Buy 1, Get 1 FREE"",""quantity"":1,""unitAmount"":39.95}]",6.99,39.95,0,Lausan,STRIPE_RECEIPT_CUSTOMER,Vicbea,,ZENIROXPAY,
2026-01-02,txn_3Sl96hK3ZXYJSkRp04IFtnUe,charge,ch_3Sl96hK3ZXYJSkRp0QgzlhwI,64.97,2.7,62.27,usd,2026-01-02 14:13:00,2026-01-07 00:00:00,,64.97,,,HUJGB-020126-PFMI2,,,,,-https://kotort.com/jaw-strap,"[{""name"":""Last Day SALE 60% OFFAirFlow Jaw Strap - Get 1 AirFlow Jaw Strap"",""quantity"":2,""unitAmount"":29.99}]",4.99,59.98,0,WAZ,STRIPE_RECEIPT_CUSTOMER,WAZ,,ZENIROXPAY,
2026-01-02,txn_3Sl9MxK3ZXYJSkRp0FD3M4ZH,charge,ch_3Sl9MxK3ZXYJSkRp0US9tZ7K,46.94,2.04,44.9,usd,2026-01-02 14:30:00,2026-01-07 00:00:00,,46.94,,,09P6U-020126-DUTB7,,,,,-https://blyne.velorasignature.com/blyne-hardwood-floor-restorer-polish,"[{""name"":""Blyne Floor Restorer & Polish. - Premium (4.06 oz)/Buy 1, Get 1 FREE"",""quantity"":1,""unitAmount"":39.95}]",6.99,39.95,0,Lausan,STRIPE_RECEIPT_CUSTOMER,Vicbea,,ZENIROXPAY,
2026-01-02,txn_3SlBOfK3ZXYJSkRp0sJDCz6g,charge,ch_3SlBOfK3ZXYJSkRp097uAVtc,34.98,1.59,33.39,usd,2026-01-02 16:40:00,2026-01-07 00:00:00,,34.98,,,HUJGB-020126-7LQRL,,,,,-https://kotort.com/jaw-strap,"[{""name"":""Last Day SALE 60% OFFAirFlow Jaw Strap - Get 1 AirFlow Jaw Strap"",""quantity"":1,""unitAmount"":29.99}]",4.99,29.99,0,WAZ,STRIPE_RECEIPT_CUSTOMER,WAZ,,ZENIROXPAY,
2026-01-02,txn_3SlBd1K3ZXYJSkRp1HuZUYQc,charge,ch_3SlBd1K3ZXYJSkRp1KeaYtX8,34.98,1.59,33.39,usd,2026-01-02 16:55:00,2026-01-07 00:00:00,,34.98,,,HUJGB-020126-LUW38,,,,,-https://kotort.com/jaw-strap,"[{""name"":""Last Day SALE 60% OFFAirFlow Jaw Strap - Get 1 AirFlow Jaw Strap"",""quantity"":1,""unitAmount"":29.99}]",4.99,29.99,0,WAZ,STRIPE_RECEIPT_CUSTOMER,WAZ,,ZENIROXPAY,
2026-01-02,txn_3SlCNkK3ZXYJSkRp0p2O4Koa,charge,ch_3SlCNkK3ZXYJSkRp0pyqhmUg,46.94,2.04,44.9,usd,2026-01-02 17:43:00,2026-01-07 00:00:00,,46.94,,,09P6U-020126-9IKTM,,,,,-https://blyne.velorasignature.com/blyne-hardwood-floor-restorer-polish,"[{""name"":""Blyne Floor Restorer & Polish. - Premium (4.06 oz)/Buy 1, Get 1 FREE"",""quantity"":1,""unitAmount"":39.95}]",6.99,39.95,0,Lausan,STRIPE_RECEIPT_CUSTOMER,Vicbea,,ZENIROXPAY,
2026-01-02,txn_3SlDCmK3ZXYJSkRp1s0UbvBA,charge,ch_3SlDCmK3ZXYJSkRp1wdHZUmY,46.94,2.04,44.9,usd,2026-01-02 18:36:00,2026-01-07 00:00:00,,46.94,,,09P6U-020126-FME92,,,,,-https://blyne.velorasignature.com/blyne-hardwood-floor-restorer-polish,"[{""name"":""Blyne Floor Restorer & Polish. - Premium (4.06 oz)/Buy 1, Get 1 FREE"",""quantity"":1,""unitAmount"":39.95}]",6.99,39.95,0,Lausan,STRIPE_RECEIPT_CUSTOMER,Vicbea,,ZENIROXPAY,
2026-01-02,txn_3SlGmwK3ZXYJSkRp0LDjjGBp,charge,ch_3SlGmwK3ZXYJSkRp0Ds0TGmk,34.98,1.59,33.39,usd,2026-01-02 22:25:00,2026-01-07 00:00:00,,34.98,,,HUJGB-020126-X0R08,,,,,-https://kotort.com/jaw-strap,"[{""name"":""Last Day SALE 60% OFFAirFlow Jaw Strap - Get 1 AirFlow Jaw Strap"",""quantity"":1,""unitAmount"":29.99}]",4.99,29.99,0,WAZ,STRIPE_RECEIPT_CUSTOMER,WAZ,,ZENIROXPAY,
2026-01-02,txn_3SlGu6K3ZXYJSkRp1EI6PifW,charge,ch_3SlGu6K3ZXYJSkRp14pIiDB8,34.98,1.59,33.39,usd,2026-01-02 22:33:00,2026-01-07 00:00:00,,34.98,,,HUJGB-020126-4RTRS,,,,,-https://kotort.com/jaw-strap,"[{""name"":""Last Day SALE 60% OFFAirFlow Jaw Strap - Get 1 AirFlow Jaw Strap"",""quantity"":1,""unitAmount"":29.99}]",4.99,29.99,0,WAZ,STRIPE_RECEIPT_CUSTOMER,WAZ,,ZENIROXPAY,
2026-01-02,txn_3SlGwFK3ZXYJSkRp11p65WBk,charge,ch_3SlGwFK3ZXYJSkRp1TqXHQhZ,50.98,2.19,48.79,usd,2026-01-02 22:35:00,2026-01-07 00:00:00,,50.98,,,HUJGB-020126-WYFEI,,,,,-https://kotort.com/jaw-strap,"[{""name"":""Last Day SALE 60% OFFAirFlow Jaw Strap - Get 2 AirFlow Jaw Strap SAVE 10% OFF - ONLY DAY"",""quantity"":1,""unitAmount"":45.99}]",4.99,45.99,0,WAZ,STRIPE_RECEIPT_CUSTOMER,WAZ,,ZENIROXPAY,
2026-01-02,txn_3SlGx9K3ZXYJSkRp0IMzN79D,charge,ch_3SlGx9K3ZXYJSkRp0OxQ9K4p,50.98,2.19,48.79,usd,2026-01-02 22:36:00,2026-01-07 00:00:00,,50.98,,,HUJGB-020126-YJVXF,,,,,-https://kotort.com/jaw-strap,"[{""name"":""Last Day SALE 60% OFFAirFlow Jaw Strap - Get 2 AirFlow Jaw Strap SAVE 10% OFF - ONLY DAY"",""quantity"":1,""unitAmount"":45.99}]",4.99,45.99,0,WAZ,STRIPE_RECEIPT_CUSTOMER,WAZ,,ZENIROXPAY,
2026-01-02,txn_3SlGyrK3ZXYJSkRp1r1cstWj,charge,ch_3SlGyrK3ZXYJSkRp1cHh7UVR,64.97,2.7,62.27,usd,2026-01-02 22:38:00,2026-01-07 00:00:00,,64.97,,,HUJGB-020126-87W14,,,,,-https://kotort.com/jaw-strap,"[{""name"":""Last Day SALE 60% OFFAirFlow Jaw Strap - Get 1 AirFlow Jaw Strap"",""quantity"":2,""unitAmount"":29.99}]",4.99,59.98,0,WAZ,STRIPE_RECEIPT_CUSTOMER,WAZ,,ZENIROXPAY,
2026-01-02,txn_3SlGxrK3ZXYJSkRp0aosWEW6,charge,ch_3SlGxrK3ZXYJSkRp04cx4LA0,34.98,1.59,33.39,usd,2026-01-02 22:43:00,2026-01-07 00:00:00,,34.98,,,HUJGB-020126-9BCEG,,,,,-https://kotort.com/jaw-strap,"[{""name"":""Last Day SALE 60% OFFAirFlow Jaw Strap - Get 1 AirFlow Jaw Strap"",""quantity"":1,""unitAmount"":29.99}]",4.99,29.99,0,WAZ,STRIPE_RECEIPT_CUSTOMER,WAZ,,ZENIROXPAY,
2026-01-02,txn_3SlHAwK3ZXYJSkRp0gvhnPmk,charge,ch_3SlHAwK3ZXYJSkRp0rM93qZA,34.98,1.59,33.39,usd,2026-01-02 22:50:00,2026-01-07 00:00:00,,34.98,,,HUJGB-020126-BX2G5,,,,,-https://kotort.com/jaw-strap,"[{""name"":""Last Day SALE 60% OFFAirFlow Jaw Strap - Get 1 AirFlow Jaw Strap"",""quantity"":1,""unitAmount"":29.99}]",4.99,29.99,0,WAZ,STRIPE_RECEIPT_CUSTOMER,WAZ,,ZENIROXPAY,
2026-01-02,txn_3SlHBKK3ZXYJSkRp0uVkcqBf,charge,ch_3SlHBKK3ZXYJSkRp0jIPaYYS,34.98,1.59,33.39,usd,2026-01-02 22:50:00,2026-01-07 00:00:00,,34.98,,,HUJGB-020126-VZ5A7,,,,,-https://kotort.com/jaw-strap,"[{""name"":""Last Day SALE 60% OFFAirFlow Jaw Strap - Get 1 AirFlow Jaw Strap"",""quantity"":1,""unitAmount"":29.99}]",4.99,29.99,0,WAZ,STRIPE_RECEIPT_CUSTOMER,WAZ,,ZENIROXPAY,
2026-01-02,txn_3SlHFkK3ZXYJSkRp1Lyd2Y6t,charge,ch_3SlHFkK3ZXYJSkRp1Cp09q5T,34.98,1.59,33.39,usd,2026-01-02 22:55:00,2026-01-07 00:00:00,,34.98,,,HUJGB-020126-4SCBE,,,,,-https://kotort.com/jaw-strap,"[{""name"":""Last Day SALE 60% OFFAirFlow Jaw Strap - Get 1 AirFlow Jaw Strap"",""quantity"":1,""unitAmount"":29.99}]",4.99,29.99,0,WAZ,STRIPE_RECEIPT_CUSTOMER,WAZ,,ZENIROXPAY,
2026-01-02,txn_3SlHPVK3ZXYJSkRp131qUCha,charge,ch_3SlHPVK3ZXYJSkRp16TkKb7u,34.98,1.59,33.39,usd,2026-01-02 23:05:00,2026-01-07 00:00:00,,34.98,,,HUJGB-020126-I5L4Q,,,,,-https://kotort.com/jaw-strap,"[{""name"":""Last Day SALE 60% OFFAirFlow Jaw Strap - Get 1 AirFlow Jaw Strap"",""quantity"":1,""unitAmount"":29.99}]",4.99,29.99,0,WAZ,STRIPE_RECEIPT_CUSTOMER,WAZ,,ZENIROXPAY,
2026-01-02,txn_3SlHSZK3ZXYJSkRp027vSVu7,charge,ch_3SlHSZK3ZXYJSkRp0NoCZDyv,34.98,1.59,33.39,usd,2026-01-02 23:08:00,2026-01-07 00:00:00,,34.98,,,HUJGB-020126-2A7JU,,,,,-https://kotort.com/jaw-strap,"[{""name"":""Last Day SALE 60% OFFAirFlow Jaw Strap - Get 1 AirFlow Jaw Strap"",""quantity"":1,""unitAmount"":29.99}]",4.99,29.99,0,WAZ,STRIPE_RECEIPT_CUSTOMER,WAZ,,ZENIROXPAY,
2026-01-02,txn_3SlHtSK3ZXYJSkRp0w3W71g8,charge,ch_3SlHtSK3ZXYJSkRp0Uc8dJbC,34.98,1.59,33.39,usd,2026-01-02 23:36:00,2026-01-07 00:00:00,,34.98,,,HUJGB-020126-8SX4Q,,,,,-https://kotort.com/jaw-strap,"[{""name"":""Last Day SALE 60% OFFAirFlow Jaw Strap - Get 1 AirFlow Jaw Strap"",""quantity"":1,""unitAmount"":29.99}]",4.99,29.99,0,WAZ,STRIPE_RECEIPT_CUSTOMER,WAZ,,ZENIROXPAY,
2026-01-02,txn_3SlHz0K3ZXYJSkRp0u9JFKjT,charge,ch_3SlHz0K3ZXYJSkRp0dH1hxCa,34.98,1.59,33.39,usd,2026-01-02 23:42:00,2026-01-07 00:00:00,,34.98,,,HUJGB-020126-BLTOR,,,,,-https://kotort.com/jaw-strap,"[{""name"":""Last Day SALE 60% OFFAirFlow Jaw Strap - Get 1 AirFlow Jaw Strap"",""quantity"":1,""unitAmount"":29.99}]",4.99,29.99,0,WAZ,STRIPE_RECEIPT_CUSTOMER,WAZ,,ZENIROXPAY,
2026-01-02,txn_3SlHzkK3ZXYJSkRp1cnGymWe,charge,ch_3SlHzkK3ZXYJSkRp1Mkyvwdq,60.94,2.55,58.39,usd,2026-01-02 23:43:00,2026-01-07 00:00:00,,60.94,,,09P6U-020126-0KZ6D,,,,,-https://blyne.velorasignature.com/blyne-hardwood-floor-restorer-polish,"[{""name"":""Blyne Floor Restorer & Polish. - Premium (4.06 oz)/Buy 2, Get 2 FREE (+ Bonus Mop Pad)"",""quantity"":1,""unitAmount"":53.95}]",6.99,53.95,0,Lausan,STRIPE_RECEIPT_CUSTOMER,Vicbea,,ZENIROXPAY,
2026-01-02,txn_3SlI0BK3ZXYJSkRp1SSUlHvI,charge,ch_3SlI0BK3ZXYJSkRp1xUsma4L,34.98,1.59,33.39,usd,2026-01-02 23:43:00,2026-01-07 00:00:00,,34.98,,,HUJGB-020126-62PRC,,,,,-https://kotort.com/jaw-strap,"[{""name"":""Last Day SALE 60% OFFAirFlow Jaw Strap - Get 1 AirFlow Jaw Strap"",""quantity"":1,""unitAmount"":29.99}]",4.99,29.99,0,WAZ,STRIPE_RECEIPT_CUSTOMER,WAZ,,ZENIROXPAY,
2026-01-02,txn_3SlI1YK3ZXYJSkRp0BfQA4eP,charge,ch_3SlI1YK3ZXYJSkRp0IPJwwRi,34.98,1.59,33.39,usd,2026-01-02 23:44:00,2026-01-07 00:00:00,,34.98,,,HUJGB-020126-2IGRU,,,,,-https://kotort.com/jaw-strap,"[{""name"":""Last Day SALE 60% OFFAirFlow Jaw Strap - Get 1 AirFlow Jaw Strap"",""quantity"":1,""unitAmount"":29.99}]",4.99,29.99,0,WAZ,STRIPE_RECEIPT_CUSTOMER,WAZ,,ZENIROXPAY,
2026-01-02,txn_3SlI2qK3ZXYJSkRp0aHxTpxr,charge,ch_3SlI2qK3ZXYJSkRp0PxcocQz,34.98,1.59,33.39,usd,2026-01-02 23:46:00,2026-01-07 00:00:00,,34.98,,,HUJGB-020126-JAADU,,,,,-https://kotort.com/jaw-strap,"[{""name"":""Last Day SALE 60% OFFAirFlow Jaw Strap - Get 1 AirFlow Jaw Strap"",""quantity"":1,""unitAmount"":29.99}]",4.99,29.99,0,WAZ,STRIPE_RECEIPT_CUSTOMER,WAZ,,ZENIROXPAY,
2026-01-02,txn_3SlIBwK3ZXYJSkRp0jf3Xoib,charge,ch_3SlIBwK3ZXYJSkRp0EtTcLpQ,34.98,1.59,33.39,usd,2026-01-02 23:55:00,2026-01-07 00:00:00,,34.98,,,HUJGB-020126-KZTB4,,,,,-https://kotort.com/jaw-strap,"[{""name"":""Last Day SALE 60% OFFAirFlow Jaw Strap - Get 1 AirFlow Jaw Strap"",""quantity"":1,""unitAmount"":29.99}]",4.99,29.99,0,WAZ,STRIPE_RECEIPT_CUSTOMER,WAZ,,ZENIROXPAY,
2026-01-02,txn_3SlIG4K3ZXYJSkRp04drTZ4N,charge,ch_3SlIG4K3ZXYJSkRp0bOubThS,34.98,1.59,33.39,usd,2026-01-02 23:59:00,2026-01-07 00:00:00,,34.98,,,HUJGB-020126-ABX6B,,,,,-https://kotort.com/jaw-strap,"[{""name"":""Last Day SALE 60% OFFAirFlow Jaw Strap - Get 1 AirFlow Jaw Strap"",""quantity"":1,""unitAmount"":29.99}]",4.99,29.99,0,WAZ,STRIPE_RECEIPT_CUSTOMER,WAZ,,ZENIROXPAY,
2026-01-03,txn_3SlIHWK3ZXYJSkRp0RybGvIV,charge,ch_3SlIHWK3ZXYJSkRp082c0zcJ,50.98,2.19,48.79,usd,2026-01-03 00:01:00,2026-01-08 00:00:00,,50.98,,,HUJGB-020126-PNGOH,,,,,-https://kotort.com/jaw-strap,"[{""name"":""Last Day SALE 60% OFFAirFlow Jaw Strap - Get 2 AirFlow Jaw Strap SAVE 10% OFF - ONLY DAY"",""quantity"":1,""unitAmount"":45.99}]",4.99,45.99,0,WAZ,STRIPE_RECEIPT_CUSTOMER,WAZ,,ZENIROXPAY,
2026-01-03,txn_3SlIVyK3ZXYJSkRp1M9Uh9ro,charge,ch_3SlIVyK3ZXYJSkRp1cGYy9Yz,34.98,1.59,33.39,usd,2026-01-03 00:16:00,2026-01-08 00:00:00,,34.98,,,HUJGB-020126-SMTEF,,,,,-https://kotort.com/jaw-strap,"[{""name"":""Last Day SALE 60% OFFAirFlow Jaw Strap - Get 1 AirFlow Jaw Strap"",""quantity"":1,""unitAmount"":29.99}]",4.99,29.99,0,WAZ,STRIPE_RECEIPT_CUSTOMER,WAZ,,ZENIROXPAY,
2026-01-03,txn_3SlIbcK3ZXYJSkRp0ENZrVLh,charge,ch_3SlIbcK3ZXYJSkRp0GWKzrOe,34.98,1.59,33.39,usd,2026-01-03 00:22:00,2026-01-08 00:00:00,,34.98,,,HUJGB-020126-61MRQ,,,,,-https://kotort.com/jaw-strap,"[{""name"":""Last Day SALE 60% OFFAirFlow Jaw Strap - Get 1 AirFlow Jaw Strap"",""quantity"":1,""unitAmount"":29.99}]",4.99,29.99,0,WAZ,STRIPE_RECEIPT_CUSTOMER,WAZ,,ZENIROXPAY,
2026-01-03,txn_3SlIlwK3ZXYJSkRp0Nw3OEr8,charge,ch_3SlIlwK3ZXYJSkRp0WTPOCX2,34.98,1.59,33.39,usd,2026-01-03 00:32:00,2026-01-08 00:00:00,,34.98,,,HUJGB-020126-GVLM1,,,,,-https://kotort.com/jaw-strap,"[{""name"":""Last Day SALE 60% OFFAirFlow Jaw Strap - Get 1 AirFlow Jaw Strap"",""quantity"":1,""unitAmount"":29.99}]",4.99,29.99,0,WAZ,STRIPE_RECEIPT_CUSTOMER,WAZ,,ZENIROXPAY,
2026-01-03,txn_3SlIpzK3ZXYJSkRp17jm21CE,charge,ch_3SlIpzK3ZXYJSkRp1rlUPBNl,34.98,1.59,33.39,usd,2026-01-03 00:37:00,2026-01-08 00:00:00,,34.98,,,HUJGB-020126-6OEVQ,,,,,-https://kotort.com/jaw-strap,"[{""name"":""Last Day SALE 60% OFFAirFlow Jaw Strap - Get 1 AirFlow Jaw Strap"",""quantity"":1,""unitAmount"":29.99}]",4.99,29.99,0,WAZ,STRIPE_RECEIPT_CUSTOMER,WAZ,,ZENIROXPAY,
2026-01-03,txn_3SlIr4K3ZXYJSkRp0YPYTaPP,charge,ch_3SlIr4K3ZXYJSkRp07PSqsIf,34.98,1.59,33.39,usd,2026-01-03 00:38:00,2026-01-08 00:00:00,,34.98,,,HUJGB-020126-IJ1GJ,,,,,-https://kotort.com/jaw-strap,"[{""name"":""Last Day SALE 60% OFFAirFlow Jaw Strap - Get 1 AirFlow Jaw Strap"",""quantity"":1,""unitAmount"":29.99}]",4.99,29.99,0,WAZ,STRIPE_RECEIPT_CUSTOMER,WAZ,,ZENIROXPAY,
2026-01-03,txn_3SlIvoK3ZXYJSkRp1kgpJi0L,charge,ch_3SlIvoK3ZXYJSkRp1GJnFqC1,34.98,1.59,33.39,usd,2026-01-03 00:43:00,2026-01-08 00:00:00,,34.98,,,HUJGB-020126-UGUVA,,,,,-https://kotort.com/jaw-strap,"[{""name"":""Last Day SALE 60% OFFAirFlow Jaw Strap - Get 1 AirFlow Jaw Strap"",""quantity"":1,""unitAmount"":29.99}]",4.99,29.99,0,WAZ,STRIPE_RECEIPT_CUSTOMER,WAZ,,ZENIROXPAY,
2026-01-03,txn_3SlJBSK3ZXYJSkRp0MKCSh1n,charge,ch_3SlJBSK3ZXYJSkRp0uMPRqJF,64.97,2.7,62.27,usd,2026-01-03 00:59:00,2026-01-08 00:00:00,,64.97,,,HUJGB-020126-95XTH,,,,,-https://kotort.com/jaw-strap,"[{""name"":""Last Day SALE 60% OFFAirFlow Jaw Strap - Get 1 AirFlow Jaw Strap"",""quantity"":2,""unitAmount"":29.99}]",4.99,59.98,0,WAZ,STRIPE_RECEIPT_CUSTOMER,WAZ,,ZENIROXPAY,
2026-01-03,txn_3SlJLLK3ZXYJSkRp0USpcNxY,charge,ch_3SlJLLK3ZXYJSkRp0cY8pNrv,34.98,1.59,33.39,usd,2026-01-03 01:09:00,2026-01-08 00:00:00,,34.98,,,HUJGB-020126-HEOJT,,,,,-https://kotort.com/jaw-strap,"[{""name"":""Last Day SALE 60% OFFAirFlow Jaw Strap - Get 1 AirFlow Jaw Strap"",""quantity"":1,""unitAmount"":29.99}]",4.99,29.99,0,WAZ,STRIPE_RECEIPT_CUSTOMER,WAZ,,ZENIROXPAY,
2026-01-03,txn_3SlJTQK3ZXYJSkRp0sB4ThJt,charge,ch_3SlJTQK3ZXYJSkRp0iaYrrDS,50.98,2.19,48.79,usd,2026-01-03 01:17:00,2026-01-08 00:00:00,,50.98,,,HUJGB-020126-5N6FI,,,,,-https://kotort.com/jaw-strap,"[{""name"":""Last Day SALE 60% OFFAirFlow Jaw Strap - Get 2 AirFlow Jaw Strap SAVE 10% OFF - ONLY DAY"",""quantity"":1,""unitAmount"":45.99}]",4.99,45.99,0,WAZ,STRIPE_RECEIPT_CUSTOMER,WAZ,,ZENIROXPAY,
2026-01-03,txn_3SlJUBK3ZXYJSkRp03ZcyLFF,charge,ch_3SlJUBK3ZXYJSkRp0Zm1Cluq,34.98,1.59,33.39,usd,2026-01-03 01:18:00,2026-01-08 00:00:00,,34.98,,,HUJGB-020126-9YSKS,,,,,-https://kotort.com/jaw-strap,"[{""name"":""Last Day SALE 60% OFFAirFlow Jaw Strap - Get 1 AirFlow Jaw Strap"",""quantity"":1,""unitAmount"":29.99}]",4.99,29.99,0,WAZ,STRIPE_RECEIPT_CUSTOMER,WAZ,,ZENIROXPAY,
2026-01-03,txn_3SlJXBK3ZXYJSkRp1OjRePiT,charge,ch_3SlJXBK3ZXYJSkRp1ZfioRII,34.98,1.59,33.39,usd,2026-01-03 01:21:00,2026-01-08 00:00:00,,34.98,,,HUJGB-020126-JF1RH,,,,,-https://kotort.com/jaw-strap,"[{""name"":""Last Day SALE 60% OFFAirFlow Jaw Strap - Get 1 AirFlow Jaw Strap"",""quantity"":1,""unitAmount"":29.99}]",4.99,29.99,0,WAZ,STRIPE_RECEIPT_CUSTOMER,WAZ,,ZENIROXPAY,
2026-01-03,txn_3SlJXLK3ZXYJSkRp0p1j0Vfu,charge,ch_3SlJXLK3ZXYJSkRp0ENUGK4C,46.94,2.04,44.9,usd,2026-01-03 01:21:00,2026-01-08 00:00:00,,46.94,,,09P6U-020126-0JZC2,,,,,-https://blyne.velorasignature.com/blyne-hardwood-floor-restorer-polish,"[{""name"":""Blyne Floor Restorer & Polish. - Premium (4.06 oz)/Buy 1, Get 1 FREE"",""quantity"":1,""unitAmount"":39.95}]",6.99,39.95,0,Lausan,STRIPE_RECEIPT_CUSTOMER,Vicbea,,ZENIROXPAY,
2026-01-03,txn_3SlJZkK3ZXYJSkRp04TEuLtr,charge,ch_3SlJZkK3ZXYJSkRp0KnYgtiN,34.98,1.59,33.39,usd,2026-01-03 01:24:00,2026-01-08 00:00:00,,34.98,,,HUJGB-020126-J2M7C,,,,,-https://kotort.com/jaw-strap,"[{""name"":""Last Day SALE 60% OFFAirFlow Jaw Strap - Get 1 AirFlow Jaw Strap"",""quantity"":1,""unitAmount"":29.99}]",4.99,29.99,0,WAZ,STRIPE_RECEIPT_CUSTOMER,WAZ,,ZENIROXPAY,
2026-01-03,txn_3SlJdwK3ZXYJSkRp1hR3ag49,charge,ch_3SlJdwK3ZXYJSkRp1gVU81Jb,94.96,3.81,91.15,usd,2026-01-03 01:28:00,2026-01-08 00:00:00,,94.96,,,HUJGB-020126-AD939,,,,,-https://kotort.com/jaw-strap,"[{""name"":""Last Day SALE 60% OFFAirFlow Jaw Strap - Get 1 AirFlow Jaw Strap"",""quantity"":3,""unitAmount"":29.99}]",4.99,89.97,0,WAZ,STRIPE_RECEIPT_CUSTOMER,WAZ,,ZENIROXPAY,
2026-01-03,txn_3SlJeHK3ZXYJSkRp0gcjNZg5,charge,ch_3SlJeHK3ZXYJSkRp0rH2ish7,64.98,2.7,62.28,usd,2026-01-03 01:28:00,2026-01-08 00:00:00,,64.98,,,HUJGB-020126-OLEJ0,,,,,-https://kotort.com/jaw-strap,"[{""name"":""Last Day SALE 60% OFFAirFlow Jaw Strap - Get 3 AirFlow Jaw Strap SAVE 20% OFF - ONLY DAY"",""quantity"":1,""unitAmount"":59.99}]",4.99,59.99,0,WAZ,STRIPE_RECEIPT_CUSTOMER,WAZ,,ZENIROXPAY,
2026-01-03,txn_3SlJl2K3ZXYJSkRp01DjClYZ,charge,ch_3SlJl2K3ZXYJSkRp0GYd6CNu,34.98,1.59,33.39,usd,2026-01-03 01:35:00,2026-01-08 00:00:00,,34.98,,,HUJGB-020126-5ZJH2,,,,,-https://kotort.com/jaw-strap,"[{""name"":""Last Day SALE 60% OFFAirFlow Jaw Strap - Get 1 AirFlow Jaw Strap"",""quantity"":1,""unitAmount"":29.99}]",4.99,29.99,0,WAZ,STRIPE_RECEIPT_CUSTOMER,WAZ,,ZENIROXPAY,
2026-01-03,txn_3SlJu3K3ZXYJSkRp0b4NUzoq,charge,ch_3SlJu3K3ZXYJSkRp0dLUW4bS,34.98,1.59,33.39,usd,2026-01-03 01:45:00,2026-01-08 00:00:00,,34.98,,,HUJGB-020126-KZJQD,,,,,-https://kotort.com/jaw-strap,"[{""name"":""Last Day SALE 60% OFFAirFlow Jaw Strap - Get 1 AirFlow Jaw Strap"",""quantity"":1,""unitAmount"":29.99}]",4.99,29.99,0,WAZ,STRIPE_RECEIPT_CUSTOMER,WAZ,,ZENIROXPAY,
2026-01-03,txn_3SlJuTK3ZXYJSkRp0C29bI2i,charge,ch_3SlJuTK3ZXYJSkRp0bAq5KsP,34.98,1.59,33.39,usd,2026-01-03 01:45:00,2026-01-08 00:00:00,,34.98,,,HUJGB-020126-Z8RFS,,,,,-https://kotort.com/jaw-strap,"[{""name"":""Last Day SALE 60% OFFAirFlow Jaw Strap - Get 1 AirFlow Jaw Strap"",""quantity"":1,""unitAmount"":29.99}]",4.99,29.99,0,WAZ,STRIPE_RECEIPT_CUSTOMER,WAZ,,ZENIROXPAY,
2026-01-03,txn_3SlJuUK3ZXYJSkRp1LXGq52j,charge,ch_3SlJuUK3ZXYJSkRp1jTgqOum,94.96,3.81,91.15,usd,2026-01-03 01:45:00,2026-01-08 00:00:00,,94.96,,,HUJGB-020126-5IUT4,,,,,-https://kotort.com/jaw-strap,"[{""name"":""Last Day SALE 60% OFFAirFlow Jaw Strap - Get 1 AirFlow Jaw Strap"",""quantity"":3,""unitAmount"":29.99}]",4.99,89.97,0,WAZ,STRIPE_RECEIPT_CUSTOMER,WAZ,,ZENIROXPAY,
2026-01-03,txn_3SlK4LK3ZXYJSkRp0fWuOk9y,charge,ch_3SlK4LK3ZXYJSkRp0D6Bm7i5,60.94,2.55,58.39,usd,2026-01-03 01:55:00,2026-01-08 00:00:00,,60.94,,,09P6U-020126-OTM8S,,,,,-https://blyne.velorasignature.com/blyne-hardwood-floor-restorer-polish,"[{""name"":""Blyne Floor Restorer & Polish. - Premium (4.06 oz)/Buy 2, Get 2 FREE (+ Bonus Mop Pad)"",""quantity"":1,""unitAmount"":53.95}]",6.99,53.95,0,Lausan,STRIPE_RECEIPT_CUSTOMER,Vicbea,,ZENIROXPAY,
2026-01-03,txn_3SlKK7K3ZXYJSkRp1a7htbPP,charge,ch_3SlKK7K3ZXYJSkRp1yFdSyiC,34.98,1.59,33.39,usd,2026-01-03 02:12:00,2026-01-08 00:00:00,,34.98,,,HUJGB-020126-V8XF0,,,,,-https://kotort.com/jaw-strap,"[{""name"":""Last Day SALE 60% OFFAirFlow Jaw Strap - Get 1 AirFlow Jaw Strap"",""quantity"":1,""unitAmount"":29.99}]",4.99,29.99,0,WAZ,STRIPE_RECEIPT_CUSTOMER,WAZ,,ZENIROXPAY,
2026-01-03,txn_3SlKLjK3ZXYJSkRp1NEYGVJG,charge,ch_3SlKLjK3ZXYJSkRp1TfInk5o,34.98,1.59,33.39,usd,2026-01-03 02:13:00,2026-01-08 00:00:00,,34.98,,,HUJGB-020126-DLHJO,,,,,-https://kotort.com/jaw-strap,"[{""name"":""Last Day SALE 60% OFFAirFlow Jaw Strap - Get 1 AirFlow Jaw Strap"",""quantity"":1,""unitAmount"":29.99}]",4.99,29.99,0,WAZ,STRIPE_RECEIPT_CUSTOMER,WAZ,,ZENIROXPAY,
2026-01-03,txn_3SlKUgK3ZXYJSkRp1GYCyiI8,charge,ch_3SlKUgK3ZXYJSkRp11EweQs0,34.98,1.59,33.39,usd,2026-01-03 02:23:00,2026-01-08 00:00:00,,34.98,,,HUJGB-020126-I0V2B,,,,,-https://kotort.com/jaw-strap,"[{""name"":""Last Day SALE 60% OFFAirFlow Jaw Strap - Get 1 AirFlow Jaw Strap"",""quantity"":1,""unitAmount"":29.99}]",4.99,29.99,0,WAZ,STRIPE_RECEIPT_CUSTOMER,WAZ,,ZENIROXPAY,
2026-01-03,txn_3SlKXmK3ZXYJSkRp0XAqllNN,charge,ch_3SlKXmK3ZXYJSkRp0Ley5FJq,34.98,1.59,33.39,usd,2026-01-03 02:26:00,2026-01-08 00:00:00,,34.98,,,HUJGB-020126-SF40S,,,,,-https://kotort.com/jaw-strap,"[{""name"":""Last Day SALE 60% OFFAirFlow Jaw Strap - Get 1 AirFlow Jaw Strap"",""quantity"":1,""unitAmount"":29.99}]",4.99,29.99,0,WAZ,STRIPE_RECEIPT_CUSTOMER,WAZ,,ZENIROXPAY,
2026-01-03,txn_3SlKgMK3ZXYJSkRp1qHbfzQM,charge,ch_3SlKgMK3ZXYJSkRp1TFtsqsb,34.98,1.59,33.39,usd,2026-01-03 02:35:00,2026-01-08 00:00:00,,34.98,,,HUJGB-020126-400LF,,,,,-https://kotort.com/jaw-strap,"[{""name"":""Last Day SALE 60% OFFAirFlow Jaw Strap - Get 1 AirFlow Jaw Strap"",""quantity"":1,""unitAmount"":29.99}]",4.99,29.99,0,WAZ,STRIPE_RECEIPT_CUSTOMER,WAZ,,ZENIROXPAY,
2026-01-03,txn_3SlKscK3ZXYJSkRp02b73r4D,charge,ch_3SlKscK3ZXYJSkRp0MkXimf1,34.98,1.59,33.39,usd,2026-01-03 02:47:00,2026-01-08 00:00:00,,34.98,,,HUJGB-020126-8HYMG,,,,,-https://kotort.com/jaw-strap,"[{""name"":""Last Day SALE 60% OFFAirFlow Jaw Strap - Get 1 AirFlow Jaw Strap"",""quantity"":1,""unitAmount"":29.99}]",4.99,29.99,0,WAZ,STRIPE_RECEIPT_CUSTOMER,WAZ,,ZENIROXPAY,
2026-01-03,txn_3SlKyDK3ZXYJSkRp0Qvtqhwj,charge,ch_3SlKyDK3ZXYJSkRp04jaQOo4,34.98,1.59,33.39,usd,2026-01-03 02:53:00,2026-01-08 00:00:00,,34.98,,,HUJGB-020126-83WIF,,,,,-https://kotort.com/jaw-strap,"[{""name"":""Last Day SALE 60% OFFAirFlow Jaw Strap - Get 1 AirFlow Jaw Strap"",""quantity"":1,""unitAmount"":29.99}]",4.99,29.99,0,WAZ,STRIPE_RECEIPT_CUSTOMER,WAZ,,ZENIROXPAY,
2026-01-03,txn_3SlKyyK3ZXYJSkRp0zqQXMSR,charge,ch_3SlKyyK3ZXYJSkRp0ETIGuab,34.98,1.59,33.39,usd,2026-01-03 02:54:00,2026-01-08 00:00:00,,34.98,,,HUJGB-020126-ZL29B,,,,,-https://kotort.com/jaw-strap,"[{""name"":""Last Day SALE 60% OFFAirFlow Jaw Strap - Get 1 AirFlow Jaw Strap"",""quantity"":1,""unitAmount"":29.99}]",4.99,29.99,0,WAZ,STRIPE_RECEIPT_CUSTOMER,WAZ,,ZENIROXPAY,
2026-01-03,txn_3SlLKCK3ZXYJSkRp0K0yhafG,charge,ch_3SlLKCK3ZXYJSkRp0DyztjYr,34.98,1.59,33.39,usd,2026-01-03 03:16:00,2026-01-08 00:00:00,,34.98,,,HUJGB-020126-CPVAP,,,,,-https://kotort.com/jaw-strap,"[{""name"":""Last Day SALE 60% OFFAirFlow Jaw Strap - Get 1 AirFlow Jaw Strap"",""quantity"":1,""unitAmount"":29.99}]",4.99,29.99,0,WAZ,STRIPE_RECEIPT_CUSTOMER,WAZ,,ZENIROXPAY,
2026-01-03,txn_3SlLMlK3ZXYJSkRp1K96cYtq,charge,ch_3SlLMlK3ZXYJSkRp1hwludg0,34.98,1.59,33.39,usd,2026-01-03 03:19:00,2026-01-08 00:00:00,,34.98,,,HUJGB-020126-HJMPB,,,,,-https://kotort.com/jaw-strap,"[{""name"":""Last Day SALE 60% OFFAirFlow Jaw Strap - Get 1 AirFlow Jaw Strap"",""quantity"":1,""unitAmount"":29.99}]",4.99,29.99,0,WAZ,STRIPE_RECEIPT_CUSTOMER,WAZ,,ZENIROXPAY,
2026-01-03,txn_3SlLT6K3ZXYJSkRp0lM0hFm2,charge,ch_3SlLT6K3ZXYJSkRp0L1dRJ7k,34.98,1.59,33.39,usd,2026-01-03 03:25:00,2026-01-08 00:00:00,,34.98,,,HUJGB-020126-DB4LD,,,,,-https://kotort.com/jaw-strap,"[{""name"":""Last Day SALE 60% OFFAirFlow Jaw Strap - Get 1 AirFlow Jaw Strap"",""quantity"":1,""unitAmount"":29.99}]",4.99,29.99,0,WAZ,STRIPE_RECEIPT_CUSTOMER,WAZ,,ZENIROXPAY,
2026-01-03,txn_3SlLtBK3ZXYJSkRp0KfMqZjX,charge,ch_3SlLtBK3ZXYJSkRp0fnhCw8V,34.98,1.59,33.39,usd,2026-01-03 03:52:00,2026-01-08 00:00:00,,34.98,,,HUJGB-020126-41A4T,,,,,-https://kotort.com/jaw-strap,"[{""name"":""Last Day SALE 60% OFFAirFlow Jaw Strap - Get 1 AirFlow Jaw Strap"",""quantity"":1,""unitAmount"":29.99}]",4.99,29.99,0,WAZ,STRIPE_RECEIPT_CUSTOMER,WAZ,,ZENIROXPAY,
2026-01-03,txn_3SlMlAK3ZXYJSkRp0GTFfek6,charge,ch_3SlMlAK3ZXYJSkRp0LeWd4YK,34.98,1.59,33.39,usd,2026-01-03 04:48:00,2026-01-08 00:00:00,,34.98,,,HUJGB-020126-HDL6A,,,,,-https://kotort.com/jaw-strap,"[{""name"":""Last Day SALE 60% OFFAirFlow Jaw Strap - Get 1 AirFlow Jaw Strap"",""quantity"":1,""unitAmount"":29.99}]",4.99,29.99,0,WAZ,STRIPE_RECEIPT_CUSTOMER,WAZ,,ZENIROXPAY,
2026-01-03,txn_3SlMuGK3ZXYJSkRp1AC9Qf74,charge,ch_3SlMuGK3ZXYJSkRp1PLZ8KhO,60.94,2.55,58.39,usd,2026-01-03 04:57:00,2026-01-08 00:00:00,,60.94,,,09P6U-020126-1N7D0,,,,,-https://blyne.velorasignature.com/blyne-hardwood-floor-restorer-polish,"[{""name"":""Blyne Floor Restorer & Polish. - Premium (4.06 oz)/Buy 2, Get 2 FREE (+ Bonus Mop Pad)"",""quantity"":1,""unitAmount"":53.95}]",6.99,53.95,0,Lausan,STRIPE_RECEIPT_CUSTOMER,Vicbea,,ZENIROXPAY,
2026-01-03,txn_3SlN0BK3ZXYJSkRp1wmEmVRs,charge,ch_3SlN0BK3ZXYJSkRp1tjCT3jz,34.98,1.59,33.39,usd,2026-01-03 05:03:00,2026-01-08 00:00:00,,34.98,,,HUJGB-020126-8RWCC,,,,,-https://kotort.com/jaw-strap,"[{""name"":""Last Day SALE 60% OFFAirFlow Jaw Strap - Get 1 AirFlow Jaw Strap"",""quantity"":1,""unitAmount"":29.99}]",4.99,29.99,0,WAZ,STRIPE_RECEIPT_CUSTOMER,WAZ,,ZENIROXPAY,
2026-01-03,txn_3SlOPwK3ZXYJSkRp1qTEPxey,charge,ch_3SlOPwK3ZXYJSkRp1TBPJ1zO,34.98,1.59,33.39,usd,2026-01-03 06:34:00,2026-01-08 00:00:00,,34.98,,,HUJGB-020126-F3LGE,,,,,-https://kotort.com/jaw-strap,"[{""name"":""Last Day SALE 60% OFFAirFlow Jaw Strap - Get 1 AirFlow Jaw Strap"",""quantity"":1,""unitAmount"":29.99}]",4.99,29.99,0,WAZ,STRIPE_RECEIPT_CUSTOMER,WAZ,,ZENIROXPAY,
2026-01-03,txn_3SlOT6K3ZXYJSkRp0ATtav6S,charge,ch_3SlOT6K3ZXYJSkRp0xd91NmI,34.98,1.59,33.39,usd,2026-01-03 06:37:00,2026-01-08 00:00:00,,34.98,,,HUJGB-020126-PP0CM,,,,,-https://kotort.com/jaw-strap,"[{""name"":""Last Day SALE 60% OFFAirFlow Jaw Strap - Get 1 AirFlow Jaw Strap"",""quantity"":1,""unitAmount"":29.99}]",4.99,29.99,0,WAZ,STRIPE_RECEIPT_CUSTOMER,WAZ,,ZENIROXPAY,
2026-01-03,txn_3SlPEfK3ZXYJSkRp0Llx0IuS,charge,ch_3SlPEfK3ZXYJSkRp0J6XAXgZ,34.98,1.59,33.39,usd,2026-01-03 07:26:00,2026-01-08 00:00:00,,34.98,,,HUJGB-020126-O4AOS,,,,,-https://kotort.com/jaw-strap,"[{""name"":""Last Day SALE 60% OFFAirFlow Jaw Strap - Get 1 AirFlow Jaw Strap"",""quantity"":1,""unitAmount"":29.99}]",4.99,29.99,0,WAZ,STRIPE_RECEIPT_CUSTOMER,WAZ,,ZENIROXPAY,
2026-01-03,txn_3SlPXXK3ZXYJSkRp0Cv6Jvip,charge,ch_3SlPXXK3ZXYJSkRp0OWPZPF3,34.98,1.59,33.39,usd,2026-01-03 07:46:00,2026-01-08 00:00:00,,34.98,,,HUJGB-020126-9DN6P,,,,,-https://kotort.com/jaw-strap,"[{""name"":""Last Day SALE 60% OFFAirFlow Jaw Strap - Get 1 AirFlow Jaw Strap"",""quantity"":1,""unitAmount"":29.99}]",4.99,29.99,0,WAZ,STRIPE_RECEIPT_CUSTOMER,WAZ,,ZENIROXPAY,
2026-01-03,txn_3SlPZBK3ZXYJSkRp0sl4T8le,charge,ch_3SlPZBK3ZXYJSkRp0Izr6DFh,34.98,1.59,33.39,usd,2026-01-03 07:48:00,2026-01-08 00:00:00,,34.98,,,HUJGB-020126-NZVXM,,,,,-https://kotort.com/jaw-strap,"[{""name"":""Last Day SALE 60% OFFAirFlow Jaw Strap - Get 1 AirFlow Jaw Strap"",""quantity"":1,""unitAmount"":29.99}]",4.99,29.99,0,WAZ,STRIPE_RECEIPT_CUSTOMER,WAZ,,ZENIROXPAY,
2026-01-03,txn_3SlPi6K3ZXYJSkRp0NbJeiB4,charge,ch_3SlPi6K3ZXYJSkRp0hENyj8i,34.98,1.59,33.39,usd,2026-01-03 07:57:00,2026-01-08 00:00:00,,34.98,,,HUJGB-020126-XTA8W,,,,,-https://kotort.com/jaw-strap,"[{""name"":""Last Day SALE 60% OFFAirFlow Jaw Strap - Get 1 AirFlow Jaw Strap"",""quantity"":1,""unitAmount"":29.99}]",4.99,29.99,0,WAZ,STRIPE_RECEIPT_CUSTOMER,WAZ,,ZENIROXPAY,
2026-01-03,txn_3SlQQNK3ZXYJSkRp0AniFiDj,charge,ch_3SlQQNK3ZXYJSkRp0g5Cos91,34.98,1.59,33.39,usd,2026-01-03 08:44:00,2026-01-08 00:00:00,,34.98,,,HUJGB-030126-8JHRN,,,,,-https://kotort.com/jaw-strap,"[{""name"":""Last Day SALE 60% OFFAirFlow Jaw Strap - Get 1 AirFlow Jaw Strap"",""quantity"":1,""unitAmount"":29.99}]",4.99,29.99,0,WAZ,STRIPE_RECEIPT_CUSTOMER,WAZ,,ZENIROXPAY,
2026-01-03,txn_3SlR1HK3ZXYJSkRp1HGJxijJ,charge,ch_3SlR1HK3ZXYJSkRp1DX0Iywa,34.98,1.59,33.39,usd,2026-01-03 09:21:00,2026-01-08 00:00:00,,34.98,,,HUJGB-030126-Y3OSZ,,,,,-https://kotort.com/jaw-strap,"[{""name"":""Last Day SALE 60% OFFAirFlow Jaw Strap - Get 1 AirFlow Jaw Strap"",""quantity"":1,""unitAmount"":29.99}]",4.99,29.99,0,WAZ,STRIPE_RECEIPT_CUSTOMER,WAZ,,ZENIROXPAY,
2026-01-03,txn_3SlRUAK3ZXYJSkRp1UTgZ7t9,charge,ch_3SlRUAK3ZXYJSkRp1ikRfeKk,34.98,1.59,33.39,usd,2026-01-03 09:51:00,2026-01-08 00:00:00,,34.98,,,HUJGB-030126-91DEU,,,,,-https://kotort.com/jaw-strap,"[{""name"":""Last Day SALE 60% OFFAirFlow Jaw Strap - Get 1 AirFlow Jaw Strap"",""quantity"":1,""unitAmount"":29.99}]",4.99,29.99,0,WAZ,STRIPE_RECEIPT_CUSTOMER,WAZ,,ZENIROXPAY,
2026-01-03,txn_3SlU25K3ZXYJSkRp0z915fuv,charge,ch_3SlU25K3ZXYJSkRp0aLVs2l7,50.98,2.19,48.79,usd,2026-01-03 12:34:00,2026-01-08 00:00:00,,50.98,,,HUJGB-030126-4CT3W,,,,,-https://kotort.com/jaw-strap,"[{""name"":""Last Day SALE 60% OFFAirFlow Jaw Strap - Get 2 AirFlow Jaw Strap SAVE 10% OFF - ONLY DAY"",""quantity"":1,""unitAmount"":45.99}]",4.99,45.99,0,WAZ,STRIPE_RECEIPT_CUSTOMER,WAZ,,ZENIROXPAY,
2026-01-03,txn_3SlUMBK3ZXYJSkRp1jdMRKAC,charge,ch_3SlUMBK3ZXYJSkRp1YJzBWnN,34.98,1.59,33.39,usd,2026-01-03 12:55:00,2026-01-08 00:00:00,,34.98,,,HUJGB-030126-WGP04,,,,,-https://kotort.com/jaw-strap,"[{""name"":""Last Day SALE 60% OFFAirFlow Jaw Strap - Get 1 AirFlow Jaw Strap"",""quantity"":1,""unitAmount"":29.99}]",4.99,29.99,0,WAZ,STRIPE_RECEIPT_CUSTOMER,WAZ,,ZENIROXPAY,
2026-01-03,txn_3SlUbXK3ZXYJSkRp0wU2le7M,charge,ch_3SlUbXK3ZXYJSkRp08LboKrU,34.98,1.59,33.39,usd,2026-01-03 13:10:00,2026-01-08 00:00:00,,34.98,,,HUJGB-030126-WYACJ,,,,,-https://kotort.com/jaw-strap,"[{""name"":""Last Day SALE 60% OFFAirFlow Jaw Strap - Get 1 AirFlow Jaw Strap"",""quantity"":1,""unitAmount"":29.99}]",4.99,29.99,0,WAZ,STRIPE_RECEIPT_CUSTOMER,WAZ,,ZENIROXPAY,
2026-01-03,txn_3SlUt1K3ZXYJSkRp0nMo5cq7,charge,ch_3SlUt1K3ZXYJSkRp0y9F9SU1,34.98,1.59,33.39,usd,2026-01-03 13:28:00,2026-01-08 00:00:00,,34.98,,,HUJGB-030126-E9JBC,,,,,-https://kotort.com/jaw-strap,"[{""name"":""Last Day SALE 60% OFFAirFlow Jaw Strap - Get 1 AirFlow Jaw Strap"",""quantity"":1,""unitAmount"":29.99}]",4.99,29.99,0,WAZ,STRIPE_RECEIPT_CUSTOMER,WAZ,,ZENIROXPAY,
2026-01-03,txn_3SlVJgK3ZXYJSkRp0U9n6tsC,charge,ch_3SlVJgK3ZXYJSkRp0p3ZOO7v,34.98,1.59,33.39,usd,2026-01-03 13:56:00,2026-01-08 00:00:00,,34.98,,,HUJGB-030126-T7JO5,,,,,-https://kotort.com/jaw-strap,"[{""name"":""Last Day SALE 60% OFFAirFlow Jaw Strap - Get 1 AirFlow Jaw Strap"",""quantity"":1,""unitAmount"":29.99}]",4.99,29.99,0,WAZ,STRIPE_RECEIPT_CUSTOMER,WAZ,,ZENIROXPAY,
2026-01-03,txn_3SlVVZK3ZXYJSkRp1uZkyozS,charge,ch_3SlVVZK3ZXYJSkRp1G1jb5sQ,60.94,2.55,58.39,usd,2026-01-03 14:08:00,2026-01-08 00:00:00,,60.94,,,09P6U-030126-V430I,,,,,-https://blyne.velorasignature.com/blyne-hardwood-floor-restorer-polish,"[{""name"":""Blyne Floor Restorer & Polish. - Premium (4.06 oz)/Buy 2, Get 2 FREE (+ Bonus Mop Pad)"",""quantity"":1,""unitAmount"":53.95}]",6.99,53.95,0,Lausan,STRIPE_RECEIPT_CUSTOMER,Vicbea,,ZENIROXPAY,
2026-01-03,txn_3SlVcvK3ZXYJSkRp1KvdcPNs,charge,ch_3SlVcvK3ZXYJSkRp15Sikym2,46.94,2.04,44.9,usd,2026-01-03 14:16:00,2026-01-08 00:00:00,,46.94,,,09P6U-030126-MNCEZ,,,,,-https://blyne.velorasignature.com/blyne-hardwood-floor-restorer-polish,"[{""name"":""Blyne Floor Restorer & Polish. - Premium (4.06 oz)/Buy 1, Get 1 FREE"",""quantity"":1,""unitAmount"":39.95}]",6.99,39.95,0,Lausan,STRIPE_RECEIPT_CUSTOMER,Vicbea,,ZENIROXPAY,
2026-01-03,txn_3SlVguK3ZXYJSkRp1B9w2oSS,charge,ch_3SlVguK3ZXYJSkRp1nFF2UMT,114.89,4.55,110.34,usd,2026-01-03 14:20:00,2026-01-08 00:00:00,,114.89,,,09P6U-030126-Q55PD,,,,,-https://blyne.velorasignature.com/blyne-hardwood-floor-restorer-polish,"[{""name"":""Blyne Floor Restorer & Polish. - Premium (4.06 oz)/Buy 2, Get 2 FREE (+ Bonus Mop Pad)"",""quantity"":2,""unitAmount"":53.95}]",6.99,107.9,0,Lausan,STRIPE_RECEIPT_CUSTOMER,Vicbea,,ZENIROXPAY,
2026-01-03,txn_3SlVriK3ZXYJSkRp0dbh0iqq,charge,ch_3SlVriK3ZXYJSkRp0Xd68CVj,34.98,1.59,33.39,usd,2026-01-03 14:31:00,2026-01-08 00:00:00,,34.98,,,HUJGB-030126-PUHI5,,,,,-https://kotort.com/jaw-strap,"[{""name"":""Last Day SALE 60% OFFAirFlow Jaw Strap - Get 1 AirFlow Jaw Strap"",""quantity"":1,""unitAmount"":29.99}]",4.99,29.99,0,WAZ,STRIPE_RECEIPT_CUSTOMER,WAZ,,ZENIROXPAY,
2026-01-03,txn_3SlVtWK3ZXYJSkRp0FjvkLJY,charge,ch_3SlVtWK3ZXYJSkRp0eKvSEDf,60.94,2.55,58.39,usd,2026-01-03 14:33:00,2026-01-08 00:00:00,,60.94,,,09P6U-030126-H27MG,,,,,-https://blyne.velorasignature.com/blyne-hardwood-floor-restorer-polish,"[{""name"":""Blyne Floor Restorer & Polish. - Premium (4.06 oz)/Buy 2, Get 2 FREE (+ Bonus Mop Pad)"",""quantity"":1,""unitAmount"":53.95}]",6.99,53.95,0,Lausan,STRIPE_RECEIPT_CUSTOMER,Vicbea,,ZENIROXPAY,
2026-01-03,txn_3SlWHAK3ZXYJSkRp1PtKqK57,charge,ch_3SlWHAK3ZXYJSkRp1bDMOHDR,46.94,2.04,44.9,usd,2026-01-03 14:57:00,2026-01-08 00:00:00,,46.94,,,09P6U-030126-1YJWE,,,,,-https://blyne.velorasignature.com/blyne-hardwood-floor-restorer-polish,"[{""name"":""Blyne Floor Restorer & Polish. - Premium (4.06 oz)/Buy 1, Get 1 FREE"",""quantity"":1,""unitAmount"":39.95}]",6.99,39.95,0,Lausan,STRIPE_RECEIPT_CUSTOMER,Vicbea,,ZENIROXPAY,
2026-01-03,txn_3SlWHYK3ZXYJSkRp0O6GFnyD,charge,ch_3SlWHYK3ZXYJSkRp0n4xfm2X,50.98,2.19,48.79,usd,2026-01-03 14:58:00,2026-01-08 00:00:00,,50.98,,,HUJGB-030126-GDUYB,,,,,-https://kotort.com/jaw-strap,"[{""name"":""Last Day SALE 60% OFFAirFlow Jaw Strap - Get 2 AirFlow Jaw Strap SAVE 10% OFF - ONLY DAY"",""quantity"":1,""unitAmount"":45.99}]",4.99,45.99,0,WAZ,STRIPE_RECEIPT_CUSTOMER,WAZ,,ZENIROXPAY,
2026-01-03,txn_3SlWQwK3ZXYJSkRp1GW4LRUr,charge,ch_3SlWQwK3ZXYJSkRp14bQcWxP,46.94,2.04,44.9,usd,2026-01-03 15:08:00,2026-01-08 00:00:00,,46.94,,,09P6U-030126-IREOC,,,,,-https://blyne.velorasignature.com/blyne-hardwood-floor-restorer-polish,"[{""name"":""Blyne Floor Restorer & Polish. - Premium (4.06 oz)/Buy 1, Get 1 FREE"",""quantity"":1,""unitAmount"":39.95}]",6.99,39.95,0,Lausan,STRIPE_RECEIPT_CUSTOMER,Vicbea,,ZENIROXPAY,
2026-01-03,txn_3SlXCxK3ZXYJSkRp1mQCzKBl,charge,ch_3SlXCxK3ZXYJSkRp1oXDPDh6,64.97,2.7,62.27,usd,2026-01-03 15:57:00,2026-01-08 00:00:00,,64.97,,,HUJGB-030126-8LO6V,,,,,-https://kotort.com/jaw-strap,"[{""name"":""Last Day SALE 60% OFFAirFlow Jaw Strap - Get 1 AirFlow Jaw Strap"",""quantity"":2,""unitAmount"":29.99}]",4.99,59.98,0,WAZ,STRIPE_RECEIPT_CUSTOMER,WAZ,,ZENIROXPAY,
2026-01-03,txn_3SlXDzK3ZXYJSkRp0xJnLobV,charge,ch_3SlXDzK3ZXYJSkRp0w5U7k1G,34.98,1.59,33.39,usd,2026-01-03 15:58:00,2026-01-08 00:00:00,,34.98,,,HUJGB-030126-0KVEH,,,,,-https://kotort.com/jaw-strap,"[{""name"":""Last Day SALE 60% OFFAirFlow Jaw Strap - Get 1 AirFlow Jaw Strap"",""quantity"":1,""unitAmount"":29.99}]",4.99,29.99,0,WAZ,STRIPE_RECEIPT_CUSTOMER,WAZ,,ZENIROXPAY,
2026-01-03,txn_3SlXTRK3ZXYJSkRp0NQEKxTd,charge,ch_3SlXTRK3ZXYJSkRp0gGA0MTg,34.98,1.59,33.39,usd,2026-01-03 16:14:00,2026-01-08 00:00:00,,34.98,,,HUJGB-030126-PB5V6,,,,,-https://kotort.com/jaw-strap,"[{""name"":""Last Day SALE 60% OFFAirFlow Jaw Strap - Get 1 AirFlow Jaw Strap"",""quantity"":1,""unitAmount"":29.99}]",4.99,29.99,0,WAZ,STRIPE_RECEIPT_CUSTOMER,WAZ,,ZENIROXPAY,
2026-01-03,txn_3SlYOCK3ZXYJSkRp1lZcKGEq,charge,ch_3SlYOCK3ZXYJSkRp1HH6VpFy,34.98,1.59,33.39,usd,2026-01-03 17:13:00,2026-01-08 00:00:00,,34.98,,,HUJGB-030126-I1BFR,,,,,-https://kotort.com/jaw-strap,"[{""name"":""Last Day SALE 60% OFFAirFlow Jaw Strap - Get 1 AirFlow Jaw Strap"",""quantity"":1,""unitAmount"":29.99}]",4.99,29.99,0,WAZ,STRIPE_RECEIPT_CUSTOMER,WAZ,,ZENIROXPAY,
2026-01-03,txn_3SlYScK3ZXYJSkRp1bvs4C4f,charge,ch_3SlYScK3ZXYJSkRp16EfrGJ1,34.98,1.59,33.39,usd,2026-01-03 17:17:00,2026-01-08 00:00:00,,34.98,,,HUJGB-030126-RCG1Y,,,,,-https://kotort.com/jaw-strap,"[{""name"":""Last Day SALE 60% OFFAirFlow Jaw Strap - Get 1 AirFlow Jaw Strap"",""quantity"":1,""unitAmount"":29.99}]",4.99,29.99,0,WAZ,STRIPE_RECEIPT_CUSTOMER,WAZ,,ZENIROXPAY,
2026-01-03,txn_3SlYUEK3ZXYJSkRp1F7DQV80,charge,ch_3SlYUEK3ZXYJSkRp1ky0dKQn,34.98,1.59,33.39,usd,2026-01-03 17:19:00,2026-01-08 00:00:00,,34.98,,,HUJGB-030126-I17CE,,,,,-https://kotort.com/jaw-strap,"[{""name"":""Last Day SALE 60% OFFAirFlow Jaw Strap - Get 1 AirFlow Jaw Strap"",""quantity"":1,""unitAmount"":29.99}]",4.99,29.99,0,WAZ,STRIPE_RECEIPT_CUSTOMER,WAZ,,ZENIROXPAY,
2026-01-03,txn_3SlboiK3ZXYJSkRp0PqDE6NN,charge,ch_3SlboiK3ZXYJSkRp0ipuLQLp,46.94,2.04,44.9,usd,2026-01-03 20:52:00,2026-01-08 00:00:00,,46.94,,,09P6U-030126-16GMW,,,,,-https://blyne.velorasignature.com/blyne-hardwood-floor-restorer-polish,"[{""name"":""Blyne Floor Restorer & Polish. - Premium (4.06 oz)/Buy 1, Get 1 FREE"",""quantity"":1,""unitAmount"":39.95}]",6.99,39.95,0,Lausan,STRIPE_RECEIPT_CUSTOMER,Vicbea,,ZENIROXPAY,
2026-01-03,txn_3SlcB0K3ZXYJSkRp1xb9gVd4,charge,ch_3SlcB0K3ZXYJSkRp1yfd0OpZ,34.98,1.59,33.39,usd,2026-01-03 21:15:00,2026-01-08 00:00:00,,34.98,,,HUJGB-030126-N03NO,,,,,-https://kotort.com/jaw-strap,"[{""name"":""Last Day SALE 60% OFFAirFlow Jaw Strap - Get 1 AirFlow Jaw Strap"",""quantity"":1,""unitAmount"":29.99}]",4.99,29.99,0,WAZ,STRIPE_RECEIPT_CUSTOMER,WAZ,,ZENIROXPAY,
2026-01-03,txn_3SlcwQK3ZXYJSkRp1zGjBjBi,charge,ch_3SlcwQK3ZXYJSkRp1A60gj2E,60.94,2.55,58.39,usd,2026-01-03 22:04:00,2026-01-08 00:00:00,,60.94,,,09P6U-030126-GFVMY,,,,,-https://blyne.velorasignature.com/blyne-hardwood-floor-restorer-polish,"[{""name"":""Blyne Floor Restorer & Polish. - Premium (4.06 oz)/Buy 2, Get 2 FREE (+ Bonus Mop Pad)"",""quantity"":1,""unitAmount"":53.95}]",6.99,53.95,0,Lausan,STRIPE_RECEIPT_CUSTOMER,Vicbea,,ZENIROXPAY,
2026-01-03,txn_3Sle8VK3ZXYJSkRp1bnDhLvW,charge,ch_3Sle8VK3ZXYJSkRp1eGYJb0e,34.98,1.59,33.39,usd,2026-01-03 23:21:00,2026-01-08 00:00:00,,34.98,,,HUJGB-030126-MV6L3,,,,,-https://kotort.com/jaw-strap,"[{""name"":""Last Day SALE 60% OFFAirFlow Jaw Strap - Get 1 AirFlow Jaw Strap"",""quantity"":1,""unitAmount"":29.99}]",4.99,29.99,0,WAZ,STRIPE_RECEIPT_CUSTOMER,WAZ,,ZENIROXPAY,
2026-01-03,txn_3Sle9oK3ZXYJSkRp0z8S7E1K,charge,ch_3Sle9oK3ZXYJSkRp0XFYMoti,34.98,1.59,33.39,usd,2026-01-03 23:22:00,2026-01-08 00:00:00,,34.98,,,HUJGB-030126-WMCR0,,,,,-https://kotort.com/jaw-strap,"[{""name"":""Last Day SALE 60% OFFAirFlow Jaw Strap - Get 1 AirFlow Jaw Strap"",""quantity"":1,""unitAmount"":29.99}]",4.99,29.99,0,WAZ,STRIPE_RECEIPT_CUSTOMER,WAZ,,ZENIROXPAY,
2026-01-04,txn_3SlfCuK3ZXYJSkRp1qUqURLz,charge,ch_3SlfCuK3ZXYJSkRp1h7yNdCt,46.94,2.04,44.9,usd,2026-01-04 00:30:00,2026-01-08 00:00:00,,46.94,,,09P6U-030126-16180,,,,,-https://blyne.velorasignature.com/blyne-hardwood-floor-restorer-polish,"[{""name"":""Blyne Floor Restorer & Polish. - Premium (4.06 oz)/Buy 1, Get 1 FREE"",""quantity"":1,""unitAmount"":39.95}]",6.99,39.95,0,Lausan,STRIPE_RECEIPT_CUSTOMER,Vicbea,,ZENIROXPAY,
2026-01-04,txn_3SlfWOK3ZXYJSkRp1eCW4Nhl,charge,ch_3SlfWOK3ZXYJSkRp1zEwNQUC,34.98,1.59,33.39,usd,2026-01-04 00:50:00,2026-01-08 00:00:00,,34.98,,,HUJGB-030126-92EQM,,,,,-https://kotort.com/jaw-strap,"[{""name"":""Last Day SALE 60% OFFAirFlow Jaw Strap - Get 1 AirFlow Jaw Strap"",""quantity"":1,""unitAmount"":29.99}]",4.99,29.99,0,WAZ,STRIPE_RECEIPT_CUSTOMER,WAZ,,ZENIROXPAY,
2026-01-04,txn_3SlgGsK3ZXYJSkRp0e9vEPFS,charge,ch_3SlgGsK3ZXYJSkRp0N4vOhgG,34.98,1.59,33.39,usd,2026-01-04 01:38:00,2026-01-08 00:00:00,,34.98,,,HUJGB-030126-KPAZS,,,,,-https://kotort.com/jaw-strap,"[{""name"":""Last Day SALE 60% OFFAirFlow Jaw Strap - Get 1 AirFlow Jaw Strap"",""quantity"":1,""unitAmount"":29.99}]",4.99,29.99,0,WAZ,STRIPE_RECEIPT_CUSTOMER,WAZ,,ZENIROXPAY,
2026-01-04,txn_3Slha1K3ZXYJSkRp0jqK4tJa,charge,ch_3Slha1K3ZXYJSkRp08mTGvVY,60.94,2.55,58.39,usd,2026-01-04 03:02:00,2026-01-08 00:00:00,,60.94,,,09P6U-030126-XEJPH,,,,,-https://blyne.velorasignature.com/blyne-hardwood-floor-restorer-polish,"[{""name"":""Blyne Floor Restorer & Polish. - Premium (4.06 oz)/Buy 2, Get 2 FREE (+ Bonus Mop Pad)"",""quantity"":1,""unitAmount"":53.95}]",6.99,53.95,0,Lausan,STRIPE_RECEIPT_CUSTOMER,Vicbea,,ZENIROXPAY,
2026-01-04,txn_3SlhhWK3ZXYJSkRp1dBEar6b,charge,ch_3SlhhWK3ZXYJSkRp1caMmg3N,50.98,2.19,48.79,usd,2026-01-04 03:09:00,2026-01-08 00:00:00,,50.98,,,HUJGB-030126-QACM3,,,,,-https://kotort.com/jaw-strap,"[{""name"":""Last Day SALE 60% OFFAirFlow Jaw Strap - Get 2 AirFlow Jaw Strap SAVE 10% OFF - ONLY DAY"",""quantity"":1,""unitAmount"":45.99}]",4.99,45.99,0,WAZ,STRIPE_RECEIPT_CUSTOMER,WAZ,,ZENIROXPAY,
2026-01-04,txn_3SliYAK3ZXYJSkRp1msYwVZS,charge,ch_3SliYAK3ZXYJSkRp1ctKe1xL,50.98,2.19,48.79,usd,2026-01-04 04:04:00,2026-01-08 00:00:00,,50.98,,,HUJGB-030126-U7P00,,,,,-https://kotort.com/jaw-strap,"[{""name"":""Last Day SALE 60% OFFAirFlow Jaw Strap - Get 2 AirFlow Jaw Strap SAVE 10% OFF - ONLY DAY"",""quantity"":1,""unitAmount"":45.99}]",4.99,45.99,0,WAZ,STRIPE_RECEIPT_CUSTOMER,WAZ,,ZENIROXPAY,
2026-01-04,txn_3SljStK3ZXYJSkRp0R3l8fTm,charge,ch_3SljStK3ZXYJSkRp0vsFAlNz,86.89,3.51,83.38,usd,2026-01-04 05:02:00,2026-01-08 00:00:00,,86.89,,,09P6U-030126-GSN6L,,,,,-https://blyne.velorasignature.com/blyne-hardwood-floor-restorer-polish,"[{""name"":""Blyne Floor Restorer & Polish. - Premium (4.06 oz)/Buy 1, Get 1 FREE"",""quantity"":2,""unitAmount"":39.95}]",6.99,79.9,0,Lausan,STRIPE_RECEIPT_CUSTOMER,Vicbea,,ZENIROXPAY,
2026-01-04,txn_3SljTmK3ZXYJSkRp0WF5jS1J,charge,ch_3SljTmK3ZXYJSkRp0RVGO5Ra,34.98,1.59,33.39,usd,2026-01-04 05:03:00,2026-01-08 00:00:00,,34.98,,,HUJGB-030126-6OZYN,,,,,-https://kotort.com/jaw-strap,"[{""name"":""Last Day SALE 60% OFFAirFlow Jaw Strap - Get 1 AirFlow Jaw Strap"",""quantity"":1,""unitAmount"":29.99}]",4.99,29.99,0,WAZ,STRIPE_RECEIPT_CUSTOMER,WAZ,,ZENIROXPAY,
2026-01-04,txn_3SlmEGK3ZXYJSkRp0QDsraOV,charge,ch_3SlmEGK3ZXYJSkRp0ka3Z50G,34.98,1.59,33.39,usd,2026-01-04 08:00:00,2026-01-08 00:00:00,,34.98,,,HUJGB-040126-COAKB,,,,,-https://kotort.com/jaw-strap,"[{""name"":""Last Day SALE 60% OFFAirFlow Jaw Strap - Get 1 AirFlow Jaw Strap"",""quantity"":1,""unitAmount"":29.99}]",4.99,29.99,0,WAZ,STRIPE_RECEIPT_CUSTOMER,WAZ,,ZENIROXPAY,
2026-01-04,txn_3SlmvVK3ZXYJSkRp10MyDtp6,charge,ch_3SlmvVK3ZXYJSkRp1IT5ja2J,34.98,1.59,33.39,usd,2026-01-04 08:44:00,2026-01-08 00:00:00,,34.98,,,HUJGB-040126-6MTHB,,,,,-https://kotort.com/jaw-strap,"[{""name"":""Last Day SALE 60% OFFAirFlow Jaw Strap - Get 1 AirFlow Jaw Strap"",""quantity"":1,""unitAmount"":29.99}]",4.99,29.99,0,WAZ,STRIPE_RECEIPT_CUSTOMER,WAZ,,ZENIROXPAY,
2026-01-04,txn_3SlrotK3ZXYJSkRp100FypYM,charge,ch_3SlrotK3ZXYJSkRp1u0QHX6L,60.94,2.55,58.39,usd,2026-01-04 13:58:00,2026-01-08 00:00:00,,60.94,,,09P6U-040126-MM5DK,,,,,-https://blyne.velorasignature.com/blyne-hardwood-floor-restorer-polish,"[{""name"":""Blyne Floor Restorer & Polish. - Premium (4.06 oz)/Buy 2, Get 2 FREE (+ Bonus Mop Pad)"",""quantity"":1,""unitAmount"":53.95}]",6.99,53.95,0,Lausan,STRIPE_RECEIPT_CUSTOMER,Vicbea,,ZENIROXPAY,
2026-01-04,txn_3Sls8PK3ZXYJSkRp12SZtvWb,charge,ch_3Sls8PK3ZXYJSkRp1S84KEe7,34.98,1.59,33.39,usd,2026-01-04 14:18:00,2026-01-08 00:00:00,,34.98,,,HUJGB-040126-EGWR0,,,,,-https://kotort.com/jaw-strap,"[{""name"":""Last Day SALE 60% OFFAirFlow Jaw Strap - Get 1 AirFlow Jaw Strap"",""quantity"":1,""unitAmount"":29.99}]",4.99,29.99,0,WAZ,STRIPE_RECEIPT_CUSTOMER,WAZ,,ZENIROXPAY,
2026-01-04,txn_3SlsR7K3ZXYJSkRp0ZznYhtl,charge,ch_3SlsR7K3ZXYJSkRp0WZ4w0jo,46.94,2.04,44.9,usd,2026-01-04 14:37:00,2026-01-08 00:00:00,,46.94,,,09P6U-040126-UCXSC,,,,,-https://blyne.velorasignature.com/blyne-hardwood-floor-restorer-polish,"[{""name"":""Blyne Floor Restorer & Polish. - Premium (4.06 oz)/Buy 1, Get 1 FREE"",""quantity"":1,""unitAmount"":39.95}]",6.99,39.95,0,Lausan,STRIPE_RECEIPT_CUSTOMER,Vicbea,,ZENIROXPAY,
2026-01-04,txn_3SltZMK3ZXYJSkRp17AP3dTo,charge,ch_3SltZMK3ZXYJSkRp1Gzppex3,34.98,1.59,33.39,usd,2026-01-04 15:50:00,2026-01-08 00:00:00,,34.98,,,HUJGB-040126-KI284,,,,,-https://kotort.com/jaw-strap,"[{""name"":""Last Day SALE 60% OFFAirFlow Jaw Strap - Get 1 AirFlow Jaw Strap"",""quantity"":1,""unitAmount"":29.99}]",4.99,29.99,0,WAZ,STRIPE_RECEIPT_CUSTOMER,WAZ,,ZENIROXPAY,
2026-01-04,txn_3SltgdK3ZXYJSkRp1zYgKvTb,charge,ch_3SltgdK3ZXYJSkRp1AupEDcF,34.98,1.59,33.39,usd,2026-01-04 15:57:00,2026-01-08 00:00:00,,34.98,,,HUJGB-040126-H3YGL,,,,,-https://kotort.com/jaw-strap,"[{""name"":""Last Day SALE 60% OFFAirFlow Jaw Strap - Get 1 AirFlow Jaw Strap"",""quantity"":1,""unitAmount"":29.99}]",4.99,29.99,0,WAZ,STRIPE_RECEIPT_CUSTOMER,WAZ,,ZENIROXPAY,
2026-01-04,txn_3Slu39K3ZXYJSkRp0ZzWHzNq,charge,ch_3Slu39K3ZXYJSkRp0jSINTMN,46.94,2.04,44.9,usd,2026-01-04 16:21:00,2026-01-08 00:00:00,,46.94,,,09P6U-040126-CUFPF,,,,,-https://blyne.velorasignature.com/blyne-hardwood-floor-restorer-polish,"[{""name"":""Blyne Floor Restorer & Polish. - Premium (4.06 oz)/Buy 1, Get 1 FREE"",""quantity"":1,""unitAmount"":39.95}]",6.99,39.95,0,Lausan,STRIPE_RECEIPT_CUSTOMER,Vicbea,,ZENIROXPAY,
2026-01-04,txn_3SluEOK3ZXYJSkRp1NfY1gf4,charge,ch_3SluEOK3ZXYJSkRp1ERM2V3d,34.98,1.59,33.39,usd,2026-01-04 16:32:00,2026-01-08 00:00:00,,34.98,,,HUJGB-040126-GYK40,,,,,-https://hotdeal.masemb.com/jaw-strap,"[{""name"":""Last Day SALE 60% OFFAirFlow Jaw Strap - Get 1 AirFlow Jaw Strap"",""quantity"":1,""unitAmount"":29.99}]",4.99,29.99,0,WAZ,STRIPE_RECEIPT_CUSTOMER,WAZ,,ZENIROXPAY,
2026-01-04,txn_3SluGtK3ZXYJSkRp1gToXRs3,charge,ch_3SluGtK3ZXYJSkRp1H6LE71y,34.98,1.59,33.39,usd,2026-01-04 16:35:00,2026-01-08 00:00:00,,34.98,,,HUJGB-040126-B6F0E,,,,,-https://kotort.com/jaw-strap,"[{""name"":""Last Day SALE 60% OFFAirFlow Jaw Strap - Get 1 AirFlow Jaw Strap"",""quantity"":1,""unitAmount"":29.99}]",4.99,29.99,0,WAZ,STRIPE_RECEIPT_CUSTOMER,WAZ,,ZENIROXPAY,
2026-01-04,txn_3SlvkjK3ZXYJSkRp0RblwwEK,charge,ch_3SlvkjK3ZXYJSkRp0GBrheKs,46.94,2.04,44.9,usd,2026-01-04 18:10:00,2026-01-08 00:00:00,,46.94,,,09P6U-040126-WDJ4Y,,,,,-https://blyne.velorasignature.com/blyne-hardwood-floor-restorer-polish,"[{""name"":""Blyne Floor Restorer & Polish. - Premium (4.06 oz)/Buy 1, Get 1 FREE"",""quantity"":1,""unitAmount"":39.95}]",6.99,39.95,0,Lausan,STRIPE_RECEIPT_CUSTOMER,Vicbea,,ZENIROXPAY,
2026-01-04,txn_3SlwAbK3ZXYJSkRp006EW3iA,charge,ch_3SlwAbK3ZXYJSkRp0FZ4ovNu,60.94,2.55,58.39,usd,2026-01-04 18:36:00,2026-01-08 00:00:00,,60.94,,,09P6U-040126-YR644,,,,,-https://blyne.velorasignature.com/blyne-hardwood-floor-restorer-polish,"[{""name"":""Blyne Floor Restorer & Polish. - Premium (4.06 oz)/Buy 2, Get 2 FREE (+ Bonus Mop Pad)"",""quantity"":1,""unitAmount"":53.95}]",6.99,53.95,0,Lausan,STRIPE_RECEIPT_CUSTOMER,Vicbea,,ZENIROXPAY,
2026-01-04,txn_3Slwm3K3ZXYJSkRp0aErrg92,charge,ch_3Slwm3K3ZXYJSkRp0GYBVxaD,44.94,1.96,42.98,usd,2026-01-04 19:15:00,2026-01-08 00:00:00,,44.94,,,09P6U-040126-Y9Z4X,,,,,-https://blyne.velorasignature.com/blyne-hardwood-floor-restorer-polish,"[{""name"":""Blyne Floor Restorer & Polish. - Standard (4.06 oz)/Buy 1, Get 1 FREE"",""quantity"":1,""unitAmount"":37.95}]",6.99,37.95,0,Lausan,STRIPE_RECEIPT_CUSTOMER,Vicbea,,ZENIROXPAY,
2026-01-04,txn_3SlxFYK3ZXYJSkRp0sDSfx0S,charge,ch_3SlxFYK3ZXYJSkRp0HDHhoHC,46.94,2.04,44.9,usd,2026-01-04 19:46:00,2026-01-08 00:00:00,,46.94,,,09P6U-040126-QY6Y8,,,,,-https://blyne.velorasignature.com/blyne-hardwood-floor-restorer-polish,"[{""name"":""Blyne Floor Restorer & Polish. - Premium (4.06 oz)/Buy 1, Get 1 FREE"",""quantity"":1,""unitAmount"":39.95}]",6.99,39.95,0,Lausan,STRIPE_RECEIPT_CUSTOMER,Vicbea,,ZENIROXPAY,
2026-01-04,txn_3SlxLhK3ZXYJSkRp0ezTGvrP,charge,ch_3SlxLhK3ZXYJSkRp0G68w3jy,50.98,2.19,48.79,usd,2026-01-04 19:52:00,2026-01-08 00:00:00,,50.98,,,HUJGB-040126-5KDSM,,,,,-https://kotort.com/jaw-strap,"[{""name"":""Last Day SALE 60% OFFAirFlow Jaw Strap - Get 2 AirFlow Jaw Strap SAVE 10% OFF - ONLY DAY"",""quantity"":1,""unitAmount"":45.99}]",4.99,45.99,0,WAZ,STRIPE_RECEIPT_CUSTOMER,WAZ,,ZENIROXPAY,
2026-01-04,txn_3Sly99K3ZXYJSkRp0LxOqCpk,charge,ch_3Sly99K3ZXYJSkRp0vZyRoKr,34.98,1.59,33.39,usd,2026-01-04 20:43:00,2026-01-08 00:00:00,,34.98,,,HUJGB-040126-PYFBF,,,,,-https://kotort.com/jaw-strap,"[{""name"":""Last Day SALE 60% OFFAirFlow Jaw Strap - Get 1 AirFlow Jaw Strap"",""quantity"":1,""unitAmount"":29.99}]",4.99,29.99,0,WAZ,STRIPE_RECEIPT_CUSTOMER,WAZ,,ZENIROXPAY,
2026-01-04,txn_3SlycBK3ZXYJSkRp0nCGeKdm,charge,ch_3SlycBK3ZXYJSkRp0jmEt9o0,34.98,1.59,33.39,usd,2026-01-04 21:13:00,2026-01-08 00:00:00,,34.98,,,HUJGB-040126-HOOZL,,,,,-https://kotort.com/jaw-strap,"[{""name"":""Last Day SALE 60% OFFAirFlow Jaw Strap - Get 1 AirFlow Jaw Strap"",""quantity"":1,""unitAmount"":29.99}]",4.99,29.99,0,WAZ,STRIPE_RECEIPT_CUSTOMER,WAZ,,ZENIROXPAY,
2026-01-04,txn_3Slz60K3ZXYJSkRp0xo9ZFP9,charge,ch_3Slz60K3ZXYJSkRp0kDbyxN6,46.94,2.04,44.9,usd,2026-01-04 21:44:00,2026-01-08 00:00:00,,46.94,,,09P6U-040126-21T8D,,,,,-https://blyne.velorasignature.com/blyne-hardwood-floor-restorer-polish,"[{""name"":""Blyne Floor Restorer & Polish. - Premium (4.06 oz)/Buy 1, Get 1 FREE"",""quantity"":1,""unitAmount"":39.95}]",6.99,39.95,0,Lausan,STRIPE_RECEIPT_CUSTOMER,Vicbea,,ZENIROXPAY,
2026-01-04,txn_3Sm0aYK3ZXYJSkRp08yJGAUT,charge,ch_3Sm0aYK3ZXYJSkRp0EtQKP8R,44.94,1.96,42.98,usd,2026-01-04 23:19:00,2026-01-08 00:00:00,,44.94,,,09P6U-040126-EUWJM,,,,,-https://blyne.velorasignature.com/blyne-hardwood-floor-restorer-polish,"[{""name"":""Blyne Floor Restorer & Polish. - Standard (4.06 oz)/Buy 1, Get 1 FREE"",""quantity"":1,""unitAmount"":37.95}]",6.99,37.95,0,Lausan,STRIPE_RECEIPT_CUSTOMER,Vicbea,,ZENIROXPAY,
2026-01-04,txn_3Sm1A4K3ZXYJSkRp1178KJaJ,charge,ch_3Sm1A4K3ZXYJSkRp1a8HZCOZ,64.98,2.7,62.28,usd,2026-01-04 23:56:00,2026-01-08 00:00:00,,64.98,,,HUJGB-040126-53B9K,,,,,-https://kotort.com/jaw-strap,"[{""name"":""Last Day SALE 60% OFFAirFlow Jaw Strap - Get 3 AirFlow Jaw Strap SAVE 20% OFF - ONLY DAY"",""quantity"":1,""unitAmount"":59.99}]",4.99,59.99,0,WAZ,STRIPE_RECEIPT_CUSTOMER,WAZ,,ZENIROXPAY,
2026-01-05,txn_3Sm1NAK3ZXYJSkRp0Ayluu5C,charge,ch_3Sm1NAK3ZXYJSkRp09vumDYr,34.98,1.59,33.39,usd,2026-01-05 00:10:00,2026-01-08 00:00:00,,34.98,,,HUJGB-040126-K88L6,,,,,-https://kotort.com/jaw-strap,"[{""name"":""Last Day SALE 60% OFFAirFlow Jaw Strap - Get 1 AirFlow Jaw Strap"",""quantity"":1,""unitAmount"":29.99}]",4.99,29.99,0,WAZ,STRIPE_RECEIPT_CUSTOMER,WAZ,,ZENIROXPAY,
2026-01-05,txn_3Sm1OOK3ZXYJSkRp1OSSAQ4S,charge,ch_3Sm1OOK3ZXYJSkRp164g6LT9,34.98,1.59,33.39,usd,2026-01-05 00:11:00,2026-01-08 00:00:00,,34.98,,,HUJGB-040126-SY096,,,,,-https://kotort.com/jaw-strap,"[{""name"":""Last Day SALE 60% OFFAirFlow Jaw Strap - Get 1 AirFlow Jaw Strap"",""quantity"":1,""unitAmount"":29.99}]",4.99,29.99,0,WAZ,STRIPE_RECEIPT_CUSTOMER,WAZ,,ZENIROXPAY,
2026-01-05,txn_3Sm1ZbK3ZXYJSkRp0EivSKU0,charge,ch_3Sm1ZbK3ZXYJSkRp0GMcYZvH,46.94,2.04,44.9,usd,2026-01-05 00:23:00,2026-01-08 00:00:00,,46.94,,,09P6U-040126-DOCG2,,,,,-https://blyne.velorasignature.com/blyne-hardwood-floor-restorer-polish,"[{""name"":""Blyne Floor Restorer & Polish. - Premium (4.06 oz)/Buy 1, Get 1 FREE"",""quantity"":1,""unitAmount"":39.95}]",6.99,39.95,0,Lausan,STRIPE_RECEIPT_CUSTOMER,Vicbea,,ZENIROXPAY,
2026-01-05,txn_3Sm1e1K3ZXYJSkRp0T5un3FF,charge,ch_3Sm1e1K3ZXYJSkRp0jzbUKhj,34.98,1.59,33.39,usd,2026-01-05 00:27:00,2026-01-08 00:00:00,,34.98,,,HUJGB-040126-BZ272,,,,,-https://kotort.com/jaw-strap,"[{""name"":""Last Day SALE 60% OFFAirFlow Jaw Strap - Get 1 AirFlow Jaw Strap"",""quantity"":1,""unitAmount"":29.99}]",4.99,29.99,0,WAZ,STRIPE_RECEIPT_CUSTOMER,WAZ,,ZENIROXPAY,
2026-01-05,txn_3Sm28yK3ZXYJSkRp1s8bwW8k,charge,ch_3Sm28yK3ZXYJSkRp18oNh4HW,34.98,1.59,33.39,usd,2026-01-05 00:59:00,2026-01-08 00:00:00,,34.98,,,HUJGB-040126-08WYV,,,,,-https://kotort.com/jaw-strap,"[{""name"":""Last Day SALE 60% OFFAirFlow Jaw Strap - Get 1 AirFlow Jaw Strap"",""quantity"":1,""unitAmount"":29.99}]",4.99,29.99,0,WAZ,STRIPE_RECEIPT_CUSTOMER,WAZ,,ZENIROXPAY,
2026-01-05,txn_3Sm2TeK3ZXYJSkRp1pX9zTnu,charge,ch_3Sm2TeK3ZXYJSkRp1WLpEGPO,34.98,1.59,33.39,usd,2026-01-05 01:21:00,2026-01-08 00:00:00,,34.98,,,HUJGB-040126-9VFK5,,,,,-https://kotort.com/jaw-strap,"[{""name"":""Last Day SALE 60% OFFAirFlow Jaw Strap - Get 1 AirFlow Jaw Strap"",""quantity"":1,""unitAmount"":29.99}]",4.99,29.99,0,WAZ,STRIPE_RECEIPT_CUSTOMER,WAZ,,ZENIROXPAY,
2026-01-05,txn_3Sm2UTK3ZXYJSkRp0aFDA9SL,charge,ch_3Sm2UTK3ZXYJSkRp0C4imm9V,34.98,1.59,33.39,usd,2026-01-05 01:21:00,2026-01-08 00:00:00,,34.98,,,HUJGB-040126-IHF1M,,,,,-https://kotort.com/jaw-strap,"[{""name"":""Last Day SALE 60% OFFAirFlow Jaw Strap - Get 1 AirFlow Jaw Strap"",""quantity"":1,""unitAmount"":29.99}]",4.99,29.99,0,WAZ,STRIPE_RECEIPT_CUSTOMER,WAZ,,ZENIROXPAY,
2026-01-05,txn_3Sm2ccK3ZXYJSkRp0t6OJgFu,charge,ch_3Sm2ccK3ZXYJSkRp0nOiq8FD,34.98,1.59,33.39,usd,2026-01-05 01:30:00,2026-01-08 00:00:00,,34.98,,,HUJGB-040126-1EGN0,,,,,-https://kotort.com/jaw-strap,"[{""name"":""Last Day SALE 60% OFFAirFlow Jaw Strap - Get 1 AirFlow Jaw Strap"",""quantity"":1,""unitAmount"":29.99}]",4.99,29.99,0,WAZ,STRIPE_RECEIPT_CUSTOMER,WAZ,,ZENIROXPAY,
2026-01-05,txn_3Sm2dwK3ZXYJSkRp0fXR9PWb,charge,ch_3Sm2dwK3ZXYJSkRp0E2Vcko2,34.98,1.59,33.39,usd,2026-01-05 01:31:00,2026-01-08 00:00:00,,34.98,,,HUJGB-040126-FYRJT,,,,,-https://kotort.com/jaw-strap,"[{""name"":""Last Day SALE 60% OFFAirFlow Jaw Strap - Get 1 AirFlow Jaw Strap"",""quantity"":1,""unitAmount"":29.99}]",4.99,29.99,0,WAZ,STRIPE_RECEIPT_CUSTOMER,WAZ,,ZENIROXPAY,
2026-01-05,txn_3Sm2jYK3ZXYJSkRp0pQhBbLJ,charge,ch_3Sm2jYK3ZXYJSkRp0njvagA6,46.94,2.04,44.9,usd,2026-01-05 01:37:00,2026-01-08 00:00:00,,46.94,,,09P6U-040126-TUMB8,,,,,-https://blyne.velorasignature.com/blyne-hardwood-floor-restorer-polish,"[{""name"":""Blyne Floor Restorer & Polish. - Premium (4.06 oz)/Buy 1, Get 1 FREE"",""quantity"":1,""unitAmount"":39.95}]",6.99,39.95,0,Lausan,STRIPE_RECEIPT_CUSTOMER,Vicbea,,ZENIROXPAY,
2026-01-05,txn_3Sm5mdK3ZXYJSkRp1fxMOkQP,charge,ch_3Sm5mdK3ZXYJSkRp1LS5imoK,56.98,2.41,54.57,usd,2026-01-05 04:52:00,2026-01-08 00:00:00,,56.98,,,IQ1N5-040126-V1Q3I,,,3,4.99,-https://wrboorsh.com/anxieety,"[{""name"":""Anxiety Bookshelf | Shake Away Your Anxiety - Pink"",""quantity"":1,""unitAmount"":29.99},{""name"":""Anxiety Bookshelf | Shake Away Your Anxiety - Purple"",""quantity"":1,""unitAmount"":29.99}]",4.99,59.98,0,FFT HBA,STRIPE_RECEIPT_CUSTOMER,HBA,,ZENIROXPAY,
2026-01-05,txn_3SmGujK3ZXYJSkRp0NFwmpBX,charge,ch_3SmGujK3ZXYJSkRp0x2IyYmt,56.94,2.41,54.53,usd,2026-01-05 16:45:00,2026-01-08 00:00:00,,56.94,,,09P6U-050126-7RYMX,,,,,-https://blyne.velorasignature.com/blyne-hardwood-floor-restorer-polish,"[{""name"":""Blyne Floor Restorer & Polish. - Standard (4.06 oz)/Buy 2, Get 2 FREE (+ Bonus Mop Pad)"",""quantity"":1,""unitAmount"":49.95}]",6.99,49.95,0,Lausan,STRIPE_RECEIPT_CUSTOMER,Vicbea,,ZENIROXPAY,
2026-01-05,txn_3SmH9gK3ZXYJSkRp1o7JRIUl,charge,ch_3SmH9gK3ZXYJSkRp1Fe7D8k4,60.94,2.55,58.39,usd,2026-01-05 17:01:00,2026-01-08 00:00:00,,60.94,,,09P6U-050126-BI79C,,,,,-https://blyne.velorasignature.com/blyne-hardwood-floor-restorer-polish,"[{""name"":""Blyne Floor Restorer & Polish. - Premium (4.06 oz)/Buy 2, Get 2 FREE (+ Bonus Mop Pad)"",""quantity"":1,""unitAmount"":53.95}]",6.99,53.95,0,Lausan,STRIPE_RECEIPT_CUSTOMER,Vicbea,,ZENIROXPAY,
2026-01-05,txn_3SmHOhK3ZXYJSkRp0QLWPO0M,charge,ch_3SmHOhK3ZXYJSkRp0Y3E5UaE,34.98,1.59,33.39,usd,2026-01-05 17:16:00,2026-01-08 00:00:00,,34.98,,,HUJGB-050126-UJ5AN,,,,,-https://kotort.com/jaw-strap,"[{""name"":""Last Day SALE 60% OFFAirFlow Jaw Strap - Get 1 AirFlow Jaw Strap"",""quantity"":1,""unitAmount"":29.99}]",4.99,29.99,0,WAZ,STRIPE_RECEIPT_CUSTOMER,WAZ,,ZENIROXPAY,
2026-01-05,txn_3SmHXBK3ZXYJSkRp12uklRfj,charge,ch_3SmHXBK3ZXYJSkRp18zWSYoC,34.98,1.59,33.39,usd,2026-01-05 17:25:00,2026-01-08 00:00:00,,34.98,,,HUJGB-050126-ZG9TV,,,,,-https://kotort.com/jaw-strap,"[{""name"":""Last Day SALE 60% OFFAirFlow Jaw Strap - Get 1 AirFlow Jaw Strap"",""quantity"":1,""unitAmount"":29.99}]",4.99,29.99,0,WAZ,STRIPE_RECEIPT_CUSTOMER,WAZ,,ZENIROXPAY,
2026-01-05,txn_3SmHh3K3ZXYJSkRp0lvCnZiI,charge,ch_3SmHh3K3ZXYJSkRp0g7iHiKN,34.98,1.59,33.39,usd,2026-01-05 17:35:00,2026-01-08 00:00:00,,34.98,,,HUJGB-050126-M4E0E,,,,,-https://kotort.com/jaw-strap,"[{""name"":""Last Day SALE 60% OFFAirFlow Jaw Strap - Get 1 AirFlow Jaw Strap"",""quantity"":1,""unitAmount"":29.99}]",4.99,29.99,0,WAZ,STRIPE_RECEIPT_CUSTOMER,WAZ,,ZENIROXPAY,
2026-01-05,txn_3SmHvZK3ZXYJSkRp1IAxkzS9,charge,ch_3SmHvZK3ZXYJSkRp15abtMMy,34.98,1.59,33.39,usd,2026-01-05 17:50:00,2026-01-08 00:00:00,,34.98,,,HUJGB-050126-PBYJD,,,,,-https://kotort.com/jaw-strap,"[{""name"":""Last Day SALE 60% OFFAirFlow Jaw Strap - Get 1 AirFlow Jaw Strap"",""quantity"":1,""unitAmount"":29.99}]",4.99,29.99,0,WAZ,STRIPE_RECEIPT_CUSTOMER,WAZ,,ZENIROXPAY,
2026-01-05,txn_3SmI5FK3ZXYJSkRp1v34kkBI,charge,ch_3SmI5FK3ZXYJSkRp13tS81p4,94.96,3.81,91.15,usd,2026-01-05 18:00:00,2026-01-08 00:00:00,,94.96,,,HUJGB-050126-JRCYD,,,,,-https://kotort.com/jaw-strap,"[{""name"":""Last Day SALE 60% OFFAirFlow Jaw Strap - Get 1 AirFlow Jaw Strap"",""quantity"":3,""unitAmount"":29.99}]",4.99,89.97,0,WAZ,STRIPE_RECEIPT_CUSTOMER,WAZ,,ZENIROXPAY,
2026-01-05,txn_3SmI7kK3ZXYJSkRp1HnFsU4S,charge,ch_3SmI7kK3ZXYJSkRp1JToBWbZ,50.98,2.19,48.79,usd,2026-01-05 18:03:00,2026-01-08 00:00:00,,50.98,,,HUJGB-050126-UQZ8V,,,,,-https://kotort.com/jaw-strap,"[{""name"":""Last Day SALE 60% OFFAirFlow Jaw Strap - Get 2 AirFlow Jaw Strap SAVE 10% OFF - ONLY DAY"",""quantity"":1,""unitAmount"":45.99}]",4.99,45.99,0,WAZ,STRIPE_RECEIPT_CUSTOMER,WAZ,,ZENIROXPAY,
2026-01-05,txn_3SmIM7K3ZXYJSkRp0aTNVdc7,charge,ch_3SmIM7K3ZXYJSkRp0NCybmbK,34.98,1.59,33.39,usd,2026-01-05 18:18:00,2026-01-08 00:00:00,,34.98,,,HUJGB-050126-AQYRU,,,,,-https://kotort.com/jaw-strap,"[{""name"":""Last Day SALE 60% OFFAirFlow Jaw Strap - Get 1 AirFlow Jaw Strap"",""quantity"":1,""unitAmount"":29.99}]",4.99,29.99,0,WAZ,STRIPE_RECEIPT_CUSTOMER,WAZ,,ZENIROXPAY,
2026-01-05,txn_3SmJ36K3ZXYJSkRp1IsNCKAy,charge,ch_3SmJ36K3ZXYJSkRp1SCUbVFE,50.98,2.19,48.79,usd,2026-01-05 19:02:00,2026-01-08 00:00:00,,50.98,,,HUJGB-050126-JJ3DP,,,,,-https://kotort.com/jaw-strap,"[{""name"":""Last Day SALE 60% OFFAirFlow Jaw Strap - Get 2 AirFlow Jaw Strap SAVE 10% OFF - ONLY DAY"",""quantity"":1,""unitAmount"":45.99}]",4.99,45.99,0,WAZ,STRIPE_RECEIPT_CUSTOMER,WAZ,,ZENIROXPAY,
2026-01-05,txn_3SmJACK3ZXYJSkRp1G7KWQuq,charge,ch_3SmJACK3ZXYJSkRp1IQc9iR6,34.98,1.59,33.39,usd,2026-01-05 19:10:00,2026-01-08 00:00:00,,34.98,,,HUJGB-050126-TN3X1,,,,,-https://kotort.com/jaw-strap,"[{""name"":""Last Day SALE 60% OFFAirFlow Jaw Strap - Get 1 AirFlow Jaw Strap"",""quantity"":1,""unitAmount"":29.99}]",4.99,29.99,0,WAZ,STRIPE_RECEIPT_CUSTOMER,WAZ,,ZENIROXPAY,
2026-01-05,txn_3SmKfIK3ZXYJSkRp1Wz4qd1X,charge,ch_3SmKfIK3ZXYJSkRp1uxg9x5r,46.94,2.04,44.9,usd,2026-01-05 20:46:00,2026-01-08 00:00:00,,46.94,,,09P6U-050126-5O92J,,,,,-https://blyne.velorasignature.com/blyne-hardwood-floor-restorer-polish,"[{""name"":""Blyne Floor Restorer & Polish. - Premium (4.06 oz)/Buy 1, Get 1 FREE"",""quantity"":1,""unitAmount"":39.95}]",6.99,39.95,0,Lausan,STRIPE_RECEIPT_CUSTOMER,Vicbea,,ZENIROXPAY,
2026-01-05,txn_3SmMB9K3ZXYJSkRp1iNm2Ckd,charge,ch_3SmMB9K3ZXYJSkRp1keLHL3k,46.94,2.04,44.9,usd,2026-01-05 22:23:00,2026-01-08 00:00:00,,46.94,,,09P6U-050126-WXKGE,,,,,-https://blyne.velorasignature.com/blyne-hardwood-floor-restorer-polish,"[{""name"":""Blyne Floor Restorer & Polish. - Premium (4.06 oz)/Buy 1, Get 1 FREE"",""quantity"":1,""unitAmount"":39.95}]",6.99,39.95,0,Lausan,STRIPE_RECEIPT_CUSTOMER,Vicbea,,ZENIROXPAY,
2026-01-06,txn_3SmQlBK3ZXYJSkRp1kaSzwBZ,charge,ch_3SmQlBK3ZXYJSkRp1MkJTwCJ,46.94,2.04,44.9,usd,2026-01-06 03:16:00,2026-01-09 00:00:00,,46.94,,,09P6U-050126-3E8LX,,,,,-https://blyne.velorasignature.com/blyne-hardwood-floor-restorer-polish,"[{""name"":""Blyne Floor Restorer & Polish. - Premium (4.06 oz)/Buy 1, Get 1 FREE"",""quantity"":1,""unitAmount"":39.95}]",6.99,39.95,0,Lausan,STRIPE_RECEIPT_CUSTOMER,Vicbea,,ZENIROXPAY,
2026-01-06,txn_1SmR9iK3ZXYJSkRpPlCJKtRu,payout,po_1SmR9iK3ZXYJSkRpMoQEuhZN,-4500,0,-4500,usd,2026-01-06 03:42:00,2026-01-06 03:42:00,,,,,,,,,,,,,,,,STRIPE_PAYOUT,,Pingpong ZeniroxPay,ZENIROXPAY,
2026-01-06,txn_3SkvtfK3ZXYJSkRp1j1ekITp,refund,ch_3SkvtfK3ZXYJSkRp16T464Yi,-34.98,0,-34.98,usd,2026-01-06 06:59:00,2026-01-07 00:00:00,Customer request - cancel,34.98,true,Customer request - cancel,HUJGB-010126-VWMX5,,,,,,,,,,,STRIPE_REFUND,,,ZENIROXPAY,
2026-01-06,txn_3SmbacK3ZXYJSkRp0UOGyAqD,charge,ch_3SmbacK3ZXYJSkRp0a0cmNkZ,46.94,2.04,44.9,usd,2026-01-06 14:50:00,2026-01-09 00:00:00,,46.94,,,09P6U-060126-SOXHE,,,,,-https://blyne.velorasignature.com/blyne-hardwood-floor-restorer-polish,"[{""name"":""Blyne Floor Restorer & Polish. - Premium (4.06 oz)/Buy 1, Get 1 FREE"",""quantity"":1,""unitAmount"":39.95}]",6.99,39.95,0,Lausan,STRIPE_RECEIPT_CUSTOMER,Vicbea,,ZENIROXPAY,
2026-01-06,txn_3SmflxK3ZXYJSkRp1CHajckR,charge,ch_3SmflxK3ZXYJSkRp1v7UKWZd,46.94,2.04,44.9,usd,2026-01-06 19:18:00,2026-01-09 00:00:00,,46.94,,,09P6U-060126-F4OY5,,,,,-https://blyne.velorasignature.com/blyne-hardwood-floor-restorer-polish,"[{""name"":""Blyne Floor Restorer & Polish. - Premium (4.06 oz)/Buy 1, Get 1 FREE"",""quantity"":1,""unitAmount"":39.95}]",6.99,39.95,0,Lausan,STRIPE_RECEIPT_CUSTOMER,Vicbea,,ZENIROXPAY,
2026-01-06,txn_3SmgfaK3ZXYJSkRp0eOlOWqF,charge,ch_3SmgfaK3ZXYJSkRp0Me7Iqed,46.94,2.04,44.9,usd,2026-01-06 20:15:00,2026-01-09 00:00:00,,46.94,,,09P6U-060126-CDYD1,,,,,-https://blyne.velorasignature.com/blyne-hardwood-floor-restorer-polish,"[{""name"":""Blyne Floor Restorer & Polish. - Premium (4.06 oz)/Buy 1, Get 1 FREE"",""quantity"":1,""unitAmount"":39.95}]",6.99,39.95,0,Lausan,STRIPE_RECEIPT_CUSTOMER,Vicbea,,ZENIROXPAY,
2026-01-06,txn_3SmhBjK3ZXYJSkRp0SeE6q3P,charge,ch_3SmhBjK3ZXYJSkRp03SjMmla,46.94,2.04,44.9,usd,2026-01-06 20:49:00,2026-01-09 00:00:00,,46.94,,,09P6U-060126-3BX1Z,,,,,-https://blyne.velorasignature.com/blyne-hardwood-floor-restorer-polish,"[{""name"":""Blyne Floor Restorer & Polish. - Premium (4.06 oz)/Buy 1, Get 1 FREE"",""quantity"":1,""unitAmount"":39.95}]",6.99,39.95,0,Lausan,STRIPE_RECEIPT_CUSTOMER,Vicbea,,ZENIROXPAY,
2026-01-06,txn_3SmhfDK3ZXYJSkRp0JKiluGI,charge,ch_3SmhfDK3ZXYJSkRp0F3NQNWt,46.94,2.04,44.9,usd,2026-01-06 21:19:00,2026-01-09 00:00:00,,46.94,,,09P6U-060126-QWPE5,,,,,-https://blyne.velorasignature.com/blyne-hardwood-floor-restorer-polish,"[{""name"":""Blyne Floor Restorer & Polish. - Premium (4.06 oz)/Buy 1, Get 1 FREE"",""quantity"":1,""unitAmount"":39.95}]",6.99,39.95,0,Lausan,STRIPE_RECEIPT_CUSTOMER,Vicbea,,ZENIROXPAY,
2026-01-06,txn_3SmhrOK3ZXYJSkRp00IAtq4v,charge,ch_3SmhrOK3ZXYJSkRp0znP5qbH,60.94,2.55,58.39,usd,2026-01-06 21:32:00,2026-01-09 00:00:00,,60.94,,,09P6U-060126-0O34X,,,,,-https://blyne.velorasignature.com/blyne-hardwood-floor-restorer-polish,"[{""name"":""Blyne Floor Restorer & Polish. - Premium (4.06 oz)/Buy 2, Get 2 FREE (+ Bonus Mop Pad)"",""quantity"":1,""unitAmount"":53.95}]",6.99,53.95,0,Lausan,STRIPE_RECEIPT_CUSTOMER,Vicbea,,ZENIROXPAY,
2026-01-07,txn_3SmmBhK3ZXYJSkRp0SHa84CD,charge,ch_3SmmBhK3ZXYJSkRp02sB99X0,46.94,2.04,44.9,usd,2026-01-07 02:09:00,2026-01-12 00:00:00,,46.94,,,09P6U-060126-OSOVY,,,,,-https://blyne.velorasignature.com/blyne-hardwood-floor-restorer-polish,"[{""name"":""Blyne Floor Restorer & Polish. - Premium (4.06 oz)/Buy 1, Get 1 FREE"",""quantity"":1,""unitAmount"":39.95}]",6.99,39.95,0,Lausan,STRIPE_RECEIPT_CUSTOMER,Vicbea,,ZENIROXPAY,
2026-01-07,txn_1SmnOVK3ZXYJSkRpuuMryvvZ,payout,po_1SmnOVK3ZXYJSkRp28QzeUFi,-5200,0,-5200,usd,2026-01-07 03:26:00,2026-01-07 03:26:00,,,,,,,,,,,,,,,,STRIPE_PAYOUT,,Pingpong ZeniroxPay,ZENIROXPAY,
2026-01-07,txn_3SmnQzK3ZXYJSkRp1tFj2gg7,charge,ch_3SmnQzK3ZXYJSkRp18i2Dg7Y,46.94,2.04,44.9,usd,2026-01-07 03:29:00,2026-01-12 00:00:00,,46.94,,,09P6U-060126-5PR3L,,,,,-https://blyne.velorasignature.com/blyne-hardwood-floor-restorer-polish,"[{""name"":""Blyne Floor Restorer & Polish. - Premium (4.06 oz)/Buy 1, Get 1 FREE"",""quantity"":1,""unitAmount"":39.95}]",6.99,39.95,0,Lausan,STRIPE_RECEIPT_CUSTOMER,Vicbea,,ZENIROXPAY,
2026-01-07,txn_3SmnwxK3ZXYJSkRp0Oo0Aehi,charge,ch_3SmnwxK3ZXYJSkRp0zXw3ZIm,114.89,4.55,110.34,usd,2026-01-07 04:02:00,2026-01-12 00:00:00,,114.89,,,09P6U-060126-YATQQ,,,,,-https://blyne.velorasignature.com/blyne-hardwood-floor-restorer-polish,"[{""name"":""Blyne Floor Restorer & Polish. - Premium (4.06 oz)/Buy 2, Get 2 FREE (+ Bonus Mop Pad)"",""quantity"":2,""unitAmount"":53.95}]",6.99,107.9,0,Lausan,STRIPE_RECEIPT_CUSTOMER,Vicbea,,ZENIROXPAY,
2026-01-07,txn_1Smoj3K3ZXYJSkRpj6XiR9l0,stripe_fee,,-10.96,0,-10.96,usd,2026-01-07 04:52:00,2026-01-07 04:52:00,,,,,,,,,,,,,,,,STRIPE_FEE,,,ZENIROXPAY,
2026-01-07,txn_1Smoj3K3ZXYJSkRpB1yxJ1YV,stripe_fee,,-10.95,0,-10.95,usd,2026-01-07 04:52:00,2026-01-07 04:52:00,,,,,,,,,,,,,,,,STRIPE_FEE,,,ZENIROXPAY,
2026-01-07,txn_3Sn0pWK3ZXYJSkRp128lr3xm,charge,ch_3Sn0pWK3ZXYJSkRp1ArGpEeN,46.94,2.04,44.9,usd,2026-01-07 17:47:00,2026-01-12 00:00:00,,46.94,,,09P6U-070126-CBUN4,,,,,-https://blyne.velorasignature.com/blyne-hardwood-floor-restorer-polish,"[{""name"":""Blyne Floor Restorer & Polish. - Premium (4.06 oz)/Buy 1, Get 1 FREE"",""quantity"":1,""unitAmount"":39.95}]",6.99,39.95,0,Lausan,STRIPE_RECEIPT_CUSTOMER,Vicbea,,ZENIROXPAY,
2026-01-07,txn_3Sn1kzK3ZXYJSkRp1aAhaU6t,charge,ch_3Sn1kzK3ZXYJSkRp1C8iqEje,46.94,2.04,44.9,usd,2026-01-07 18:46:00,2026-01-12 00:00:00,,46.94,,,09P6U-070126-5AG4D,,,,,-https://blyne.velorasignature.com/blyne-hardwood-floor-restorer-polish,"[{""name"":""Blyne Floor Restorer & Polish. - Premium (4.06 oz)/Buy 1, Get 1 FREE"",""quantity"":1,""unitAmount"":39.95}]",6.99,39.95,0,Lausan,STRIPE_RECEIPT_CUSTOMER,Vicbea,,ZENIROXPAY,
2026-01-07,txn_3Sn1vpK3ZXYJSkRp1PU3zRO3,charge,ch_3Sn1vpK3ZXYJSkRp18OgV4s3,44.94,1.96,42.98,usd,2026-01-07 18:58:00,2026-01-12 00:00:00,,44.94,,,09P6U-070126-FDHHR,,,,,-https://blyne.velorasignature.com/blyne-hardwood-floor-restorer-polish,"[{""name"":""Blyne Floor Restorer & Polish. - Standard (4.06 oz)/Buy 1, Get 1 FREE"",""quantity"":1,""unitAmount"":37.95}]",6.99,37.95,0,Lausan,STRIPE_RECEIPT_CUSTOMER,Vicbea,,ZENIROXPAY,
2026-01-08,txn_3Sn83DK3ZXYJSkRp04buL8l5,charge,ch_3Sn83DK3ZXYJSkRp0GNSyXbs,46.94,2.04,44.9,usd,2026-01-08 01:30:00,2026-01-13 00:00:00,,46.94,,,09P6U-070126-8JMLN,,,,,-https://blyne.velorasignature.com/blyne-hardwood-floor-restorer-polish,"[{""name"":""Blyne Floor Restorer & Polish. - Premium (4.06 oz)/Buy 1, Get 1 FREE"",""quantity"":1,""unitAmount"":39.95}]",6.99,39.95,0,Lausan,STRIPE_RECEIPT_CUSTOMER,Vicbea,,ZENIROXPAY,
2026-01-08,txn_1Sn9CvK3ZXYJSkRpqGocwD4o,adjustment,du_1Sn9CkK3ZXYJSkRpfvosEmi8,-64.97,15,-79.97,usd,2026-01-08 02:44:00,2026-01-08 02:44:00,,,,,,,,,,,,,,,,STRIPE_ADJUSTMENT,,,ZENIROXPAY,
2026-01-08,txn_1Sn9VkK3ZXYJSkRpfGqi7TyY,payout,po_1Sn9VkK3ZXYJSkRpX98uYc4o,-5000,0,-5000,usd,2026-01-08 03:03:00,2026-01-08 03:03:00,,,,,,,,,,,,,,,,STRIPE_PAYOUT,,Pingpong ZeniroxPay,ZENIROXPAY,
2026-01-08,txn_3Sn9zIK3ZXYJSkRp10yYUUj3,charge,ch_3Sn9zIK3ZXYJSkRp11SqZdYl,60.94,2.55,58.39,usd,2026-01-08 03:34:00,2026-01-13 00:00:00,,60.94,,,09P6U-070126-BRDBK,,,,,-https://blyne.velorasignature.com/blyne-hardwood-floor-restorer-polish,"[{""name"":""Blyne Floor Restorer & Polish. - Premium (4.06 oz)/Buy 2, Get 2 FREE (+ Bonus Mop Pad)"",""quantity"":1,""unitAmount"":53.95}]",6.99,53.95,0,Lausan,STRIPE_RECEIPT_CUSTOMER,Vicbea,,ZENIROXPAY,
2026-01-08,txn_3SnA0mK3ZXYJSkRp0rxivysP,charge,ch_3SnA0mK3ZXYJSkRp0QpDODRP,60.94,2.55,58.39,usd,2026-01-08 03:35:00,2026-01-13 00:00:00,,60.94,,,09P6U-070126-URLFP,,,,,-https://blyne.velorasignature.com/blyne-hardwood-floor-restorer-polish,"[{""name"":""Blyne Floor Restorer & Polish. - Premium (4.06 oz)/Buy 2, Get 2 FREE (+ Bonus Mop Pad)"",""quantity"":1,""unitAmount"":53.95}]",6.99,53.95,0,Lausan,STRIPE_RECEIPT_CUSTOMER,Vicbea,,ZENIROXPAY,
2026-01-08,txn_3SnAtJK3ZXYJSkRp0DZSmRfw,charge,ch_3SnAtJK3ZXYJSkRp0AcCbM5e,53.67,2.29,51.38,usd,2026-01-08 04:32:00,2026-01-13 00:00:00,,53.67,,,09P6U-070126-1BTES,,,,,-https://blyne.velorasignature.com/blyne-floor-restorer-polish11111-https://blyne.velorasignature.com/blyne-hardwood-floor-restorer-polish,"[{""name"":""Blyne Floor Restorer & Polish - Premium/120 ml"",""quantity"":1,""unitAmount"":6.73},{""name"":""Blyne Floor Restorer & Polish. - Premium (4.06 oz)/Buy 1, Get 1 FREE"",""quantity"":1,""unitAmount"":39.95}]",6.99,46.68,0,Lausan,STRIPE_RECEIPT_CUSTOMER,Vicbea,,ZENIROXPAY,
2026-01-08,txn_3SnJNQK3ZXYJSkRp0AuoiDjB,charge,ch_3SnJNQK3ZXYJSkRp0BOkw9jK,46.94,2.04,44.9,usd,2026-01-08 13:35:00,2026-01-13 00:00:00,,46.94,,,09P6U-080126-8FGFD,,,,,-https://blyne.velorasignature.com/blyne-hardwood-floor-restorer-polish,"[{""name"":""Blyne Floor Restorer & Polish. - Premium (4.06 oz)/Buy 1, Get 1 FREE"",""quantity"":1,""unitAmount"":39.95}]",6.99,39.95,0,Lausan,STRIPE_RECEIPT_CUSTOMER,Vicbea,,ZENIROXPAY,
2026-01-08,txn_3SnKmuK3ZXYJSkRp0ZNHk0Sj,charge,ch_3SnKmuK3ZXYJSkRp0xkoKTcC,46.94,2.04,44.9,usd,2026-01-08 15:06:00,2026-01-13 00:00:00,,46.94,,,09P6U-080126-PTI1P,,,,,-https://blyne.velorasignature.com/blyne-hardwood-floor-restorer-polish,"[{""name"":""Blyne Floor Restorer & Polish. - Premium (4.06 oz)/Buy 1, Get 1 FREE"",""quantity"":1,""unitAmount"":39.95}]",6.99,39.95,0,Lausan,STRIPE_RECEIPT_CUSTOMER,Vicbea,,ZENIROXPAY,
2026-01-08,txn_3SnKu6K3ZXYJSkRp0y9oQZxe,charge,ch_3SnKu6K3ZXYJSkRp02WDMNVd,46.94,2.04,44.9,usd,2026-01-08 15:13:00,2026-01-13 00:00:00,,46.94,,,09P6U-080126-F2BW4,,,,,-https://blyne.velorasignature.com/blyne-hardwood-floor-restorer-polish,"[{""name"":""Blyne Floor Restorer & Polish. - Premium (4.06 oz)/Buy 1, Get 1 FREE"",""quantity"":1,""unitAmount"":39.95}]",6.99,39.95,0,Lausan,STRIPE_RECEIPT_CUSTOMER,Vicbea,,ZENIROXPAY,
2026-01-08,txn_3SnMLUK3ZXYJSkRp0RdelCkz,charge,ch_3SnMLUK3ZXYJSkRp0v4hibLO,60.94,2.55,58.39,usd,2026-01-08 16:46:00,2026-01-13 00:00:00,,60.94,,,09P6U-080126-DBM8S,,,,,-https://blyne.velorasignature.com/blyne-hardwood-floor-restorer-polish,"[{""name"":""Blyne Floor Restorer & Polish. - Premium (4.06 oz)/Buy 2, Get 2 FREE (+ Bonus Mop Pad)"",""quantity"":1,""unitAmount"":53.95}]",6.99,53.95,0,Lausan,STRIPE_RECEIPT_CUSTOMER,Vicbea,,ZENIROXPAY,
2026-01-08,txn_3SnMrfK3ZXYJSkRp152QdJnW,charge,ch_3SnMrfK3ZXYJSkRp1aJNuXIl,114.89,4.55,110.34,usd,2026-01-08 17:19:00,2026-01-13 00:00:00,,114.89,,,09P6U-080126-34A5X,,,,,-https://blyne.velorasignature.com/blyne-hardwood-floor-restorer-polish,"[{""name"":""Blyne Floor Restorer & Polish. - Premium (4.06 oz)/Buy 2, Get 2 FREE (+ Bonus Mop Pad)"",""quantity"":2,""unitAmount"":53.95}]",6.99,107.9,0,Lausan,STRIPE_RECEIPT_CUSTOMER,Vicbea,,ZENIROXPAY,
2026-01-08,txn_3SnN2oK3ZXYJSkRp0A4y81wd,charge,ch_3SnN2oK3ZXYJSkRp0HcBk1nV,46.94,2.04,44.9,usd,2026-01-08 17:30:00,2026-01-13 00:00:00,,46.94,,,09P6U-080126-PTCND,,,,,-https://blyne.velorasignature.com/blyne-hardwood-floor-restorer-polish,"[{""name"":""Blyne Floor Restorer & Polish. - Premium (4.06 oz)/Buy 1, Get 1 FREE"",""quantity"":1,""unitAmount"":39.95}]",6.99,39.95,0,Lausan,STRIPE_RECEIPT_CUSTOMER,Vicbea,,ZENIROXPAY,
2026-01-08,txn_3SnNuyK3ZXYJSkRp0uFZXKq8,charge,ch_3SnNuyK3ZXYJSkRp0PFSqqRA,46.94,2.04,44.9,usd,2026-01-08 18:29:00,2026-01-13 00:00:00,,46.94,,,09P6U-080126-0BNPM,,,,,-https://blyne.velorasignature.com/blyne-hardwood-floor-restorer-polish,"[{""name"":""Blyne Floor Restorer & Polish. - Premium (4.06 oz)/Buy 1, Get 1 FREE"",""quantity"":1,""unitAmount"":39.95}]",6.99,39.95,0,Lausan,STRIPE_RECEIPT_CUSTOMER,Vicbea,,ZENIROXPAY,
2026-01-08,txn_3SnPF5K3ZXYJSkRp1xFvsBAY,charge,ch_3SnPF5K3ZXYJSkRp14oxk8ix,46.94,2.04,44.9,usd,2026-01-08 19:51:00,2026-01-13 00:00:00,,46.94,,,09P6U-080126-5YUHF,,,,,-https://blyne.velorasignature.com/blyne-hardwood-floor-restorer-polish,"[{""name"":""Blyne Floor Restorer & Polish. - Premium (4.06 oz)/Buy 1, Get 1 FREE"",""quantity"":1,""unitAmount"":39.95}]",6.99,39.95,0,Lausan,STRIPE_RECEIPT_CUSTOMER,Vicbea,,ZENIROXPAY,
2026-01-08,txn_3SnQFXK3ZXYJSkRp1ItXWYwU,charge,ch_3SnQFXK3ZXYJSkRp1cYYw5yZ,46.94,2.04,44.9,usd,2026-01-08 20:56:00,2026-01-13 00:00:00,,46.94,,,09P6U-080126-HKL7X,,,,,-https://blyne.velorasignature.com/blyne-hardwood-floor-restorer-polish,"[{""name"":""Blyne Floor Restorer & Polish. - Premium (4.06 oz)/Buy 1, Get 1 FREE"",""quantity"":1,""unitAmount"":39.95}]",6.99,39.95,0,Lausan,STRIPE_RECEIPT_CUSTOMER,Vicbea,,ZENIROXPAY,
2026-01-08,txn_3SnQPWK3ZXYJSkRp16qlLVUt,charge,ch_3SnQPWK3ZXYJSkRp1pQMK0J2,60.94,2.55,58.39,usd,2026-01-08 21:06:00,2026-01-13 00:00:00,,60.94,,,09P6U-080126-SN9W6,,,,,-https://blyne.velorasignature.com/blyne-hardwood-floor-restorer-polish,"[{""name"":""Blyne Floor Restorer & Polish. - Premium (4.06 oz)/Buy 2, Get 2 FREE (+ Bonus Mop Pad)"",""quantity"":1,""unitAmount"":53.95}]",6.99,53.95,0,Lausan,STRIPE_RECEIPT_CUSTOMER,Vicbea,,ZENIROXPAY,
2026-01-08,txn_3SnQn4K3ZXYJSkRp1pEhdTau,charge,ch_3SnQn4K3ZXYJSkRp1Pk7iQrd,44.94,1.96,42.98,usd,2026-01-08 21:30:00,2026-01-13 00:00:00,,44.94,,,09P6U-080126-QMZ9O,,,,,-https://blyne.velorasignature.com/blyne-hardwood-floor-restorer-polish,"[{""name"":""Blyne Floor Restorer & Polish. - Standard (4.06 oz)/Buy 1, Get 1 FREE"",""quantity"":1,""unitAmount"":37.95}]",6.99,37.95,0,Lausan,STRIPE_RECEIPT_CUSTOMER,Vicbea,,ZENIROXPAY,
2026-01-08,txn_3SnSzCK3ZXYJSkRp1iSc4akP,charge,ch_3SnSzCK3ZXYJSkRp1r6o1iFv,46.94,2.04,44.9,usd,2026-01-08 23:51:00,2026-01-13 00:00:00,,46.94,,,09P6U-080126-1R6HT,,,,,-https://blyne.velorasignature.com/blyne-hardwood-floor-restorer-polish,"[{""name"":""Blyne Floor Restorer & Polish. - Premium (4.06 oz)/Buy 1, Get 1 FREE"",""quantity"":1,""unitAmount"":39.95}]",6.99,39.95,0,Lausan,STRIPE_RECEIPT_CUSTOMER,Vicbea,,ZENIROXPAY,
2026-01-09,txn_3SnY6lK3ZXYJSkRp1OdIsTHG,charge,ch_3SnY6lK3ZXYJSkRp1g13MGXu,46.94,2.04,44.9,usd,2026-01-09 05:19:00,2026-01-14 00:00:00,,46.94,,,09P6U-080126-Z887O,,,,,-https://blyne.velorasignature.com/blyne-hardwood-floor-restorer-polish,"[{""name"":""Blyne Floor Restorer & Polish. - Premium (4.06 oz)/Buy 1, Get 1 FREE"",""quantity"":1,""unitAmount"":39.95}]",6.99,39.95,0,Lausan,STRIPE_RECEIPT_CUSTOMER,Vicbea,,ZENIROXPAY,
2026-01-09,txn_3SniAiK3ZXYJSkRp0owtl1Ad,charge,ch_3SniAiK3ZXYJSkRp0yEX6eDQ,46.94,2.04,44.9,usd,2026-01-09 16:04:00,2026-01-14 00:00:00,,46.94,,,09P6U-090126-FOG3V,,,,,-https://blyne.velorasignature.com/blyne-hardwood-floor-restorer-polish,"[{""name"":""Blyne Floor Restorer & Polish. - Premium (4.06 oz)/Buy 1, Get 1 FREE"",""quantity"":1,""unitAmount"":39.95}]",6.99,39.95,0,Lausan,STRIPE_RECEIPT_CUSTOMER,Vicbea,,ZENIROXPAY,
2026-01-09,txn_3SniTYK3ZXYJSkRp1Y7gQMZs,charge,ch_3SniTYK3ZXYJSkRp19mWl0lw,60.94,2.55,58.39,usd,2026-01-09 16:23:00,2026-01-14 00:00:00,,60.94,,,09P6U-090126-6P2N4,,,,,-https://blyne.velorasignature.com/blyne-hardwood-floor-restorer-polish,"[{""name"":""Blyne Floor Restorer & Polish. - Premium (4.06 oz)/Buy 2, Get 2 FREE (+ Bonus Mop Pad)"",""quantity"":1,""unitAmount"":53.95}]",6.99,53.95,0,Lausan,STRIPE_RECEIPT_CUSTOMER,Vicbea,,ZENIROXPAY,
2026-01-10,txn_3SnpezK3ZXYJSkRp1Lw0QCH6,charge,ch_3SnpezK3ZXYJSkRp1avC45w9,60.94,2.55,58.39,usd,2026-01-10 00:04:00,2026-01-15 00:00:00,,60.94,,,09P6U-090126-80W0A,,,,,-https://blyne.velorasignature.com/blyne-hardwood-floor-restorer-polish,"[{""name"":""Blyne Floor Restorer & Polish. - Premium (4.06 oz)/Buy 2, Get 2 FREE (+ Bonus Mop Pad)"",""quantity"":1,""unitAmount"":53.95}]",6.99,53.95,0,Lausan,STRIPE_RECEIPT_CUSTOMER,Vicbea,,ZENIROXPAY,
2026-01-10,txn_3SnruDK3ZXYJSkRp0yQSUqio,charge,ch_3SnruDK3ZXYJSkRp0lSZfWtb,46.94,2.04,44.9,usd,2026-01-10 02:27:00,2026-01-15 00:00:00,,46.94,,,09P6U-090126-QR0EN,,,,,-https://blyne.velorasignature.com/blyne-hardwood-floor-restorer-polish,"[{""name"":""Blyne Floor Restorer & Polish. - Premium (4.06 oz)/Buy 1, Get 1 FREE"",""quantity"":1,""unitAmount"":39.95}]",6.99,39.95,0,Lausan,STRIPE_RECEIPT_CUSTOMER,Vicbea,,ZENIROXPAY,
2026-01-10,txn_3SntpBK3ZXYJSkRp1xaG61sk,charge,ch_3SntpBK3ZXYJSkRp1Nc6TVdW,46.94,2.04,44.9,usd,2026-01-10 04:30:00,2026-01-15 00:00:00,,46.94,,,09P6U-090126-NDJXZ,,,,,-https://blyne.velorasignature.com/blyne-hardwood-floor-restorer-polish,"[{""name"":""Blyne Floor Restorer & Polish. - Premium (4.06 oz)/Buy 1, Get 1 FREE"",""quantity"":1,""unitAmount"":39.95}]",6.99,39.95,0,Lausan,STRIPE_RECEIPT_CUSTOMER,Vicbea,,ZENIROXPAY,
2026-01-10,txn_3So0idK3ZXYJSkRp0oRLCNvI,charge,ch_3So0idK3ZXYJSkRp03WTdcK8,46.94,2.04,44.9,usd,2026-01-10 11:52:00,2026-01-15 00:00:00,,46.94,,,TGCFP-100126-JNJIW,,,,,-https://blyne.velorasignature.com/blyne-hardwood-floor-restorer-polish,"[{""name"":""Blyne Floor Restorer & Polish. - Premium (4.06 oz)/Buy 1, Get 1 FREE"",""quantity"":1,""unitAmount"":39.95}]",6.99,39.95,0,Lausan,STRIPE_RECEIPT_CUSTOMER,Vicbea,,ZENIROXPAY,
2026-01-10,txn_3So3JbK3ZXYJSkRp1dtQsYGv,charge,ch_3So3JbK3ZXYJSkRp16uHyhmb,46.94,2.04,44.9,usd,2026-01-10 14:38:00,2026-01-15 00:00:00,,46.94,,,TGCFP-100126-KKSMO,,,,,-https://blyne.velorasignature.com/blyne-hardwood-floor-restorer-polish,"[{""name"":""Blyne Floor Restorer & Polish. - Premium (4.06 oz)/Buy 1, Get 1 FREE"",""quantity"":1,""unitAmount"":39.95}]",6.99,39.95,0,Lausan,STRIPE_RECEIPT_CUSTOMER,Vicbea,,ZENIROXPAY,
2026-01-10,txn_3So6y1K3ZXYJSkRp1aPldRF1,charge,ch_3So6y1K3ZXYJSkRp1bfdJaXQ,46.94,2.04,44.9,usd,2026-01-10 18:32:00,2026-01-15 00:00:00,,46.94,,,TGCFP-100126-KYV99,,,,,-https://blyne.velorasignature.com/blyne-hardwood-floor-restorer-polish,"[{""name"":""Blyne Floor Restorer & Polish. - Premium (4.06 oz)/Buy 1, Get 1 FREE"",""quantity"":1,""unitAmount"":39.95}]",6.99,39.95,0,Lausan,STRIPE_RECEIPT_CUSTOMER,Vicbea,,ZENIROXPAY,
2026-01-10,txn_3So7XaK3ZXYJSkRp0C4Vzf5V,charge,ch_3So7XaK3ZXYJSkRp0nIUop4x,60.94,2.55,58.39,usd,2026-01-10 19:09:00,2026-01-15 00:00:00,,60.94,,,TGCFP-100126-YCT3L,,,,,-https://blyne.velorasignature.com/blyne-hardwood-floor-restorer-polish,"[{""name"":""Blyne Floor Restorer & Polish. - Premium (4.06 oz)/Buy 2, Get 2 FREE (+ Bonus Mop Pad)"",""quantity"":1,""unitAmount"":53.95}]",6.99,53.95,0,Lausan,STRIPE_RECEIPT_CUSTOMER,Vicbea,,ZENIROXPAY,
2026-01-10,txn_3So8PUK3ZXYJSkRp0UZy9Aqp,charge,ch_3So8PUK3ZXYJSkRp07QLAURr,46.94,2.04,44.9,usd,2026-01-10 20:05:00,2026-01-15 00:00:00,,46.94,,,TGCFP-100126-0560T,,,,,-https://blyne.velorasignature.com/blyne-hardwood-floor-restorer-polish,"[{""name"":""Blyne Floor Restorer & Polish. - Premium (4.06 oz)/Buy 1, Get 1 FREE"",""quantity"":1,""unitAmount"":39.95}]",6.99,39.95,0,Lausan,STRIPE_RECEIPT_CUSTOMER,Vicbea,,ZENIROXPAY,
2026-01-10,txn_3So8XwK3ZXYJSkRp0ULDOtyL,charge,ch_3So8XwK3ZXYJSkRp0bSJ3WEx,46.94,2.04,44.9,usd,2026-01-10 20:14:00,2026-01-15 00:00:00,,46.94,,,TGCFP-100126-NHP9K,,,,,-https://blyne.velorasignature.com/blyne-hardwood-floor-restorer-polish,"[{""name"":""Blyne Floor Restorer & Polish. - Premium (4.06 oz)/Buy 1, Get 1 FREE"",""quantity"":1,""unitAmount"":39.95}]",6.99,39.95,0,Lausan,STRIPE_RECEIPT_CUSTOMER,Vicbea,,ZENIROXPAY,
2026-01-10,txn_3So8hcK3ZXYJSkRp1V45Ok5w,charge,ch_3So8hcK3ZXYJSkRp1QJiUi9t,46.94,2.04,44.9,usd,2026-01-10 20:24:00,2026-01-15 00:00:00,,46.94,,,TGCFP-100126-GY8IU,,,,,-https://blyne.velorasignature.com/blyne-hardwood-floor-restorer-polish,"[{""name"":""Blyne Floor Restorer & Polish. - Premium (4.06 oz)/Buy 1, Get 1 FREE"",""quantity"":1,""unitAmount"":39.95}]",6.99,39.95,0,Lausan,STRIPE_RECEIPT_CUSTOMER,Vicbea,,ZENIROXPAY,
2026-01-10,txn_3So9KKK3ZXYJSkRp12daoAk3,charge,ch_3So9KKK3ZXYJSkRp1UPIgTw2,46.94,2.04,44.9,usd,2026-01-10 21:04:00,2026-01-15 00:00:00,,46.94,,,TGCFP-100126-18BWI,,,,,-https://blyne.velorasignature.com/blyne-hardwood-floor-restorer-polish,"[{""name"":""Blyne Floor Restorer & Polish. - Premium (4.06 oz)/Buy 1, Get 1 FREE"",""quantity"":1,""unitAmount"":39.95}]",6.99,39.95,0,Lausan,STRIPE_RECEIPT_CUSTOMER,Vicbea,,ZENIROXPAY,
2026-01-10,txn_3SoAP1K3ZXYJSkRp0fMbgm58,charge,ch_3SoAP1K3ZXYJSkRp0INKfBd1,46.94,2.04,44.9,usd,2026-01-10 22:13:00,2026-01-15 00:00:00,,46.94,,,TGCFP-100126-APPBI,,,,,-https://blyne.velorasignature.com/blyne-hardwood-floor-restorer-polish,"[{""name"":""Blyne Floor Restorer & Polish. - Premium (4.06 oz)/Buy 1, Get 1 FREE"",""quantity"":1,""unitAmount"":39.95}]",6.99,39.95,0,Lausan,STRIPE_RECEIPT_CUSTOMER,Vicbea,,ZENIROXPAY,
2026-01-11,txn_3SoQZfK3ZXYJSkRp0YvqCKFy,charge,ch_3SoQZfK3ZXYJSkRp0JaRyRgf,46.94,2.04,44.9,usd,2026-01-11 15:29:00,2026-01-15 00:00:00,,46.94,,,TGCFP-110126-TSOGF,,,,,-https://blyne.velorasignature.com/blyne-hardwood-floor-restorer-polish,"[{""name"":""Blyne Floor Restorer & Polish. - Premium (4.06 oz)/Buy 1, Get 1 FREE"",""quantity"":1,""unitAmount"":39.95}]",6.99,39.95,0,Lausan,STRIPE_RECEIPT_CUSTOMER,Vicbea,,ZENIROXPAY,
2026-01-11,txn_3SoTr5K3ZXYJSkRp01NmH22z,charge,ch_3SoTr5K3ZXYJSkRp02JY4BRO,60.94,2.55,58.39,usd,2026-01-11 18:59:00,2026-01-15 00:00:00,,60.94,,,TGCFP-110126-EZG42,,,,,-https://blyne.velorasignature.com/blyne-hardwood-floor-restorer-polish,"[{""name"":""Blyne Floor Restorer & Polish. - Premium (4.06 oz)/Buy 2, Get 2 FREE (+ Bonus Mop Pad)"",""quantity"":1,""unitAmount"":53.95}]",6.99,53.95,0,Lausan,STRIPE_RECEIPT_CUSTOMER,Vicbea,,ZENIROXPAY,
2026-01-11,txn_3SoUA9K3ZXYJSkRp1RKJklsZ,charge,ch_3SoUA9K3ZXYJSkRp1x5QfkIk,46.94,2.04,44.9,usd,2026-01-11 19:18:00,2026-01-15 00:00:00,,46.94,,,TGCFP-110126-WY7ZW,,,,,-https://blyne.velorasignature.com/blyne-hardwood-floor-restorer-polish,"[{""name"":""Blyne Floor Restorer & Polish. - Premium (4.06 oz)/Buy 1, Get 1 FREE"",""quantity"":1,""unitAmount"":39.95}]",6.99,39.95,0,Lausan,STRIPE_RECEIPT_CUSTOMER,Vicbea,,ZENIROXPAY,
2026-01-11,txn_3SoVZiK3ZXYJSkRp1AlwbUDG,charge,ch_3SoVZiK3ZXYJSkRp1unstArE,114.89,4.55,110.34,usd,2026-01-11 20:49:00,2026-01-15 00:00:00,,114.89,,,TGCFP-110126-JJFBB,,,,,-https://blyne.velorasignature.com/blyne-hardwood-floor-restorer-polish,"[{""name"":""Blyne Floor Restorer & Polish. - Premium (4.06 oz)/Buy 2, Get 2 FREE (+ Bonus Mop Pad)"",""quantity"":2,""unitAmount"":53.95}]",6.99,107.9,0,Lausan,STRIPE_RECEIPT_CUSTOMER,Vicbea,,ZENIROXPAY,
2026-01-11,txn_3SoVw4K3ZXYJSkRp10TASawQ,charge,ch_3SoVw4K3ZXYJSkRp1eHqyy1e,46.94,2.04,44.9,usd,2026-01-11 21:12:00,2026-01-15 00:00:00,,46.94,,,TGCFP-110126-2SIUQ,,,,,-https://blyne.velorasignature.com/blyne-hardwood-floor-restorer-polish,"[{""name"":""Blyne Floor Restorer & Polish. - Premium (4.06 oz)/Buy 1, Get 1 FREE"",""quantity"":1,""unitAmount"":39.95}]",6.99,39.95,0,Lausan,STRIPE_RECEIPT_CUSTOMER,Vicbea,,ZENIROXPAY,
2026-01-11,txn_3SoW39K3ZXYJSkRp11CKubdW,charge,ch_3SoW39K3ZXYJSkRp1x4l1KLG,46.94,2.04,44.9,usd,2026-01-11 21:19:00,2026-01-15 00:00:00,,46.94,,,TGCFP-110126-JAHWS,,,,,-https://blyne.velorasignature.com/blyne-hardwood-floor-restorer-polish,"[{""name"":""Blyne Floor Restorer & Polish. - Premium (4.06 oz)/Buy 1, Get 1 FREE"",""quantity"":1,""unitAmount"":39.95}]",6.99,39.95,0,Lausan,STRIPE_RECEIPT_CUSTOMER,Vicbea,,ZENIROXPAY,
2026-01-11,txn_3SoWM0K3ZXYJSkRp0Qivw6aY,charge,ch_3SoWM0K3ZXYJSkRp00a3YzK9,46.94,2.04,44.9,usd,2026-01-11 21:39:00,2026-01-15 00:00:00,,46.94,,,TGCFP-110126-V2CR5,,,,,-https://blyne.velorasignature.com/blyne-hardwood-floor-restorer-polish,"[{""name"":""Blyne Floor Restorer & Polish. - Premium (4.06 oz)/Buy 1, Get 1 FREE"",""quantity"":1,""unitAmount"":39.95}]",6.99,39.95,0,Lausan,STRIPE_RECEIPT_CUSTOMER,Vicbea,,ZENIROXPAY,
2026-01-12,txn_3Sob3hK3ZXYJSkRp0nDjOFRj,charge,ch_3Sob3hK3ZXYJSkRp0aXzLVb5,46.94,2.04,44.9,usd,2026-01-12 02:40:00,2026-01-15 00:00:00,,46.94,,,TGCFP-110126-C1ZL0,,,,,-https://blyne.velorasignature.com/blyne-hardwood-floor-restorer-polish,"[{""name"":""Blyne Floor Restorer & Polish. - Premium (4.06 oz)/Buy 1, Get 1 FREE"",""quantity"":1,""unitAmount"":39.95}]",6.99,39.95,0,Lausan,STRIPE_RECEIPT_CUSTOMER,Vicbea,,ZENIROXPAY,
2026-01-12,txn_3SobCkK3ZXYJSkRp0RncPHeR,charge,ch_3SobCkK3ZXYJSkRp0xJvMHHI,46.94,2.04,44.9,usd,2026-01-12 02:50:00,2026-01-15 00:00:00,,46.94,,,TGCFP-110126-DT2MW,,,,,-https://blyne.velorasignature.com/blyne-hardwood-floor-restorer-polish,"[{""name"":""Blyne Floor Restorer & Polish. - Premium (4.06 oz)/Buy 1, Get 1 FREE"",""quantity"":1,""unitAmount"":39.95}]",6.99,39.95,0,Lausan,STRIPE_RECEIPT_CUSTOMER,Vicbea,,ZENIROXPAY,
2026-01-12,txn_3SokMCK3ZXYJSkRp08EAVmJ8,charge,ch_3SokMCK3ZXYJSkRp03AjsC1l,60.94,2.55,58.39,usd,2026-01-12 12:36:00,2026-01-15 00:00:00,,60.94,,,TGCFP-120126-CBAP9,,,,,-https://blyne.velorasignature.com/blyne-hardwood-floor-restorer-polish,"[{""name"":""Blyne Floor Restorer & Polish. - Premium (4.06 oz)/Buy 2, Get 2 FREE (+ Bonus Mop Pad)"",""quantity"":1,""unitAmount"":53.95}]",6.99,53.95,0,Lausan,STRIPE_RECEIPT_CUSTOMER,Vicbea,,ZENIROXPAY,
2026-01-12,txn_3SomRBK3ZXYJSkRp1AZDmBhI,charge,ch_3SomRBK3ZXYJSkRp1tCvucbu,46.94,2.04,44.9,usd,2026-01-12 14:49:00,2026-01-15 00:00:00,,46.94,,,TGCFP-120126-VEAJP,,,,,-https://blyne.velorasignature.com/blyne-hardwood-floor-restorer-polish,"[{""name"":""Blyne Floor Restorer & Polish. - Premium (4.06 oz)/Buy 1, Get 1 FREE"",""quantity"":1,""unitAmount"":39.95}]",6.99,39.95,0,Lausan,STRIPE_RECEIPT_CUSTOMER,Vicbea,,ZENIROXPAY,
2026-01-12,txn_3SoofdK3ZXYJSkRp1tQqnDuE,charge,ch_3SoofdK3ZXYJSkRp1b2eXdfA,46.94,2.04,44.9,usd,2026-01-12 17:12:00,2026-01-15 00:00:00,,46.94,,,TGCFP-120126-1RP3T,,,,,-https://blyne.velorasignature.com/blyne-hardwood-floor-restorer-polish,"[{""name"":""Blyne Floor Restorer & Polish. - Premium (4.06 oz)/Buy 1, Get 1 FREE"",""quantity"":1,""unitAmount"":39.95}]",6.99,39.95,0,Lausan,STRIPE_RECEIPT_CUSTOMER,Vicbea,,ZENIROXPAY,
2026-01-12,txn_3SosWDK3ZXYJSkRp1pgsZO3f,charge,ch_3SosWDK3ZXYJSkRp1VVuTq9J,46.94,2.04,44.9,usd,2026-01-12 21:19:00,2026-01-15 00:00:00,,46.94,,,TGCFP-120126-ME39E,,,,,-https://blyne.velorasignature.com/blyne-hardwood-floor-restorer-polish,"[{""name"":""Blyne Floor Restorer & Polish. - Premium (4.06 oz)/Buy 1, Get 1 FREE"",""quantity"":1,""unitAmount"":39.95}]",6.99,39.95,0,Lausan,STRIPE_RECEIPT_CUSTOMER,Vicbea,,ZENIROXPAY,
2026-01-12,txn_3Souj8K3ZXYJSkRp1UG6cIRT,charge,ch_3Souj8K3ZXYJSkRp1xLIo2uo,60.94,2.55,58.39,usd,2026-01-12 23:40:00,2026-01-15 00:00:00,,60.94,,,TGCFP-120126-4Y9NN,,,,,-https://blyne.velorasignature.com/blyne-hardwood-floor-restorer-polish,"[{""name"":""Blyne Floor Restorer & Polish. - Premium (4.06 oz)/Buy 2, Get 2 FREE (+ Bonus Mop Pad)"",""quantity"":1,""unitAmount"":53.95}]",6.99,53.95,0,Lausan,STRIPE_RECEIPT_CUSTOMER,Vicbea,,ZENIROXPAY,
2026-01-13,txn_3Sov8vK3ZXYJSkRp1ci6hp6h,charge,ch_3Sov8vK3ZXYJSkRp1fGlWZ9H,46.94,2.04,44.9,usd,2026-01-13 00:07:00,2026-01-16 00:00:00,,46.94,,,TGCFP-120126-S2GLP,,,,,-https://blyne.velorasignature.com/blyne-hardwood-floor-restorer-polish,"[{""name"":""Blyne Floor Restorer & Polish. - Premium (4.06 oz)/Buy 1, Get 1 FREE"",""quantity"":1,""unitAmount"":39.95}]",6.99,39.95,0,Lausan,STRIPE_RECEIPT_CUSTOMER,Vicbea,,ZENIROXPAY,
2026-01-13,txn_3SoyB3K3ZXYJSkRp1A9aDRG4,charge,ch_3SoyB3K3ZXYJSkRp1ZJBcXvf,60.94,2.55,58.39,usd,2026-01-13 03:21:00,2026-01-16 00:00:00,,60.94,,,TGCFP-120126-DGTV9,,,,,-https://blyne.velorasignature.com/blyne-hardwood-floor-restorer-polish,"[{""name"":""Blyne Floor Restorer & Polish. - Premium (4.06 oz)/Buy 2, Get 2 FREE (+ Bonus Mop Pad)"",""quantity"":1,""unitAmount"":53.95}]",6.99,53.95,0,Lausan,STRIPE_RECEIPT_CUSTOMER,Vicbea,,ZENIROXPAY,
2026-01-13,txn_3SoyjCK3ZXYJSkRp1o4AfhGf,charge,ch_3SoyjCK3ZXYJSkRp14jeRBPF,56.94,2.41,54.53,usd,2026-01-13 03:57:00,2026-01-16 00:00:00,,56.94,,,TGCFP-120126-VQ1E4,,,,,-https://blyne.velorasignature.com/blyne-hardwood-floor-restorer-polish,"[{""name"":""Blyne Floor Restorer & Polish. - Standard (4.06 oz)/Buy 2, Get 2 FREE (+ Bonus Mop Pad)"",""quantity"":1,""unitAmount"":49.95}]",6.99,49.95,0,Lausan,STRIPE_RECEIPT_CUSTOMER,Vicbea,,ZENIROXPAY,
2026-01-13,txn_3SozbBK3ZXYJSkRp13sMS1Ff,charge,ch_3SozbBK3ZXYJSkRp1qtvfAgU,46.94,2.04,44.9,usd,2026-01-13 04:52:00,2026-01-16 00:00:00,,46.94,,,TGCFP-120126-5AVT9,,,,,-https://blyne.velorasignature.com/blyne-hardwood-floor-restorer-polish,"[{""name"":""Blyne Floor Restorer & Polish. - Premium (4.06 oz)/Buy 1, Get 1 FREE"",""quantity"":1,""unitAmount"":39.95}]",6.99,39.95,0,Lausan,STRIPE_RECEIPT_CUSTOMER,Vicbea,,ZENIROXPAY,
2026-01-13,txn_3Sp35pK3ZXYJSkRp0s0rSYYN,charge,ch_3Sp35pK3ZXYJSkRp0XVbH1gN,100.89,4.03,96.86,usd,2026-01-13 08:36:00,2026-01-16 00:00:00,,100.89,,,TGCFP-130126-2G56K,,,,,-https://blyne.velorasignature.com/blyne-hardwood-floor-restorer-polish,"[{""name"":""Blyne Floor Restorer & Polish. - Premium (4.06 oz)/Buy 2, Get 2 FREE (+ Bonus Mop Pad)"",""quantity"":1,""unitAmount"":53.95},{""name"":""Blyne Floor Restorer & Polish. - Premium (4.06 oz)/Buy 1, Get 1 FREE"",""quantity"":1,""unitAmount"":39.95}]",6.99,93.9,0,Lausan,STRIPE_RECEIPT_CUSTOMER,Vicbea,,ZENIROXPAY,
2026-01-13,txn_3SkvvIK3ZXYJSkRp1nxhbsMZ,refund,ch_3SkvvIK3ZXYJSkRp16vY0bn6,-34.98,0,-34.98,usd,2026-01-13 09:59:00,2026-01-13 09:59:00,Customer request - cancel,34.98,true,Customer request - cancel,HUJGB-010126-HRW6X,,,,,,,,,,,STRIPE_REFUND,,,ZENIROXPAY,
2026-01-13,txn_3Sp6MmK3ZXYJSkRp0yN5hBmF,charge,ch_3Sp6MmK3ZXYJSkRp091L9SH7,46.94,2.04,44.9,usd,2026-01-13 12:06:00,2026-01-16 00:00:00,,46.94,,,TGCFP-130126-NWNFT,,,,,-https://blyne.velorasignature.com/blyne-hardwood-floor-restorer-polish,"[{""name"":""Blyne Floor Restorer & Polish. - Premium (4.06 oz)/Buy 1, Get 1 FREE"",""quantity"":1,""unitAmount"":39.95}]",6.99,39.95,0,Lausan,STRIPE_RECEIPT_CUSTOMER,Vicbea,,ZENIROXPAY,
2026-01-13,txn_1Sp7DHK3ZXYJSkRp88zQfWHk,adjustment,du_1Sp7D4K3ZXYJSkRpJq64XbGF,-34.98,15,-49.98,usd,2026-01-13 13:00:00,2026-01-13 13:00:00,,,,,,,,,,,,,,,,STRIPE_ADJUSTMENT,,,ZENIROXPAY,
2026-01-13,txn_3Sp7PlK3ZXYJSkRp05cqASfB,charge,ch_3Sp7PlK3ZXYJSkRp0ZcQsagW,60.94,2.55,58.39,usd,2026-01-13 13:13:00,2026-01-16 00:00:00,,60.94,,,TGCFP-130126-ENT5P,,,,,-https://blyne.velorasignature.com/blyne-hardwood-floor-restorer-polish,"[{""name"":""Blyne Floor Restorer & Polish. - Premium (4.06 oz)/Buy 2, Get 2 FREE (+ Bonus Mop Pad)"",""quantity"":1,""unitAmount"":53.95}]",6.99,53.95,0,Lausan,STRIPE_RECEIPT_CUSTOMER,Vicbea,,ZENIROXPAY,
2026-01-13,txn_3Sp7gEK3ZXYJSkRp1mdOyfGp,charge,ch_3Sp7gEK3ZXYJSkRp1qBt4aKl,46.94,2.04,44.9,usd,2026-01-13 13:30:00,2026-01-16 00:00:00,,46.94,,,TGCFP-130126-J6EVK,,,,,-https://blyne.velorasignature.com/blyne-hardwood-floor-restorer-polish,"[{""name"":""Blyne Floor Restorer & Polish. - Premium (4.06 oz)/Buy 1, Get 1 FREE"",""quantity"":1,""unitAmount"":39.95}]",6.99,39.95,0,Lausan,STRIPE_RECEIPT_CUSTOMER,Vicbea,,ZENIROXPAY,
2026-01-13,txn_3SpAE2K3ZXYJSkRp0MLjK8ww,charge,ch_3SpAE2K3ZXYJSkRp0PpY1ZmT,46.94,2.04,44.9,usd,2026-01-13 16:13:00,2026-01-16 00:00:00,,46.94,,,TGCFP-130126-D020F,,,,,-https://blyne.velorasignature.com/blyne-hardwood-floor-restorer-polish,"[{""name"":""Blyne Floor Restorer & Polish. - Premium (4.06 oz)/Buy 1, Get 1 FREE"",""quantity"":1,""unitAmount"":39.95}]",6.99,39.95,0,Lausan,STRIPE_RECEIPT_CUSTOMER,Vicbea,,ZENIROXPAY,
2026-01-13,txn_3SpBSHK3ZXYJSkRp19cytvMU,charge,ch_3SpBSHK3ZXYJSkRp1hlZ7bWk,60.94,2.55,58.39,usd,2026-01-13 17:32:00,2026-01-16 00:00:00,,60.94,,,TGCFP-130126-UUZB4,,,,,-https://blyne.velorasignature.com/blyne-hardwood-floor-restorer-polish,"[{""name"":""Blyne Floor Restorer & Polish. - Premium (4.06 oz)/Buy 2, Get 2 FREE (+ Bonus Mop Pad)"",""quantity"":1,""unitAmount"":53.95}]",6.99,53.95,0,Lausan,STRIPE_RECEIPT_CUSTOMER,Vicbea,,ZENIROXPAY,
2026-01-13,txn_3SpC2PK3ZXYJSkRp0YgflnWJ,charge,ch_3SpC2PK3ZXYJSkRp0aQmY0ys,60.94,2.55,58.39,usd,2026-01-13 18:09:00,2026-01-16 00:00:00,,60.94,,,TGCFP-130126-4AQS4,,,,,-https://blyne.velorasignature.com/blyne-hardwood-floor-restorer-polish,"[{""name"":""Blyne Floor Restorer & Polish. - Premium (4.06 oz)/Buy 2, Get 2 FREE (+ Bonus Mop Pad)"",""quantity"":1,""unitAmount"":53.95}]",6.99,53.95,0,Lausan,STRIPE_RECEIPT_CUSTOMER,Vicbea,,ZENIROXPAY,
2026-01-13,txn_3SpDpdK3ZXYJSkRp0qIRAGoL,charge,ch_3SpDpdK3ZXYJSkRp0Bxjr6Hc,46.94,2.04,44.9,usd,2026-01-13 20:04:00,2026-01-16 00:00:00,,46.94,,,TGCFP-130126-QM172,,,,,-https://blyne.velorasignature.com/blyne-hardwood-floor-restorer-polish,"[{""name"":""Blyne Floor Restorer & Polish. - Premium (4.06 oz)/Buy 1, Get 1 FREE"",""quantity"":1,""unitAmount"":39.95}]",6.99,39.95,0,Lausan,STRIPE_RECEIPT_CUSTOMER,Vicbea,,ZENIROXPAY,
2026-01-14,txn_3SpJKXK3ZXYJSkRp0VQOLxeE,charge,ch_3SpJKXK3ZXYJSkRp0uBOJrOv,60.94,2.55,58.39,usd,2026-01-14 01:57:00,2026-01-19 00:00:00,,60.94,,,TGCFP-130126-TJRYP,,,,,-https://blyne.velorasignature.com/blyne-hardwood-floor-restorer-polish,"[{""name"":""Blyne Floor Restorer & Polish. - Premium (4.06 oz)/Buy 2, Get 2 FREE (+ Bonus Mop Pad)"",""quantity"":1,""unitAmount"":53.95}]",6.99,53.95,0,Lausan,STRIPE_RECEIPT_CUSTOMER,Vicbea,,ZENIROXPAY,
2026-01-14,txn_3SpJoFK3ZXYJSkRp0kukqUVD,charge,ch_3SpJoFK3ZXYJSkRp0IfBU5q5,46.94,2.04,44.9,usd,2026-01-14 02:27:00,2026-01-19 00:00:00,,46.94,,,TGCFP-130126-4HMPC,,,,,-https://blyne.velorasignature.com/blyne-hardwood-floor-restorer-polish,"[{""name"":""Blyne Floor Restorer & Polish. - Premium (4.06 oz)/Buy 1, Get 1 FREE"",""quantity"":1,""unitAmount"":39.95}]",6.99,39.95,0,Lausan,STRIPE_RECEIPT_CUSTOMER,Vicbea,,ZENIROXPAY,
2026-01-14,txn_3SpKyZK3ZXYJSkRp1p1w3rD1,charge,ch_3SpKyZK3ZXYJSkRp12GZeXTh,46.94,2.04,44.9,usd,2026-01-14 03:42:00,2026-01-19 00:00:00,,46.94,,,TGCFP-130126-XJKEE,,,,,-https://blyne.velorasignature.com/blyne-hardwood-floor-restorer-polish,"[{""name"":""Blyne Floor Restorer & Polish. - Premium (4.06 oz)/Buy 1, Get 1 FREE"",""quantity"":1,""unitAmount"":39.95}]",6.99,39.95,0,Lausan,STRIPE_RECEIPT_CUSTOMER,Vicbea,,ZENIROXPAY,
2026-01-14,txn_1SpM9QK3ZXYJSkRpKRWZRMr2,stripe_fee,,-10.93,0,-10.93,usd,2026-01-14 04:57:00,2026-01-14 04:57:00,,,,,,,,,,,,,,,,STRIPE_FEE,,,ZENIROXPAY,
2026-01-14,txn_3SpSRIK3ZXYJSkRp0KPbH8Hh,charge,ch_3SpSRIK3ZXYJSkRp0kJscqPK,126.84,4.99,121.85,usd,2026-01-14 11:40:00,2026-01-19 00:00:00,,126.84,,,TGCFP-140126-F1SL2,,,,,-https://blyne.velorasignature.com/blyne-hardwood-floor-restorer-polish,"[{""name"":""Blyne Floor Restorer & Polish. - Premium (4.06 oz)/Buy 1, Get 1 FREE"",""quantity"":3,""unitAmount"":39.95}]",6.99,119.85,0,Lausan,STRIPE_RECEIPT_CUSTOMER,Vicbea,,ZENIROXPAY,
2026-01-14,txn_3SpVBQK3ZXYJSkRp1OwEZYtU,charge,ch_3SpVBQK3ZXYJSkRp1Xpavih9,46.94,2.04,44.9,usd,2026-01-14 14:36:00,2026-01-19 00:00:00,,46.94,,,TGCFP-140126-R6ZTJ,,,,,-https://blyne.velorasignature.com/blyne-hardwood-floor-restorer-polish,"[{""name"":""Blyne Floor Restorer & Polish. - Premium (4.06 oz)/Buy 1, Get 1 FREE"",""quantity"":1,""unitAmount"":39.95}]",6.99,39.95,0,Lausan,STRIPE_RECEIPT_CUSTOMER,Vicbea,,ZENIROXPAY,
2026-01-14,txn_3SpVXZK3ZXYJSkRp0sxiDAlO,charge,ch_3SpVXZK3ZXYJSkRp0eJ7O697,46.94,2.04,44.9,usd,2026-01-14 14:59:00,2026-01-19 00:00:00,,46.94,,,TGCFP-140126-7VWOK,,,,,-https://blyne.velorasignature.com/blyne-hardwood-floor-restorer-polish,"[{""name"":""Blyne Floor Restorer & Polish. - Premium (4.06 oz)/Buy 1, Get 1 FREE"",""quantity"":1,""unitAmount"":39.95}]",6.99,39.95,0,Lausan,STRIPE_RECEIPT_CUSTOMER,Vicbea,,ZENIROXPAY,
2026-01-14,txn_3SpVlLK3ZXYJSkRp1KXBUotG,charge,ch_3SpVlLK3ZXYJSkRp1khMSLuA,46.94,2.04,44.9,usd,2026-01-14 15:13:00,2026-01-19 00:00:00,,46.94,,,TGCFP-140126-CEOCU,,,,,-https://blyne.velorasignature.com/blyne-hardwood-floor-restorer-polish,"[{""name"":""Blyne Floor Restorer & Polish. - Premium (4.06 oz)/Buy 1, Get 1 FREE"",""quantity"":1,""unitAmount"":39.95}]",6.99,39.95,0,Lausan,STRIPE_RECEIPT_CUSTOMER,Vicbea,,ZENIROXPAY,
2026-01-14,txn_3SpW5lK3ZXYJSkRp0zY5erVu,charge,ch_3SpW5lK3ZXYJSkRp0lNXcrgf,46.94,2.04,44.9,usd,2026-01-14 15:34:00,2026-01-19 00:00:00,,46.94,,,TGCFP-140126-9SKXB,,,,,-https://blyne.velorasignature.com/blyne-hardwood-floor-restorer-polish,"[{""name"":""Blyne Floor Restorer & Polish. - Premium (4.06 oz)/Buy 1, Get 1 FREE"",""quantity"":1,""unitAmount"":39.95}]",6.99,39.95,0,Lausan,STRIPE_RECEIPT_CUSTOMER,Vicbea,,ZENIROXPAY,
2026-01-14,txn_3SpWyAK3ZXYJSkRp1jgC2gs9,charge,ch_3SpWyAK3ZXYJSkRp1CSwaGJN,46.94,2.04,44.9,usd,2026-01-14 16:30:00,2026-01-19 00:00:00,,46.94,,,TGCFP-140126-G9M3P,,,,,-https://blyne.velorasignature.com/blyne-hardwood-floor-restorer-polish,"[{""name"":""Blyne Floor Restorer & Polish. - Premium (4.06 oz)/Buy 1, Get 1 FREE"",""quantity"":1,""unitAmount"":39.95}]",6.99,39.95,0,Lausan,STRIPE_RECEIPT_CUSTOMER,Vicbea,,ZENIROXPAY,
2026-01-14,txn_3SpX38K3ZXYJSkRp1QfdUCMt,charge,ch_3SpX38K3ZXYJSkRp15kaUIhs,46.94,2.04,44.9,usd,2026-01-14 16:36:00,2026-01-19 00:00:00,,46.94,,,TGCFP-140126-4A9FG,,,,,-https://blyne.velorasignature.com/blyne-hardwood-floor-restorer-polish,"[{""name"":""Blyne Floor Restorer & Polish. - Premium (4.06 oz)/Buy 1, Get 1 FREE"",""quantity"":1,""unitAmount"":39.95}]",6.99,39.95,0,Lausan,STRIPE_RECEIPT_CUSTOMER,Vicbea,,ZENIROXPAY,
2026-01-14,txn_3SpYBtK3ZXYJSkRp0rOhgcsd,charge,ch_3SpYBtK3ZXYJSkRp0ebHxYI4,46.94,2.04,44.9,usd,2026-01-14 17:49:00,2026-01-19 00:00:00,,46.94,,,TGCFP-140126-AYXVS,,,,,-https://blyne.velorasignature.com/blyne-hardwood-floor-restorer-polish,"[{""name"":""Blyne Floor Restorer & Polish. - Premium (4.06 oz)/Buy 1, Get 1 FREE"",""quantity"":1,""unitAmount"":39.95}]",6.99,39.95,0,Lausan,STRIPE_RECEIPT_CUSTOMER,Vicbea,,ZENIROXPAY,
2026-01-14,txn_1SpYZ9K3ZXYJSkRpZdkozfCz,adjustment,du_1SpYYxK3ZXYJSkRplB3bxYsz,-34.98,15,-49.98,usd,2026-01-14 18:13:00,2026-01-14 18:13:00,,,,,,,,,,,,,,,,STRIPE_ADJUSTMENT,,,ZENIROXPAY,
2026-01-14,txn_3Spai8K3ZXYJSkRp0p90Gl3d,charge,ch_3Spai8K3ZXYJSkRp0PvLjzOb,46.94,2.04,44.9,usd,2026-01-14 20:30:00,2026-01-19 00:00:00,,46.94,,,TGCFP-140126-4KE78,,,,,-https://blyne.velorasignature.com/blyne-hardwood-floor-restorer-polish,"[{""name"":""Blyne Floor Restorer & Polish. - Premium (4.06 oz)/Buy 1, Get 1 FREE"",""quantity"":1,""unitAmount"":39.95}]",6.99,39.95,0,Lausan,STRIPE_RECEIPT_CUSTOMER,Vicbea,,ZENIROXPAY,
2026-01-15,txn_1SpgmTK3ZXYJSkRpIgH8C0JG,payout,po_1SpgmTK3ZXYJSkRpL5qfOfll,-3000,0,-3000,usd,2026-01-15 02:59:00,2026-01-15 02:59:00,,,,,,,,,,,,,,,,STRIPE_PAYOUT,,Pingpong ZeniroxPay,ZENIROXPAY,
2026-01-15,txn_3SpoW2K3ZXYJSkRp0LeQYfkd,charge,ch_3SpoW2K3ZXYJSkRp0Lu0geXE,60.94,2.55,58.39,usd,2026-01-15 11:15:00,2026-01-20 00:00:00,,60.94,,,TGCFP-150126-7RPAW,,,,,-https://blyne.velorasignature.com/blyne-hardwood-floor-restorer-polish,"[{""name"":""Blyne Floor Restorer & Polish. - Premium (4.06 oz)/Buy 2, Get 2 FREE (+ Bonus Mop Pad)"",""quantity"":1,""unitAmount"":53.95}]",6.99,53.95,0,Lausan,STRIPE_RECEIPT_CUSTOMER,Vicbea,,ZENIROXPAY,
2026-01-15,txn_3SppujK3ZXYJSkRp0D7Sgs79,charge,ch_3SppujK3ZXYJSkRp0qqfFL8H,86.89,3.51,83.38,usd,2026-01-15 12:44:00,2026-01-20 00:00:00,,86.89,,,TGCFP-150126-TKQEO,,,,,-https://blyne.velorasignature.com/blyne-hardwood-floor-restorer-polish,"[{""name"":""Blyne Floor Restorer & Polish. - Premium (4.06 oz)/Buy 1, Get 1 FREE"",""quantity"":2,""unitAmount"":39.95}]",6.99,79.9,0,Lausan,STRIPE_RECEIPT_CUSTOMER,Vicbea,,ZENIROXPAY,
2026-01-15,txn_3SprbXK3ZXYJSkRp03bbDK3s,charge,ch_3SprbXK3ZXYJSkRp0hXkJszC,46.94,2.04,44.9,usd,2026-01-15 14:32:00,2026-01-20 00:00:00,,46.94,,,TGCFP-150126-M5K9F,,,,,-https://blyne.velorasignature.com/blyne-hardwood-floor-restorer-polish,"[{""name"":""Blyne Floor Restorer & Polish. - Premium (4.06 oz)/Buy 1, Get 1 FREE"",""quantity"":1,""unitAmount"":39.95}]",6.99,39.95,0,Lausan,STRIPE_RECEIPT_CUSTOMER,Vicbea,,ZENIROXPAY,
2026-01-15,txn_3SpuLEK3ZXYJSkRp0TttRdKQ,charge,ch_3SpuLEK3ZXYJSkRp03uZuaaC,60.94,2.55,58.39,usd,2026-01-15 17:28:00,2026-01-20 00:00:00,,60.94,,,TGCFP-150126-YS2ZX,,,,,-https://blyne.velorasignature.com/blyne-hardwood-floor-restorer-polish,"[{""name"":""Blyne Floor Restorer & Polish. - Premium (4.06 oz)/Buy 2, Get 2 FREE (+ Bonus Mop Pad)"",""quantity"":1,""unitAmount"":53.95}]",6.99,53.95,0,Lausan,STRIPE_RECEIPT_CUSTOMER,Vicbea,,ZENIROXPAY,
2026-01-15,txn_3Spuy6K3ZXYJSkRp0Ko1srKd,charge,ch_3Spuy6K3ZXYJSkRp08xEWhFQ,60.94,2.55,58.39,usd,2026-01-15 18:08:00,2026-01-20 00:00:00,,60.94,,,TGCFP-150126-HYO01,,,,,-https://blyne.velorasignature.com/blyne-hardwood-floor-restorer-polish,"[{""name"":""Blyne Floor Restorer & Polish. - Premium (4.06 oz)/Buy 2, Get 2 FREE (+ Bonus Mop Pad)"",""quantity"":1,""unitAmount"":53.95}]",6.99,53.95,0,Lausan,STRIPE_RECEIPT_CUSTOMER,Vicbea,,ZENIROXPAY,
2026-01-15,txn_3SpvzQK3ZXYJSkRp0ubyDTqd,charge,ch_3SpvzQK3ZXYJSkRp0JswhCdL,60.94,2.55,58.39,usd,2026-01-15 19:13:00,2026-01-20 00:00:00,,60.94,,,TGCFP-150126-8NCW4,,,,,-https://blyne.velorasignature.com/blyne-hardwood-floor-restorer-polish,"[{""name"":""Blyne Floor Restorer & Polish. - Premium (4.06 oz)/Buy 2, Get 2 FREE (+ Bonus Mop Pad)"",""quantity"":1,""unitAmount"":53.95}]",6.99,53.95,0,Lausan,STRIPE_RECEIPT_CUSTOMER,Vicbea,,ZENIROXPAY,
2026-01-15,txn_3SpwGGK3ZXYJSkRp1BlwGvb0,charge,ch_3SpwGGK3ZXYJSkRp1wauvBbE,46.94,2.04,44.9,usd,2026-01-15 19:31:00,2026-01-20 00:00:00,,46.94,,,TGCFP-150126-HWX7V,,,,,-https://blyne.velorasignature.com/blyne-hardwood-floor-restorer-polish,"[{""name"":""Blyne Floor Restorer & Polish. - Premium (4.06 oz)/Buy 1, Get 1 FREE"",""quantity"":1,""unitAmount"":39.95}]",6.99,39.95,0,Lausan,STRIPE_RECEIPT_CUSTOMER,Vicbea,,ZENIROXPAY,
2026-01-15,txn_3SpwyLK3ZXYJSkRp1qBAIIo7,charge,ch_3SpwyLK3ZXYJSkRp1yY5mNsE,46.94,2.04,44.9,usd,2026-01-15 20:16:00,2026-01-20 00:00:00,,46.94,,,TGCFP-150126-RJ5SW,,,,,-https://blyne.velorasignature.com/blyne-hardwood-floor-restorer-polish,"[{""name"":""Blyne Floor Restorer & Polish. - Premium (4.06 oz)/Buy 1, Get 1 FREE"",""quantity"":1,""unitAmount"":39.95}]",6.99,39.95,0,Lausan,STRIPE_RECEIPT_CUSTOMER,Vicbea,,ZENIROXPAY,
2026-01-15,txn_3Spxd6K3ZXYJSkRp1yZhKOFf,charge,ch_3Spxd6K3ZXYJSkRp1cwj2dNQ,46.94,2.04,44.9,usd,2026-01-15 20:58:00,2026-01-20 00:00:00,,46.94,,,TGCFP-150126-KF3NB,,,,,-https://blyne.velorasignature.com/blyne-hardwood-floor-restorer-polish,"[{""name"":""Blyne Floor Restorer & Polish. - Premium (4.06 oz)/Buy 1, Get 1 FREE"",""quantity"":1,""unitAmount"":39.95}]",6.99,39.95,0,Lausan,STRIPE_RECEIPT_CUSTOMER,Vicbea,,ZENIROXPAY,
2026-01-15,txn_3Spy5QK3ZXYJSkRp1P4RE7dW,charge,ch_3Spy5QK3ZXYJSkRp1UQ3n85h,46.94,2.04,44.9,usd,2026-01-15 21:28:00,2026-01-20 00:00:00,,46.94,,,TGCFP-150126-QUL4D,,,,,-https://blyne.velorasignature.com/blyne-hardwood-floor-restorer-polish,"[{""name"":""Blyne Floor Restorer & Polish. - Premium (4.06 oz)/Buy 1, Get 1 FREE"",""quantity"":1,""unitAmount"":39.95}]",6.99,39.95,0,Lausan,STRIPE_RECEIPT_CUSTOMER,Vicbea,,ZENIROXPAY,
2026-01-15,txn_3SpzdNK3ZXYJSkRp1gfF3sRj,charge,ch_3SpzdNK3ZXYJSkRp1CQnEwDV,46.94,2.04,44.9,usd,2026-01-15 23:07:00,2026-01-20 00:00:00,,46.94,,,TGCFP-150126-X3P14,,,,,-https://blyne.velorasignature.com/blyne-hardwood-floor-restorer-polish,"[{""name"":""Blyne Floor Restorer & Polish. - Premium (4.06 oz)/Buy 1, Get 1 FREE"",""quantity"":1,""unitAmount"":39.95}]",6.99,39.95,0,Lausan,STRIPE_RECEIPT_CUSTOMER,Vicbea,,ZENIROXPAY,
2026-01-15,txn_3Sq04bK3ZXYJSkRp0uQZPsqX,charge,ch_3Sq04bK3ZXYJSkRp0B7tFqwx,46.94,2.04,44.9,usd,2026-01-15 23:35:00,2026-01-20 00:00:00,,46.94,,,TGCFP-150126-KQ9OK,,,,,-https://blyne.velorasignature.com/blyne-hardwood-floor-restorer-polish,"[{""name"":""Blyne Floor Restorer & Polish. - Premium (4.06 oz)/Buy 1, Get 1 FREE"",""quantity"":1,""unitAmount"":39.95}]",6.99,39.95,0,Lausan,STRIPE_RECEIPT_CUSTOMER,Vicbea,,ZENIROXPAY,
2026-01-16,txn_1Sq3gOK3ZXYJSkRp2konTnpo,adjustment,du_1Sq3g9K3ZXYJSkRphNjv6NGl,-46.94,15,-61.94,usd,2026-01-16 03:26:00,2026-01-16 03:26:00,,,,,,,,,,,,,,,,STRIPE_ADJUSTMENT,,,ZENIROXPAY,
2026-01-16,txn_1Sq55aK3ZXYJSkRpMJj5rtBk,stripe_fee,,-10.82,0,-10.82,usd,2026-01-16 04:56:00,2026-01-16 04:56:00,,,,,,,,,,,,,,,,STRIPE_FEE,,,ZENIROXPAY,
2026-01-16,txn_1Sq55aK3ZXYJSkRptAhDLTBC,stripe_fee,,-10.81,0,-10.81,usd,2026-01-16 04:56:00,2026-01-16 04:56:00,,,,,,,,,,,,,,,,STRIPE_FEE,,,ZENIROXPAY,
2026-01-16,txn_3SqCEeK3ZXYJSkRp1FT00XAg,charge,ch_3SqCEeK3ZXYJSkRp10f6nuxf,46.94,2.04,44.9,usd,2026-01-16 12:34:00,2026-01-21 00:00:00,,46.94,,,TGCFP-160126-7WZDK,,,,,-https://blyne.velorasignature.com/blyne-hardwood-floor-restorer-polish,"[{""name"":""Blyne Floor Restorer & Polish. - Premium (4.06 oz)/Buy 1, Get 1 FREE"",""quantity"":1,""unitAmount"":39.95}]",6.99,39.95,0,Lausan,STRIPE_RECEIPT_CUSTOMER,Vicbea,,ZENIROXPAY,
2026-01-16,txn_3SqDirK3ZXYJSkRp15c8MgXH,charge,ch_3SqDirK3ZXYJSkRp1UJe9IMp,46.94,2.04,44.9,usd,2026-01-16 14:09:00,2026-01-21 00:00:00,,46.94,,,TGCFP-160126-EM1E3,,,,,-https://blyne.velorasignature.com/blyne-hardwood-floor-restorer-polish,"[{""name"":""Blyne Floor Restorer & Polish. - Premium (4.06 oz)/Buy 1, Get 1 FREE"",""quantity"":1,""unitAmount"":39.95}]",6.99,39.95,0,Lausan,STRIPE_RECEIPT_CUSTOMER,Vicbea,,ZENIROXPAY,
2026-01-16,txn_3SqF5cK3ZXYJSkRp1AnU2Xk3,charge,ch_3SqF5cK3ZXYJSkRp1X7dU0VO,60.94,2.55,58.39,usd,2026-01-16 15:37:00,2026-01-21 00:00:00,,60.94,,,TGCFP-160126-FJFXG,,,,,-https://blyne.velorasignature.com/blyne-hardwood-floor-restorer-polish,"[{""name"":""Blyne Floor Restorer & Polish. - Premium (4.06 oz)/Buy 2, Get 2 FREE (+ Bonus Mop Pad)"",""quantity"":1,""unitAmount"":53.95}]",6.99,53.95,0,Lausan,STRIPE_RECEIPT_CUSTOMER,Vicbea,,ZENIROXPAY,
2026-01-16,txn_3SqFFfK3ZXYJSkRp1bpjiBrV,charge,ch_3SqFFfK3ZXYJSkRp1ewDFyF8,46.94,2.04,44.9,usd,2026-01-16 15:47:00,2026-01-21 00:00:00,,46.94,,,TGCFP-160126-OIRTI,,,,,-https://blyne.velorasignature.com/blyne-hardwood-floor-restorer-polish,"[{""name"":""Blyne Floor Restorer & Polish. - Premium (4.06 oz)/Buy 1, Get 1 FREE"",""quantity"":1,""unitAmount"":39.95}]",6.99,39.95,0,Lausan,STRIPE_RECEIPT_CUSTOMER,Vicbea,,ZENIROXPAY,
2026-01-16,txn_3SqI3uK3ZXYJSkRp0Qt0G1qJ,charge,ch_3SqI3uK3ZXYJSkRp0tmuUB90,60.94,2.55,58.39,usd,2026-01-16 18:47:00,2026-01-21 00:00:00,,60.94,,,TGCFP-160126-SDJ22,,,,,-https://blyne.velorasignature.com/blyne-hardwood-floor-restorer-polish,"[{""name"":""Blyne Floor Restorer & Polish. - Premium (4.06 oz)/Buy 2, Get 2 FREE (+ Bonus Mop Pad)"",""quantity"":1,""unitAmount"":53.95}]",6.99,53.95,0,Lausan,STRIPE_RECEIPT_CUSTOMER,Vicbea,,ZENIROXPAY,
2026-01-17,txn_3SqNw7K3ZXYJSkRp1RXxmG0J,charge,ch_3SqNw7K3ZXYJSkRp1HNAcIjO,46.94,2.04,44.9,usd,2026-01-17 01:04:00,2026-01-22 00:00:00,,46.94,,,TGCFP-160126-DE4YS,,,,,-https://blyne.velorasignature.com/blyne-hardwood-floor-restorer-polish,"[{""name"":""Blyne Floor Restorer & Polish. - Premium (4.06 oz)/Buy 1, Get 1 FREE"",""quantity"":1,""unitAmount"":39.95}]",6.99,39.95,0,Lausan,STRIPE_RECEIPT_CUSTOMER,Vicbea,,ZENIROXPAY,
2026-01-17,txn_3SqPskK3ZXYJSkRp1KFT9gVD,charge,ch_3SqPskK3ZXYJSkRp1bk7fue0,46.94,2.04,44.9,usd,2026-01-17 03:08:00,2026-01-22 00:00:00,,46.94,,,TGCFP-160126-6JODE,,,,,-https://blyne.velorasignature.com/blyne-hardwood-floor-restorer-polish,"[{""name"":""Blyne Floor Restorer & Polish. - Premium (4.06 oz)/Buy 1, Get 1 FREE"",""quantity"":1,""unitAmount"":39.95}]",6.99,39.95,0,Lausan,STRIPE_RECEIPT_CUSTOMER,Vicbea,,ZENIROXPAY,
2026-01-17,txn_3SqZf8K3ZXYJSkRp1f2DkV99,charge,ch_3SqZf8K3ZXYJSkRp1qV59HoK,60.94,2.55,58.39,usd,2026-01-17 13:35:00,2026-01-22 00:00:00,,60.94,,,TGCFP-170126-FRRPV,,,,,-https://blyne.velorasignature.com/blyne-hardwood-floor-restorer-polish,"[{""name"":""Blyne Floor Restorer & Polish. - Premium (4.06 oz)/Buy 2, Get 2 FREE (+ Bonus Mop Pad)"",""quantity"":1,""unitAmount"":53.95}]",6.99,53.95,0,Lausan,STRIPE_RECEIPT_CUSTOMER,Vicbea,,ZENIROXPAY,
2026-01-17,txn_3Sqb3BK3ZXYJSkRp1PV4r0wr,charge,ch_3Sqb3BK3ZXYJSkRp1Asc6Aas,60.94,2.55,58.39,usd,2026-01-17 15:04:00,2026-01-22 00:00:00,,60.94,,,TGCFP-170126-SGKL3,,,,,-https://blyne.velorasignature.com/blyne-hardwood-floor-restorer-polish,"[{""name"":""Blyne Floor Restorer & Polish. - Premium (4.06 oz)/Buy 2, Get 2 FREE (+ Bonus Mop Pad)"",""quantity"":1,""unitAmount"":53.95}]",6.99,53.95,0,Lausan,STRIPE_RECEIPT_CUSTOMER,Vicbea,,ZENIROXPAY,
2026-01-17,txn_3SqbsYK3ZXYJSkRp0VUuMc8j,charge,ch_3SqbsYK3ZXYJSkRp0NOSkhg7,46.94,2.04,44.9,usd,2026-01-17 15:57:00,2026-01-22 00:00:00,,46.94,,,TGCFP-170126-I1MEI,,,,,-https://blyne.velorasignature.com/blyne-hardwood-floor-restorer-polish,"[{""name"":""Blyne Floor Restorer & Polish. - Premium (4.06 oz)/Buy 1, Get 1 FREE"",""quantity"":1,""unitAmount"":39.95}]",6.99,39.95,0,Lausan,STRIPE_RECEIPT_CUSTOMER,Vicbea,,ZENIROXPAY,
2026-01-17,txn_3SqdsUK3ZXYJSkRp0JVQUxqp,charge,ch_3SqdsUK3ZXYJSkRp0e796rZN,60.94,2.55,58.39,usd,2026-01-17 18:05:00,2026-01-22 00:00:00,,60.94,,,TGCFP-170126-9ECY9,,,,,-https://blyne.velorasignature.com/blyne-hardwood-floor-restorer-polish,"[{""name"":""Blyne Floor Restorer & Polish. - Premium (4.06 oz)/Buy 2, Get 2 FREE (+ Bonus Mop Pad)"",""quantity"":1,""unitAmount"":53.95}]",6.99,53.95,0,Lausan,STRIPE_RECEIPT_CUSTOMER,Vicbea,,ZENIROXPAY,
2026-01-17,txn_3SqejNK3ZXYJSkRp1NvY5QAa,charge,ch_3SqejNK3ZXYJSkRp13uEjBQo,60.94,2.55,58.39,usd,2026-01-17 19:00:00,2026-01-22 00:00:00,,60.94,,,TGCFP-170126-RQTNW,,,,,-https://blyne.velorasignature.com/blyne-hardwood-floor-restorer-polish,"[{""name"":""Blyne Floor Restorer & Polish. - Premium (4.06 oz)/Buy 2, Get 2 FREE (+ Bonus Mop Pad)"",""quantity"":1,""unitAmount"":53.95}]",6.99,53.95,0,Lausan,STRIPE_RECEIPT_CUSTOMER,Vicbea,,ZENIROXPAY,
2026-01-17,txn_3SqfdLK3ZXYJSkRp0jFHe1v5,charge,ch_3SqfdLK3ZXYJSkRp0Nx8uJpP,46.94,2.04,44.9,usd,2026-01-17 19:58:00,2026-01-22 00:00:00,,46.94,,,TGCFP-170126-RBYWR,,,,,-https://blyne.velorasignature.com/blyne-hardwood-floor-restorer-polish,"[{""name"":""Blyne Floor Restorer & Polish. - Premium (4.06 oz)/Buy 1, Get 1 FREE"",""quantity"":1,""unitAmount"":39.95}]",6.99,39.95,0,Lausan,STRIPE_RECEIPT_CUSTOMER,Vicbea,,ZENIROXPAY,
2026-01-17,txn_3Sqg8VK3ZXYJSkRp1vrgtYIe,charge,ch_3Sqg8VK3ZXYJSkRp1RI4yywk,60.94,2.55,58.39,usd,2026-01-17 20:30:00,2026-01-22 00:00:00,,60.94,,,TGCFP-170126-C6HQA,,,,,-https://blyne.velorasignature.com/blyne-hardwood-floor-restorer-polish,"[{""name"":""Blyne Floor Restorer & Polish. - Premium (4.06 oz)/Buy 2, Get 2 FREE (+ Bonus Mop Pad)"",""quantity"":1,""unitAmount"":53.95}]",6.99,53.95,0,Lausan,STRIPE_RECEIPT_CUSTOMER,Vicbea,,ZENIROXPAY,
2026-01-17,txn_3SqgtuK3ZXYJSkRp0WFVtSrC,charge,ch_3SqgtuK3ZXYJSkRp0xqRBBOe,60.94,2.55,58.39,usd,2026-01-17 21:19:00,2026-01-22 00:00:00,,60.94,,,TGCFP-170126-7IHEG,,,,,-https://blyne.velorasignature.com/blyne-hardwood-floor-restorer-polish,"[{""name"":""Blyne Floor Restorer & Polish. - Premium (4.06 oz)/Buy 2, Get 2 FREE (+ Bonus Mop Pad)"",""quantity"":1,""unitAmount"":53.95}]",6.99,53.95,0,Lausan,STRIPE_RECEIPT_CUSTOMER,Vicbea,,ZENIROXPAY,
2026-01-17,txn_1SqityK3ZXYJSkRpsEJOG746,adjustment,du_1SqitmK3ZXYJSkRpwKiU2Hz7,-34.98,15,-49.98,usd,2026-01-17 23:27:00,2026-01-17 23:27:00,,,,,,,,,,,,,,,,STRIPE_ADJUSTMENT,,,ZENIROXPAY,
2026-01-18,txn_3SqmNxK3ZXYJSkRp0yDkp3a6,charge,ch_3SqmNxK3ZXYJSkRp0P0U4JFV,46.94,2.04,44.9,usd,2026-01-18 03:10:00,2026-01-22 00:00:00,,46.94,,,TGCFP-170126-K0YP4,,,,,-https://blyne.velorasignature.com/blyne-hardwood-floor-restorer-polish,"[{""name"":""Blyne Floor Restorer & Polish. - Premium (4.06 oz)/Buy 1, Get 1 FREE"",""quantity"":1,""unitAmount"":39.95}]",6.99,39.95,0,Lausan,STRIPE_RECEIPT_CUSTOMER,Vicbea,,ZENIROXPAY,
2026-01-18,txn_3SqtXZK3ZXYJSkRp1d75IckO,charge,ch_3SqtXZK3ZXYJSkRp17ZT1iCl,46.94,2.04,44.9,usd,2026-01-18 10:49:00,2026-01-22 00:00:00,,46.94,,,TGCFP-180126-VUQ0Z,,,,,-https://blyne.velorasignature.com/blyne-hardwood-floor-restorer-polish,"[{""name"":""Blyne Floor Restorer & Polish. - Premium (4.06 oz)/Buy 1, Get 1 FREE"",""quantity"":1,""unitAmount"":39.95}]",6.99,39.95,0,Lausan,STRIPE_RECEIPT_CUSTOMER,Vicbea,,ZENIROXPAY,
2026-01-18,txn_3SqyqpK3ZXYJSkRp1FjUaPxO,charge,ch_3SqyqpK3ZXYJSkRp16VjXBj5,46.94,2.04,44.9,usd,2026-01-18 16:29:00,2026-01-22 00:00:00,,46.94,,,TGCFP-180126-ZYK8B,,,,,-https://blyne.velorasignature.com/blyne-hardwood-floor-restorer-polish,"[{""name"":""Blyne Floor Restorer & Polish. - Premium (4.06 oz)/Buy 1, Get 1 FREE"",""quantity"":1,""unitAmount"":39.95}]",6.99,39.95,0,Lausan,STRIPE_RECEIPT_CUSTOMER,Vicbea,,ZENIROXPAY,
2026-01-18,txn_3Sr0ajK3ZXYJSkRp1IIBpmJ0,charge,ch_3Sr0ajK3ZXYJSkRp1JOpBB2V,60.94,2.55,58.39,usd,2026-01-18 18:20:00,2026-01-22 00:00:00,,60.94,,,TGCFP-180126-XOLCV,,,,,-https://blyne.velorasignature.com/blyne-hardwood-floor-restorer-polish,"[{""name"":""Blyne Floor Restorer & Polish. - Premium (4.06 oz)/Buy 2, Get 2 FREE (+ Bonus Mop Pad)"",""quantity"":1,""unitAmount"":53.95}]",6.99,53.95,0,Lausan,STRIPE_RECEIPT_CUSTOMER,Vicbea,,ZENIROXPAY,
2026-01-18,txn_3Sr0wmK3ZXYJSkRp1b3Erp9H,charge,ch_3Sr0wmK3ZXYJSkRp1vL2fPRn,60.94,2.55,58.39,usd,2026-01-18 18:43:00,2026-01-22 00:00:00,,60.94,,,TGCFP-180126-YAAMO,,,,,-https://blyne.velorasignature.com/blyne-hardwood-floor-restorer-polish,"[{""name"":""Blyne Floor Restorer & Polish. - Premium (4.06 oz)/Buy 2, Get 2 FREE (+ Bonus Mop Pad)"",""quantity"":1,""unitAmount"":53.95}]",6.99,53.95,0,Lausan,STRIPE_RECEIPT_CUSTOMER,Vicbea,,ZENIROXPAY,
2026-01-18,txn_3Sr1HxK3ZXYJSkRp1ciBHNqy,charge,ch_3Sr1HxK3ZXYJSkRp10iH6eWO,46.94,2.04,44.9,usd,2026-01-18 19:05:00,2026-01-22 00:00:00,,46.94,,,TGCFP-180126-6IH8Y,,,,,-https://blyne.velorasignature.com/blyne-hardwood-floor-restorer-polish,"[{""name"":""Blyne Floor Restorer & Polish. - Premium (4.06 oz)/Buy 1, Get 1 FREE"",""quantity"":1,""unitAmount"":39.95}]",6.99,39.95,0,Lausan,STRIPE_RECEIPT_CUSTOMER,Vicbea,,ZENIROXPAY,
2026-01-18,txn_3Sr57WK3ZXYJSkRp0E9uVItk,charge,ch_3Sr57WK3ZXYJSkRp06ta6Nkw,46.94,2.04,44.9,usd,2026-01-18 23:10:00,2026-01-22 00:00:00,,46.94,,,TGCFP-180126-24W87,,,,,-https://blyne.velorasignature.com/blyne-hardwood-floor-restorer-polish,"[{""name"":""Blyne Floor Restorer & Polish. - Premium (4.06 oz)/Buy 1, Get 1 FREE"",""quantity"":1,""unitAmount"":39.95}]",6.99,39.95,0,Lausan,STRIPE_RECEIPT_CUSTOMER,Vicbea,,ZENIROXPAY,
2026-01-18,txn_3Sr5H9K3ZXYJSkRp0ycHGgAH,charge,ch_3Sr5H9K3ZXYJSkRp05Vdkg0i,100.89,4.03,96.86,usd,2026-01-18 23:20:00,2026-01-22 00:00:00,,100.89,,,TGCFP-180126-I82NE,,,,,-https://blyne.velorasignature.com/blyne-hardwood-floor-restorer-polish,"[{""name"":""Blyne Floor Restorer & Polish. - Premium (4.06 oz)/Buy 2, Get 2 FREE (+ Bonus Mop Pad)"",""quantity"":1,""unitAmount"":53.95},{""name"":""Blyne Floor Restorer & Polish. - Premium (4.06 oz)/Buy 1, Get 1 FREE"",""quantity"":1,""unitAmount"":39.95}]",6.99,93.9,0,Lausan,STRIPE_RECEIPT_CUSTOMER,Vicbea,,ZENIROXPAY,
2026-01-19,txn_3Sr6EmK3ZXYJSkRp0C0LjfA0,charge,ch_3Sr6EmK3ZXYJSkRp0Ks1Mjnj,60.94,2.55,58.39,usd,2026-01-19 00:22:00,2026-01-22 00:00:00,,60.94,,,TGCFP-180126-SGL9Y,,,,,-https://blyne.velorasignature.com/blyne-hardwood-floor-restorer-polish,"[{""name"":""Blyne Floor Restorer & Polish. - Premium (4.06 oz)/Buy 2, Get 2 FREE (+ Bonus Mop Pad)"",""quantity"":1,""unitAmount"":53.95}]",6.99,53.95,0,Lausan,STRIPE_RECEIPT_CUSTOMER,Vicbea,,ZENIROXPAY,
2026-01-19,txn_3Sr7yIK3ZXYJSkRp0DtrbBD0,charge,ch_3Sr7yIK3ZXYJSkRp0kYB88xr,60.94,2.55,58.39,usd,2026-01-19 02:13:00,2026-01-22 00:00:00,,60.94,,,TGCFP-180126-2DPWZ,,,,,-https://blyne.velorasignature.com/blyne-hardwood-floor-restorer-polish,"[{""name"":""Blyne Floor Restorer & Polish. - Premium (4.06 oz)/Buy 2, Get 2 FREE (+ Bonus Mop Pad)"",""quantity"":1,""unitAmount"":53.95}]",6.99,53.95,0,Lausan,STRIPE_RECEIPT_CUSTOMER,Vicbea,,ZENIROXPAY,
2026-01-19,txn_3SrAk9K3ZXYJSkRp1Io1emSz,charge,ch_3SrAk9K3ZXYJSkRp1Zii4uMN,60.94,2.55,58.39,usd,2026-01-19 05:11:00,2026-01-22 00:00:00,,60.94,,,TGCFP-180126-7M3LD,,,,,-https://blyne.velorasignature.com/blyne-hardwood-floor-restorer-polish,"[{""name"":""Blyne Floor Restorer & Polish. - Premium (4.06 oz)/Buy 2, Get 2 FREE (+ Bonus Mop Pad)"",""quantity"":1,""unitAmount"":53.95}]",6.99,53.95,0,Lausan,STRIPE_RECEIPT_CUSTOMER,Vicbea,,ZENIROXPAY,
2026-01-19,txn_3SrGCbK3ZXYJSkRp1H670Pgp,charge,ch_3SrGCbK3ZXYJSkRp1liYKaKt,60.94,2.55,58.39,usd,2026-01-19 11:00:00,2026-01-22 00:00:00,,60.94,,,TGCFP-190126-HAUTE,,,,,-https://blyne.velorasignature.com/blyne-hardwood-floor-restorer-polish,"[{""name"":""Blyne Floor Restorer & Polish. - Premium (4.06 oz)/Buy 2, Get 2 FREE (+ Bonus Mop Pad)"",""quantity"":1,""unitAmount"":53.95}]",6.99,53.95,0,Lausan,STRIPE_RECEIPT_CUSTOMER,Vicbea,,ZENIROXPAY,
2026-01-19,txn_3SrIB9K3ZXYJSkRp1pLrcLIC,charge,ch_3SrIB9K3ZXYJSkRp1mvgpQ64,60.94,2.55,58.39,usd,2026-01-19 13:07:00,2026-01-22 00:00:00,,60.94,,,TGCFP-190126-LDEIZ,,,,,-https://blyne.velorasignature.com/blyne-hardwood-floor-restorer-polish,"[{""name"":""Blyne Floor Restorer & Polish. - Premium (4.06 oz)/Buy 2, Get 2 FREE (+ Bonus Mop Pad)"",""quantity"":1,""unitAmount"":53.95}]",6.99,53.95,0,Lausan,STRIPE_RECEIPT_CUSTOMER,Vicbea,,ZENIROXPAY,
2026-01-19,txn_3SrJFgK3ZXYJSkRp1Gc3GubA,charge,ch_3SrJFgK3ZXYJSkRp1NqnWWxG,46.94,2.04,44.9,usd,2026-01-19 14:16:00,2026-01-22 00:00:00,,46.94,,,TGCFP-190126-QZEVT,,,,,-https://blyne.velorasignature.com/blyne-hardwood-floor-restorer-polish,"[{""name"":""Blyne Floor Restorer & Polish. - Premium (4.06 oz)/Buy 1, Get 1 FREE"",""quantity"":1,""unitAmount"":39.95}]",6.99,39.95,0,Lausan,STRIPE_RECEIPT_CUSTOMER,Vicbea,,ZENIROXPAY,
2026-01-19,txn_3SrJrzK3ZXYJSkRp0I4aHo3R,charge,ch_3SrJrzK3ZXYJSkRp0squ9ty2,46.94,2.04,44.9,usd,2026-01-19 14:56:00,2026-01-22 00:00:00,,46.94,,,TGCFP-190126-B0GUN,,,,,-https://blyne.velorasignature.com/blyne-hardwood-floor-restorer-polish,"[{""name"":""Blyne Floor Restorer & Polish. - Premium (4.06 oz)/Buy 1, Get 1 FREE"",""quantity"":1,""unitAmount"":39.95}]",6.99,39.95,0,Lausan,STRIPE_RECEIPT_CUSTOMER,Vicbea,,ZENIROXPAY,
2026-01-19,txn_3SrPDvK3ZXYJSkRp0mSF5MiI,charge,ch_3SrPDvK3ZXYJSkRp0v16QjZ3,86.89,3.51,83.38,usd,2026-01-19 20:38:00,2026-01-22 00:00:00,,86.89,,,TGCFP-190126-O5ZW5,,,,,-https://blyne.velorasignature.com/blyne-hardwood-floor-restorer-polish,"[{""name"":""Blyne Floor Restorer & Polish. - Premium (4.06 oz)/Buy 1, Get 1 FREE"",""quantity"":2,""unitAmount"":39.95}]",6.99,79.9,0,Lausan,STRIPE_RECEIPT_CUSTOMER,Vicbea,,ZENIROXPAY,
2026-01-19,txn_3SrQpJK3ZXYJSkRp1NMRjLRH,charge,ch_3SrQpJK3ZXYJSkRp1WrBVGeL,60.94,2.55,58.39,usd,2026-01-19 22:21:00,2026-01-22 00:00:00,,60.94,,,TGCFP-190126-YVLUO,,,,,-https://blyne.velorasignature.com/blyne-hardwood-floor-restorer-polish,"[{""name"":""Blyne Floor Restorer & Polish. - Premium (4.06 oz)/Buy 2, Get 2 FREE (+ Bonus Mop Pad)"",""quantity"":1,""unitAmount"":53.95}]",6.99,53.95,0,Lausan,STRIPE_RECEIPT_CUSTOMER,Vicbea,,ZENIROXPAY,
2026-01-19,txn_3SrRmAK3ZXYJSkRp0uBb7Feu,charge,ch_3SrRmAK3ZXYJSkRp0oU0yTTq,46.94,2.04,44.9,usd,2026-01-19 23:22:00,2026-01-22 00:00:00,,46.94,,,TGCFP-190126-WZQIY,,,,,-https://blyne.velorasignature.com/blyne-hardwood-floor-restorer-polish,"[{""name"":""Blyne Floor Restorer & Polish. - Premium (4.06 oz)/Buy 1, Get 1 FREE"",""quantity"":1,""unitAmount"":39.95}]",6.99,39.95,0,Lausan,STRIPE_RECEIPT_CUSTOMER,Vicbea,,ZENIROXPAY,
2026-01-19,txn_3SrSHZK3ZXYJSkRp0mQlYshW,charge,ch_3SrSHZK3ZXYJSkRp00lFHxcu,46.94,2.04,44.9,usd,2026-01-19 23:54:00,2026-01-22 00:00:00,,46.94,,,TGCFP-190126-DQ4LH,,,,,-https://blyne.velorasignature.com/blyne-hardwood-floor-restorer-polish,"[{""name"":""Blyne Floor Restorer & Polish. - Premium (4.06 oz)/Buy 1, Get 1 FREE"",""quantity"":1,""unitAmount"":39.95}]",6.99,39.95,0,Lausan,STRIPE_RECEIPT_CUSTOMER,Vicbea,,ZENIROXPAY,
2026-01-20,txn_3SrScuK3ZXYJSkRp17SNZUXa,charge,ch_3SrScuK3ZXYJSkRp1mL53oAz,46.94,2.04,44.9,usd,2026-01-20 00:16:00,2026-01-23 00:00:00,,46.94,,,TGCFP-190126-SZCYE,,,,,-https://blyne.velorasignature.com/blyne-hardwood-floor-restorer-polish,"[{""name"":""Blyne Floor Restorer & Polish. - Premium (4.06 oz)/Buy 1, Get 1 FREE"",""quantity"":1,""unitAmount"":39.95}]",6.99,39.95,0,Lausan,STRIPE_RECEIPT_CUSTOMER,Vicbea,,ZENIROXPAY,
2026-01-20,txn_3SrTbVK3ZXYJSkRp0JbNcTGC,charge,ch_3SrTbVK3ZXYJSkRp0xzhRAHh,60.94,2.55,58.39,usd,2026-01-20 01:19:00,2026-01-23 00:00:00,,60.94,,,TGCFP-190126-3ET2J,,,,,-https://blyne.velorasignature.com/blyne-hardwood-floor-restorer-polish,"[{""name"":""Blyne Floor Restorer & Polish. - Premium (4.06 oz)/Buy 2, Get 2 FREE (+ Bonus Mop Pad)"",""quantity"":1,""unitAmount"":53.95}]",6.99,53.95,0,Lausan,STRIPE_RECEIPT_CUSTOMER,Vicbea,,ZENIROXPAY,
2026-01-20,txn_3SrTf0K3ZXYJSkRp0vOFKMHt,charge,ch_3SrTf0K3ZXYJSkRp0wGXnGaA,46.94,2.04,44.9,usd,2026-01-20 01:23:00,2026-01-23 00:00:00,,46.94,,,TGCFP-190126-P25D8,,,,,-https://blyne.velorasignature.com/blyne-hardwood-floor-restorer-polish,"[{""name"":""Blyne Floor Restorer & Polish. - Premium (4.06 oz)/Buy 1, Get 1 FREE"",""quantity"":1,""unitAmount"":39.95}]",6.99,39.95,0,Lausan,STRIPE_RECEIPT_CUSTOMER,Vicbea,,ZENIROXPAY,
2026-01-20,txn_3SrTv0K3ZXYJSkRp0uEU9g1b,charge,ch_3SrTv0K3ZXYJSkRp0UmHqXsY,60.94,2.55,58.39,usd,2026-01-20 01:39:00,2026-01-23 00:00:00,,60.94,,,TGCFP-190126-2AJUH,,,,,-https://blyne.velorasignature.com/blyne-hardwood-floor-restorer-polish,"[{""name"":""Blyne Floor Restorer & Polish. - Premium (4.06 oz)/Buy 2, Get 2 FREE (+ Bonus Mop Pad)"",""quantity"":1,""unitAmount"":53.95}]",6.99,53.95,0,Lausan,STRIPE_RECEIPT_CUSTOMER,Vicbea,,ZENIROXPAY,
2026-01-20,txn_3SrU35K3ZXYJSkRp0ZuI4YU6,charge,ch_3SrU35K3ZXYJSkRp0NqakxVZ,46.94,2.04,44.9,usd,2026-01-20 01:48:00,2026-01-23 00:00:00,,46.94,,,TGCFP-190126-US41O,,,,,-https://blyne.velorasignature.com/blyne-hardwood-floor-restorer-polish,"[{""name"":""Blyne Floor Restorer & Polish. - Premium (4.06 oz)/Buy 1, Get 1 FREE"",""quantity"":1,""unitAmount"":39.95}]",6.99,39.95,0,Lausan,STRIPE_RECEIPT_CUSTOMER,Vicbea,,ZENIROXPAY,
2026-01-20,txn_3SrVHHK3ZXYJSkRp08o1FO56,charge,ch_3SrVHHK3ZXYJSkRp0fYvpvoC,56.94,2.41,54.53,usd,2026-01-20 03:06:00,2026-01-23 00:00:00,,56.94,,,TGCFP-190126-SM6J6,,,,,-https://blyne.velorasignature.com/blyne-hardwood-floor-restorer-polish,"[{""name"":""Blyne Floor Restorer & Polish. - Standard (4.06 oz)/Buy 2, Get 2 FREE (+ Bonus Mop Pad)"",""quantity"":1,""unitAmount"":49.95}]",6.99,49.95,0,Lausan,STRIPE_RECEIPT_CUSTOMER,Vicbea,,ZENIROXPAY,
2026-01-20,txn_1SrX8HK3ZXYJSkRp7hVQfTYQ,stripe_fee,,-10.78,0,-10.78,usd,2026-01-20 05:05:00,2026-01-20 05:05:00,,,,,,,,,,,,,,,,STRIPE_FEE,,,ZENIROXPAY,
2026-01-20,txn_1SrX8HK3ZXYJSkRpHv9v7B2g,stripe_fee,,-10.81,0,-10.81,usd,2026-01-20 05:05:00,2026-01-20 05:05:00,,,,,,,,,,,,,,,,STRIPE_FEE,,,ZENIROXPAY,
2026-01-20,txn_3SrcmVK3ZXYJSkRp13We342f,charge,ch_3SrcmVK3ZXYJSkRp12Wy1MKn,46.94,2.04,44.9,usd,2026-01-20 11:07:00,2026-01-23 00:00:00,,46.94,,,TGCFP-200126-OAARJ,,,,,-https://blyne.velorasignature.com/blyne-hardwood-floor-restorer-polish,"[{""name"":""Blyne Floor Restorer & Polish. - Premium (4.06 oz)/Buy 1, Get 1 FREE"",""quantity"":1,""unitAmount"":39.95}]",6.99,39.95,0,Lausan,STRIPE_RECEIPT_CUSTOMER,Vicbea,,ZENIROXPAY,
2026-01-20,txn_3SrgMXK3ZXYJSkRp1ZdWyvGv,charge,ch_3SrgMXK3ZXYJSkRp1QPOc4si,60.94,2.55,58.39,usd,2026-01-20 14:56:00,2026-01-23 00:00:00,,60.94,,,TGCFP-200126-2RBC3,,,,,-https://blyne.velorasignature.com/blyne-hardwood-floor-restorer-polish,"[{""name"":""Blyne Floor Restorer & Polish. - Premium (4.06 oz)/Buy 2, Get 2 FREE (+ Bonus Mop Pad)"",""quantity"":1,""unitAmount"":53.95}]",6.99,53.95,0,Lausan,STRIPE_RECEIPT_CUSTOMER,Vicbea,,ZENIROXPAY,
2026-01-20,txn_3SrgRDK3ZXYJSkRp0yOpoCAO,charge,ch_3SrgRDK3ZXYJSkRp0WGNjUG4,46.94,2.04,44.9,usd,2026-01-20 15:01:00,2026-01-23 00:00:00,,46.94,,,TGCFP-200126-V514C,,,,,-https://blyne.velorasignature.com/blyne-hardwood-floor-restorer-polish,"[{""name"":""Blyne Floor Restorer & Polish. - Premium (4.06 oz)/Buy 1, Get 1 FREE"",""quantity"":1,""unitAmount"":39.95}]",6.99,39.95,0,Lausan,STRIPE_RECEIPT_CUSTOMER,Vicbea,,ZENIROXPAY,
2026-01-20,txn_3SrgtlK3ZXYJSkRp1fFZ9IeD,charge,ch_3SrgtlK3ZXYJSkRp1DsCkDri,60.94,2.55,58.39,usd,2026-01-20 15:31:00,2026-01-23 00:00:00,,60.94,,,TGCFP-200126-ITBY6,,,,,-https://blyne.velorasignature.com/blyne-hardwood-floor-restorer-polish,"[{""name"":""Blyne Floor Restorer & Polish. - Premium (4.06 oz)/Buy 2, Get 2 FREE (+ Bonus Mop Pad)"",""quantity"":1,""unitAmount"":53.95}]",6.99,53.95,0,Lausan,STRIPE_RECEIPT_CUSTOMER,Vicbea,,ZENIROXPAY,
2026-01-20,txn_3Srh4fK3ZXYJSkRp1ChsiJaA,charge,ch_3Srh4fK3ZXYJSkRp1urFuq4N,46.94,2.04,44.9,usd,2026-01-20 15:42:00,2026-01-23 00:00:00,,46.94,,,TGCFP-200126-OMKWN,,,,,-https://blyne.velorasignature.com/blyne-hardwood-floor-restorer-polish,"[{""name"":""Blyne Floor Restorer & Polish. - Premium (4.06 oz)/Buy 1, Get 1 FREE"",""quantity"":1,""unitAmount"":39.95}]",6.99,39.95,0,Lausan,STRIPE_RECEIPT_CUSTOMER,Vicbea,,ZENIROXPAY,
2026-01-20,txn_3SrhFMK3ZXYJSkRp0aVvSDgg,charge,ch_3SrhFMK3ZXYJSkRp03PxttVc,60.94,2.55,58.39,usd,2026-01-20 15:53:00,2026-01-23 00:00:00,,60.94,,,TGCFP-200126-EY3TH,,,,,-https://blyne.velorasignature.com/blyne-hardwood-floor-restorer-polish,"[{""name"":""Blyne Floor Restorer & Polish. - Premium (4.06 oz)/Buy 2, Get 2 FREE (+ Bonus Mop Pad)"",""quantity"":1,""unitAmount"":53.95}]",6.99,53.95,0,Lausan,STRIPE_RECEIPT_CUSTOMER,Vicbea,,ZENIROXPAY,
2026-01-20,txn_3SrhUAK3ZXYJSkRp0f1WqSjs,charge,ch_3SrhUAK3ZXYJSkRp0V5wAMJN,60.94,2.55,58.39,usd,2026-01-20 16:08:00,2026-01-23 00:00:00,,60.94,,,TGCFP-200126-IR30A,,,,,-https://blyne.velorasignature.com/blyne-hardwood-floor-restorer-polish,"[{""name"":""Blyne Floor Restorer & Polish. - Premium (4.06 oz)/Buy 2, Get 2 FREE (+ Bonus Mop Pad)"",""quantity"":1,""unitAmount"":53.95}]",6.99,53.95,0,Lausan,STRIPE_RECEIPT_CUSTOMER,Vicbea,,ZENIROXPAY,
2026-01-20,txn_3Srhc8K3ZXYJSkRp0tH6CuHy,charge,ch_3Srhc8K3ZXYJSkRp0XRE7KMR,46.94,2.04,44.9,usd,2026-01-20 16:17:00,2026-01-23 00:00:00,,46.94,,,TGCFP-200126-4VFS4,,,,,-https://blyne.velorasignature.com/blyne-hardwood-floor-restorer-polish,"[{""name"":""Blyne Floor Restorer & Polish. - Premium (4.06 oz)/Buy 1, Get 1 FREE"",""quantity"":1,""unitAmount"":39.95}]",6.99,39.95,0,Lausan,STRIPE_RECEIPT_CUSTOMER,Vicbea,,ZENIROXPAY,
2026-01-20,txn_3Sri8QK3ZXYJSkRp0kFZUqus,charge,ch_3Sri8QK3ZXYJSkRp0fvq9S1O,46.94,2.04,44.9,usd,2026-01-20 16:50:00,2026-01-23 00:00:00,,46.94,,,TGCFP-200126-X2Z3G,,,,,-https://blyne.velorasignature.com/blyne-hardwood-floor-restorer-polish,"[{""name"":""Blyne Floor Restorer & Polish. - Premium (4.06 oz)/Buy 1, Get 1 FREE"",""quantity"":1,""unitAmount"":39.95}]",6.99,39.95,0,Lausan,STRIPE_RECEIPT_CUSTOMER,Vicbea,,ZENIROXPAY,
2026-01-20,txn_3SriakK3ZXYJSkRp0h40GYFO,charge,ch_3SriakK3ZXYJSkRp0l09t1xx,46.94,2.04,44.9,usd,2026-01-20 17:19:00,2026-01-23 00:00:00,,46.94,,,TGCFP-200126-HDWOY,,,,,-https://blyne.velorasignature.com/blyne-hardwood-floor-restorer-polish,"[{""name"":""Blyne Floor Restorer & Polish. - Premium (4.06 oz)/Buy 1, Get 1 FREE"",""quantity"":1,""unitAmount"":39.95}]",6.99,39.95,0,Lausan,STRIPE_RECEIPT_CUSTOMER,Vicbea,,ZENIROXPAY,
2026-01-20,txn_3SrifBK3ZXYJSkRp1stPGlGr,charge,ch_3SrifBK3ZXYJSkRp1YKW7F3c,60.94,2.55,58.39,usd,2026-01-20 17:24:00,2026-01-23 00:00:00,,60.94,,,TGCFP-200126-U598E,,,,,-https://blyne.velorasignature.com/blyne-hardwood-floor-restorer-polish,"[{""name"":""Blyne Floor Restorer & Polish. - Premium (4.06 oz)/Buy 2, Get 2 FREE (+ Bonus Mop Pad)"",""quantity"":1,""unitAmount"":53.95}]",6.99,53.95,0,Lausan,STRIPE_RECEIPT_CUSTOMER,Vicbea,,ZENIROXPAY,
2026-01-20,txn_3SrjRhK3ZXYJSkRp1bIaVzz7,charge,ch_3SrjRhK3ZXYJSkRp1pnuZ5dc,46.94,2.04,44.9,usd,2026-01-20 18:14:00,2026-01-23 00:00:00,,46.94,,,TGCFP-200126-9ZJYK,,,,,-https://blyne.velorasignature.com/blyne-hardwood-floor-restorer-polish,"[{""name"":""Blyne Floor Restorer & Polish. - Premium (4.06 oz)/Buy 1, Get 1 FREE"",""quantity"":1,""unitAmount"":39.95}]",6.99,39.95,0,Lausan,STRIPE_RECEIPT_CUSTOMER,Vicbea,,ZENIROXPAY,
2026-01-20,txn_3SrjYqK3ZXYJSkRp1o4gXGIY,charge,ch_3SrjYqK3ZXYJSkRp15P0xXeD,60.94,2.55,58.39,usd,2026-01-20 18:21:00,2026-01-23 00:00:00,,60.94,,,TGCFP-200126-O3YHU,,,,,-https://blyne.velorasignature.com/blyne-hardwood-floor-restorer-polish,"[{""name"":""Blyne Floor Restorer & Polish. - Premium (4.06 oz)/Buy 2, Get 2 FREE (+ Bonus Mop Pad)"",""quantity"":1,""unitAmount"":53.95}]",6.99,53.95,0,Lausan,STRIPE_RECEIPT_CUSTOMER,Vicbea,,ZENIROXPAY,
2026-01-20,txn_3SrlUQK3ZXYJSkRp1wyhLbED,charge,ch_3SrlUQK3ZXYJSkRp1YTw1G0D,46.94,2.04,44.9,usd,2026-01-20 20:25:00,2026-01-23 00:00:00,,46.94,,,TGCFP-200126-A2BZ0,,,,,-https://blyne.velorasignature.com/blyne-hardwood-floor-restorer-polish,"[{""name"":""Blyne Floor Restorer & Polish. - Premium (4.06 oz)/Buy 1, Get 1 FREE"",""quantity"":1,""unitAmount"":39.95}]",6.99,39.95,0,Lausan,STRIPE_RECEIPT_CUSTOMER,Vicbea,,ZENIROXPAY,
2026-01-20,txn_3SrlooK3ZXYJSkRp1iDk7vG2,charge,ch_3SrlooK3ZXYJSkRp1tJC7avU,49.98,2.15,47.83,usd,2026-01-20 20:46:00,2026-01-23 00:00:00,,49.98,,,XGB65-200126-NKDW6,,,,6.99,-https://cychea.com/car-organizers,"[{""name"":""Car Organizers and Storage Box - Black"",""quantity"":2,""unitAmount"":24.99}]",6.99,49.98,0,FFT DHI,STRIPE_RECEIPT_CUSTOMER,DHI,,ZENIROXPAY,
2026-01-20,txn_3SrnF6K3ZXYJSkRp0ylOpZdn,charge,ch_3SrnF6K3ZXYJSkRp06dduT91,46.94,2.04,44.9,usd,2026-01-20 22:17:00,2026-01-23 00:00:00,,46.94,,,TGCFP-200126-2PZ1W,,,,,-https://blyne.velorasignature.com/blyne-hardwood-floor-restorer-polish,"[{""name"":""Blyne Floor Restorer & Polish. - Premium (4.06 oz)/Buy 1, Get 1 FREE"",""quantity"":1,""unitAmount"":39.95}]",6.99,39.95,0,Lausan,STRIPE_RECEIPT_CUSTOMER,Vicbea,,ZENIROXPAY,
2026-01-20,txn_3SrnHSK3ZXYJSkRp1x3vXkoF,charge,ch_3SrnHSK3ZXYJSkRp1XCwYvcV,110.89,4.4,106.49,usd,2026-01-20 22:20:00,2026-01-23 00:00:00,,110.89,,,TGCFP-200126-ZD3ZU,,,,,-https://blyne.velorasignature.com/blyne-hardwood-floor-restorer-polish,"[{""name"":""Blyne Floor Restorer & Polish. - Premium (4.06 oz)/Buy 2, Get 2 FREE (+ Bonus Mop Pad)"",""quantity"":1,""unitAmount"":53.95},{""name"":""Blyne Floor Restorer & Polish. - Standard (4.06 oz)/Buy 2, Get 2 FREE (+ Bonus Mop Pad)"",""quantity"":1,""unitAmount"":49.95}]",6.99,103.9,0,Lausan,STRIPE_RECEIPT_CUSTOMER,Vicbea,,ZENIROXPAY,
2026-01-21,txn_3SrqmrK3ZXYJSkRp1EaJ2bbW,charge,ch_3SrqmrK3ZXYJSkRp17UGHADz,46.94,2.04,44.9,usd,2026-01-21 02:04:00,2026-01-26 00:00:00,,46.94,,,TGCFP-200126-W76T6,,,,,-https://blyne.velorasignature.com/blyne-hardwood-floor-restorer-polish,"[{""name"":""Blyne Floor Restorer & Polish. - Premium (4.06 oz)/Buy 1, Get 1 FREE"",""quantity"":1,""unitAmount"":39.95}]",6.99,39.95,0,Lausan,STRIPE_RECEIPT_CUSTOMER,Vicbea,,ZENIROXPAY,
2026-01-21,txn_3SrqqoK3ZXYJSkRp0YFDHyMH,charge,ch_3SrqqoK3ZXYJSkRp0Zrqg3P6,60.94,2.55,58.39,usd,2026-01-21 02:08:00,2026-01-26 00:00:00,,60.94,,,TGCFP-200126-O3JYV,,,,,-https://blyne.velorasignature.com/blyne-hardwood-floor-restorer-polish,"[{""name"":""Blyne Floor Restorer & Polish. - Premium (4.06 oz)/Buy 2, Get 2 FREE (+ Bonus Mop Pad)"",""quantity"":1,""unitAmount"":53.95}]",6.99,53.95,0,Lausan,STRIPE_RECEIPT_CUSTOMER,Vicbea,,ZENIROXPAY,
2026-01-21,txn_3SkEVhK3ZXYJSkRp1Lo6irly,refund,ch_3SkEVhK3ZXYJSkRp1sZ8k6f5,-56.98,0,-56.98,usd,2026-01-21 04:00:00,2026-01-21 04:00:00,Refund Defective Order,56.98,true,Refund Defective Order,IQ1N5-301225-RQ3H0,,,,,,,,,,,STRIPE_REFUND,,,ZENIROXPAY,
2026-01-21,txn_3SkwGZK3ZXYJSkRp1p5gkPOr,refund,ch_3SkwGZK3ZXYJSkRp1JxSw3cr,-7,0,-7,usd,2026-01-21 04:00:00,2026-01-21 04:00:00,Refund 20% - Aftersales Service,7,true,Refund 20% - Aftersales Service,HUJGB-010126-DX64L,,,,,,,,,,,STRIPE_REFUND,,,ZENIROXPAY,
2026-01-21,txn_3Ss1KDK3ZXYJSkRp0M8FLfFr,charge,ch_3Ss1KDK3ZXYJSkRp03VBu05B,46.94,2.04,44.9,usd,2026-01-21 13:19:00,2026-01-26 00:00:00,,46.94,,,TGCFP-210126-ZF3PM,,,,,-https://blyne.velorasignature.com/blyne-hardwood-floor-restorer-polish,"[{""name"":""Blyne Floor Restorer & Polish. - Premium (4.06 oz)/Buy 1, Get 1 FREE"",""quantity"":1,""unitAmount"":39.95}]",6.99,39.95,0,Lausan,STRIPE_RECEIPT_CUSTOMER,Vicbea,,ZENIROXPAY,
2026-01-21,txn_3Ss1aGK3ZXYJSkRp1aGWAron,charge,ch_3Ss1aGK3ZXYJSkRp1ic56qWD,46.94,2.04,44.9,usd,2026-01-21 13:36:00,2026-01-26 00:00:00,,46.94,,,TGCFP-210126-L9RKR,,,,,-https://blyne.velorasignature.com/blyne-hardwood-floor-restorer-polish,"[{""name"":""Blyne Floor Restorer & Polish. - Premium (4.06 oz)/Buy 1, Get 1 FREE"",""quantity"":1,""unitAmount"":39.95}]",6.99,39.95,0,Lausan,STRIPE_RECEIPT_CUSTOMER,Vicbea,,ZENIROXPAY,
2026-01-21,txn_3Ss2tWK3ZXYJSkRp1QYinAyr,charge,ch_3Ss2tWK3ZXYJSkRp1E6S5rbi,49.89,2.15,47.74,usd,2026-01-21 15:00:00,2026-01-26 00:00:00,,49.89,,,XGB65-210126-G7IQB,,,,6.99,-https://cychea.com/car-organizers,"[{""name"":""Car Organizers and Storage Box - 50% OFF Set 2(Orange+Brown) & Freeship"",""quantity"":1,""unitAmount"":49.89}]",6.99,49.89,0,FFT DHI,STRIPE_RECEIPT_CUSTOMER,DHI,,ZENIROXPAY,
2026-01-21,txn_3Ss3jBK3ZXYJSkRp14FqlX7H,charge,ch_3Ss3jBK3ZXYJSkRp1QK3FfPR,60.94,2.55,58.39,usd,2026-01-21 15:53:00,2026-01-26 00:00:00,,60.94,,,TGCFP-210126-GBDPU,,,,,-https://blyne.velorasignature.com/blyne-hardwood-floor-restorer-polish,"[{""name"":""Blyne Floor Restorer & Polish. - Premium (4.06 oz)/Buy 2, Get 2 FREE (+ Bonus Mop Pad)"",""quantity"":1,""unitAmount"":53.95}]",6.99,53.95,0,Lausan,STRIPE_RECEIPT_CUSTOMER,Vicbea,,ZENIROXPAY,
2026-01-21,txn_3Ss4X6K3ZXYJSkRp1iZzC0Tc,charge,ch_3Ss4X6K3ZXYJSkRp1CXDu3mk,114.89,4.55,110.34,usd,2026-01-21 16:45:00,2026-01-26 00:00:00,,114.89,,,TGCFP-210126-20SEP,,,,,-https://blyne.velorasignature.com/blyne-hardwood-floor-restorer-polish,"[{""name"":""Blyne Floor Restorer & Polish. - Premium (4.06 oz)/Buy 2, Get 2 FREE (+ Bonus Mop Pad)"",""quantity"":2,""unitAmount"":53.95}]",6.99,107.9,0,Lausan,STRIPE_RECEIPT_CUSTOMER,Vicbea,,ZENIROXPAY,
2026-01-21,txn_3Ss53iK3ZXYJSkRp0rLykyrs,charge,ch_3Ss53iK3ZXYJSkRp0VpzLCcy,46.94,2.04,44.9,usd,2026-01-21 17:19:00,2026-01-26 00:00:00,,46.94,,,TGCFP-210126-1QFWG,,,,,-https://blyne.velorasignature.com/blyne-hardwood-floor-restorer-polish,"[{""name"":""Blyne Floor Restorer & Polish. - Premium (4.06 oz)/Buy 1, Get 1 FREE"",""quantity"":1,""unitAmount"":39.95}]",6.99,39.95,0,Lausan,STRIPE_RECEIPT_CUSTOMER,Vicbea,,ZENIROXPAY,
2026-01-21,txn_3Ss7EgK3ZXYJSkRp1hB1ZefV,charge,ch_3Ss7EgK3ZXYJSkRp15kifc9A,46.94,2.04,44.9,usd,2026-01-21 19:38:00,2026-01-26 00:00:00,,46.94,,,TGCFP-210126-CKIPN,,,,,-https://blyne.velorasignature.com/blyne-hardwood-floor-restorer-polish,"[{""name"":""Blyne Floor Restorer & Polish. - Premium (4.06 oz)/Buy 1, Get 1 FREE"",""quantity"":1,""unitAmount"":39.95}]",6.99,39.95,0,Lausan,STRIPE_RECEIPT_CUSTOMER,Vicbea,,ZENIROXPAY,
2026-01-21,txn_3Ss7iIK3ZXYJSkRp1oF3OVNE,charge,ch_3Ss7iIK3ZXYJSkRp1fKfPYOa,60.94,2.55,58.39,usd,2026-01-21 20:09:00,2026-01-26 00:00:00,,60.94,,,TGCFP-210126-TT0FD,,,,,-https://blyne.velorasignature.com/blyne-hardwood-floor-restorer-polish,"[{""name"":""Blyne Floor Restorer & Polish. - Premium (4.06 oz)/Buy 2, Get 2 FREE (+ Bonus Mop Pad)"",""quantity"":1,""unitAmount"":53.95}]",6.99,53.95,0,Lausan,STRIPE_RECEIPT_CUSTOMER,Vicbea,,ZENIROXPAY,
2026-01-21,txn_3Ss8hnK3ZXYJSkRp1tqFUgBE,charge,ch_3Ss8hnK3ZXYJSkRp1xB0sp8G,49.98,2.15,47.83,usd,2026-01-21 21:12:00,2026-01-26 00:00:00,,49.98,,,XGB65-210126-QVX2L,,,,6.99,-https://cychea.com/car-organizers,"[{""name"":""Car Organizers and Storage Box - Beige"",""quantity"":2,""unitAmount"":24.99}]",6.99,49.98,0,FFT DHI,STRIPE_RECEIPT_CUSTOMER,DHI,,ZENIROXPAY,
2026-01-21,txn_3Ss8xDK3ZXYJSkRp0zhGwaDl,charge,ch_3Ss8xDK3ZXYJSkRp0YvsN8sB,31.98,1.48,30.5,usd,2026-01-21 21:28:00,2026-01-26 00:00:00,,31.98,,,XGB65-210126-UJKDM,,,,,-https://cychea.com/car-organizers,"[{""name"":""Car Organizers and Storage Box - Brown"",""quantity"":1,""unitAmount"":24.99}]",6.99,24.99,0,FFT DHI,STRIPE_RECEIPT_CUSTOMER,DHI,,ZENIROXPAY,
2026-01-21,txn_3Ss9WyK3ZXYJSkRp11IZOtfj,charge,ch_3Ss9WyK3ZXYJSkRp1YFqG7vm,60.94,2.55,58.39,usd,2026-01-21 22:05:00,2026-01-26 00:00:00,,60.94,,,TGCFP-210126-IFYER,,,,,-https://blyne.velorasignature.com/blyne-hardwood-floor-restorer-polish,"[{""name"":""Blyne Floor Restorer & Polish. - Premium (4.06 oz)/Buy 2, Get 2 FREE (+ Bonus Mop Pad)"",""quantity"":1,""unitAmount"":53.95}]",6.99,53.95,0,Lausan,STRIPE_RECEIPT_CUSTOMER,Vicbea,,ZENIROXPAY,
2026-01-21,txn_3SsAfHK3ZXYJSkRp1uSDEL5V,charge,ch_3SsAfHK3ZXYJSkRp19TbbZmd,46.94,2.04,44.9,usd,2026-01-21 23:18:00,2026-01-26 00:00:00,,46.94,,,TGCFP-210126-5OJY9,,,,,-https://blyne.velorasignature.com/blyne-hardwood-floor-restorer-polish,"[{""name"":""Blyne Floor Restorer & Polish. - Premium (4.06 oz)/Buy 1, Get 1 FREE"",""quantity"":1,""unitAmount"":39.95}]",6.99,39.95,0,Lausan,STRIPE_RECEIPT_CUSTOMER,Vicbea,,ZENIROXPAY,
2026-01-21,txn_3SsB9QK3ZXYJSkRp1DIDimoa,charge,ch_3SsB9QK3ZXYJSkRp1sm0M9DO,60.94,2.55,58.39,usd,2026-01-21 23:49:00,2026-01-26 00:00:00,,60.94,,,TGCFP-210126-0GU1U,,,,,-https://blyne.velorasignature.com/blyne-hardwood-floor-restorer-polish,"[{""name"":""Blyne Floor Restorer & Polish. - Premium (4.06 oz)/Buy 2, Get 2 FREE (+ Bonus Mop Pad)"",""quantity"":1,""unitAmount"":53.95}]",6.99,53.95,0,Lausan,STRIPE_RECEIPT_CUSTOMER,Vicbea,,ZENIROXPAY,
2026-01-22,txn_3SsBZcK3ZXYJSkRp1K45e4Hp,charge,ch_3SsBZcK3ZXYJSkRp1i20PZKn,46.94,2.04,44.9,usd,2026-01-22 00:16:00,2026-01-27 00:00:00,,46.94,,,TGCFP-210126-VK2K2,,,,,-https://blyne.velorasignature.com/blyne-hardwood-floor-restorer-polish,"[{""name"":""Blyne Floor Restorer & Polish. - Premium (4.06 oz)/Buy 1, Get 1 FREE"",""quantity"":1,""unitAmount"":39.95}]",6.99,39.95,0,Lausan,STRIPE_RECEIPT_CUSTOMER,Vicbea,,ZENIROXPAY,
2026-01-22,txn_3SsCvsK3ZXYJSkRp0tni3ogT,charge,ch_3SsCvsK3ZXYJSkRp0T7USagW,46.94,2.04,44.9,usd,2026-01-22 01:43:00,2026-01-27 00:00:00,,46.94,,,TGCFP-210126-NLA35,,,,,-https://blyne.velorasignature.com/blyne-hardwood-floor-restorer-polish,"[{""name"":""Blyne Floor Restorer & Polish. - Premium (4.06 oz)/Buy 1, Get 1 FREE"",""quantity"":1,""unitAmount"":39.95}]",6.99,39.95,0,Lausan,STRIPE_RECEIPT_CUSTOMER,Vicbea,,ZENIROXPAY,
2026-01-22,txn_3SsD4dK3ZXYJSkRp1h0Foi7S,charge,ch_3SsD4dK3ZXYJSkRp1lWg5KoU,46.94,2.04,44.9,usd,2026-01-22 01:52:00,2026-01-27 00:00:00,,46.94,,,TGCFP-210126-JMICF,,,,,-https://blyne.velorasignature.com/blyne-hardwood-floor-restorer-polish,"[{""name"":""Blyne Floor Restorer & Polish. - Premium (4.06 oz)/Buy 1, Get 1 FREE"",""quantity"":1,""unitAmount"":39.95}]",6.99,39.95,0,Lausan,STRIPE_RECEIPT_CUSTOMER,Vicbea,,ZENIROXPAY,
2026-01-22,txn_3SsDWZK3ZXYJSkRp1iFR4fzx,charge,ch_3SsDWZK3ZXYJSkRp1GZSHvkH,46.94,2.04,44.9,usd,2026-01-22 02:21:00,2026-01-27 00:00:00,,46.94,,,TGCFP-210126-BJV7C,,,,,-https://blyne.velorasignature.com/blyne-hardwood-floor-restorer-polish,"[{""name"":""Blyne Floor Restorer & Polish. - Premium (4.06 oz)/Buy 1, Get 1 FREE"",""quantity"":1,""unitAmount"":39.95}]",6.99,39.95,0,Lausan,STRIPE_RECEIPT_CUSTOMER,Vicbea,,ZENIROXPAY,
2026-01-22,txn_3SsFSgK3ZXYJSkRp1RtnMXz3,charge,ch_3SsFSgK3ZXYJSkRp133DtVfI,46.94,2.04,44.9,usd,2026-01-22 04:25:00,2026-01-27 00:00:00,,46.94,,,TGCFP-210126-ITVJL,,,,,-https://blyne.velorasignature.com/blyne-hardwood-floor-restorer-polish,"[{""name"":""Blyne Floor Restorer & Polish. - Premium (4.06 oz)/Buy 1, Get 1 FREE"",""quantity"":1,""unitAmount"":39.95}]",6.99,39.95,0,Lausan,STRIPE_RECEIPT_CUSTOMER,Vicbea,,ZENIROXPAY,
2026-01-22,txn_3SsNYqK3ZXYJSkRp1Q8qdaih,charge,ch_3SsNYqK3ZXYJSkRp1oipMKI8,46.94,2.04,44.9,usd,2026-01-22 13:04:00,2026-01-27 00:00:00,,46.94,,,TGCFP-220126-9JW9Z,,,,,-https://blyne.velorasignature.com/blyne-hardwood-floor-restorer-polish,"[{""name"":""Blyne Floor Restorer & Polish. - Premium (4.06 oz)/Buy 1, Get 1 FREE"",""quantity"":1,""unitAmount"":39.95}]",6.99,39.95,0,Lausan,STRIPE_RECEIPT_CUSTOMER,Vicbea,,ZENIROXPAY,
2026-01-22,txn_3SsNlAK3ZXYJSkRp1ij5Kbfb,charge,ch_3SsNlAK3ZXYJSkRp1BcJ017j,60.94,2.55,58.39,usd,2026-01-22 13:17:00,2026-01-27 00:00:00,,60.94,,,TGCFP-220126-JIBTE,,,,,-https://blyne.velorasignature.com/blyne-hardwood-floor-restorer-polish,"[{""name"":""Blyne Floor Restorer & Polish. - Premium (4.06 oz)/Buy 2, Get 2 FREE (+ Bonus Mop Pad)"",""quantity"":1,""unitAmount"":53.95}]",6.99,53.95,0,Lausan,STRIPE_RECEIPT_CUSTOMER,Vicbea,,ZENIROXPAY,
2026-01-22,txn_3SsQ1GK3ZXYJSkRp142cwh7f,charge,ch_3SsQ1GK3ZXYJSkRp1hzCfzUu,46.94,2.04,44.9,usd,2026-01-22 15:42:00,2026-01-27 00:00:00,,46.94,,,TGCFP-220126-8UPQF,,,,,-https://blyne.velorasignature.com/blyne-hardwood-floor-restorer-polish,"[{""name"":""Blyne Floor Restorer & Polish. - Premium (4.06 oz)/Buy 1, Get 1 FREE"",""quantity"":1,""unitAmount"":39.95}]",6.99,39.95,0,Lausan,STRIPE_RECEIPT_CUSTOMER,Vicbea,,ZENIROXPAY,
2026-01-22,txn_3SsQe8K3ZXYJSkRp18oDSu8s,charge,ch_3SsQe8K3ZXYJSkRp1ovRQjQe,46.94,2.04,44.9,usd,2026-01-22 16:22:00,2026-01-27 00:00:00,,46.94,,,TGCFP-220126-OOZAA,,,,,-https://blyne.velorasignature.com/blyne-hardwood-floor-restorer-polish,"[{""name"":""Blyne Floor Restorer & Polish. - Premium (4.06 oz)/Buy 1, Get 1 FREE"",""quantity"":1,""unitAmount"":39.95}]",6.99,39.95,0,Lausan,STRIPE_RECEIPT_CUSTOMER,Vicbea,,ZENIROXPAY,
2026-01-22,txn_3SsSTAK3ZXYJSkRp0wxg3KKl,charge,ch_3SsSTAK3ZXYJSkRp09QlsE88,60.94,2.55,58.39,usd,2026-01-22 18:19:00,2026-01-27 00:00:00,,60.94,,,TGCFP-220126-38UJG,,,,,-https://blyne.velorasignature.com/blyne-hardwood-floor-restorer-polish,"[{""name"":""Blyne Floor Restorer & Polish. - Premium (4.06 oz)/Buy 2, Get 2 FREE (+ Bonus Mop Pad)"",""quantity"":1,""unitAmount"":53.95}]",6.99,53.95,0,Lausan,STRIPE_RECEIPT_CUSTOMER,Vicbea,,ZENIROXPAY,
2026-01-22,txn_3SsTBpK3ZXYJSkRp0pOh7lYX,charge,ch_3SsTBpK3ZXYJSkRp0moOuQFO,46.94,2.04,44.9,usd,2026-01-22 19:05:00,2026-01-27 00:00:00,,46.94,,,TGCFP-220126-17GW1,,,,,-https://blyne.velorasignature.com/blyne-hardwood-floor-restorer-polish,"[{""name"":""Blyne Floor Restorer & Polish. - Premium (4.06 oz)/Buy 1, Get 1 FREE"",""quantity"":1,""unitAmount"":39.95}]",6.99,39.95,0,Lausan,STRIPE_RECEIPT_CUSTOMER,Vicbea,,ZENIROXPAY,
2026-01-22,txn_3SsTcwK3ZXYJSkRp0rz21aB5,charge,ch_3SsTcwK3ZXYJSkRp09AC6MJR,46.94,2.04,44.9,usd,2026-01-22 19:33:00,2026-01-27 00:00:00,,46.94,,,TGCFP-220126-8WOC9,,,,,-https://blyne.velorasignature.com/blyne-hardwood-floor-restorer-polish,"[{""name"":""Blyne Floor Restorer & Polish. - Premium (4.06 oz)/Buy 1, Get 1 FREE"",""quantity"":1,""unitAmount"":39.95}]",6.99,39.95,0,Lausan,STRIPE_RECEIPT_CUSTOMER,Vicbea,,ZENIROXPAY,
2026-01-22,txn_3SsUEUK3ZXYJSkRp1jDvOR4o,charge,ch_3SsUEUK3ZXYJSkRp1MKDPY6O,46.94,2.04,44.9,usd,2026-01-22 20:11:00,2026-01-27 00:00:00,,46.94,,,TGCFP-220126-HYDQX,,,,,-https://blyne.velorasignature.com/blyne-hardwood-floor-restorer-polish,"[{""name"":""Blyne Floor Restorer & Polish. - Premium (4.06 oz)/Buy 1, Get 1 FREE"",""quantity"":1,""unitAmount"":39.95}]",6.99,39.95,0,Lausan,STRIPE_RECEIPT_CUSTOMER,Vicbea,,ZENIROXPAY,
2026-01-22,txn_3SsUTbK3ZXYJSkRp1ZsUdy4s,charge,ch_3SsUTbK3ZXYJSkRp1eWxjqNH,114.89,4.55,110.34,usd,2026-01-22 20:27:00,2026-01-27 00:00:00,,114.89,,,TGCFP-220126-0NO9H,,,,,-https://blyne.velorasignature.com/blyne-hardwood-floor-restorer-polish,"[{""name"":""Blyne Floor Restorer & Polish. - Premium (4.06 oz)/Buy 2, Get 2 FREE (+ Bonus Mop Pad)"",""quantity"":2,""unitAmount"":53.95}]",6.99,107.9,0,Lausan,STRIPE_RECEIPT_CUSTOMER,Vicbea,,ZENIROXPAY,
2026-01-22,txn_3SsUo8K3ZXYJSkRp0Spj8nUD,charge,ch_3SsUo8K3ZXYJSkRp0M7cR0xw,60.94,2.55,58.39,usd,2026-01-22 20:48:00,2026-01-27 00:00:00,,60.94,,,TGCFP-220126-4PM1S,,,,,-https://blyne.velorasignature.com/blyne-hardwood-floor-restorer-polish,"[{""name"":""Blyne Floor Restorer & Polish. - Premium (4.06 oz)/Buy 2, Get 2 FREE (+ Bonus Mop Pad)"",""quantity"":1,""unitAmount"":53.95}]",6.99,53.95,0,Lausan,STRIPE_RECEIPT_CUSTOMER,Vicbea,,ZENIROXPAY,
2026-01-22,txn_3SsUtnK3ZXYJSkRp1CYSFydj,charge,ch_3SsUtnK3ZXYJSkRp1u8e2KHN,46.94,2.04,44.9,usd,2026-01-22 20:54:00,2026-01-27 00:00:00,,46.94,,,TGCFP-220126-RVSW6,,,,,-https://blyne.velorasignature.com/blyne-hardwood-floor-restorer-polish,"[{""name"":""Blyne Floor Restorer & Polish. - Premium (4.06 oz)/Buy 1, Get 1 FREE"",""quantity"":1,""unitAmount"":39.95}]",6.99,39.95,0,Lausan,STRIPE_RECEIPT_CUSTOMER,Vicbea,,ZENIROXPAY,
2026-01-22,txn_3SsVWPK3ZXYJSkRp054oU9Eb,charge,ch_3SsVWPK3ZXYJSkRp0OsWfT88,46.94,2.04,44.9,usd,2026-01-22 21:34:00,2026-01-27 00:00:00,,46.94,,,TGCFP-220126-NNMBY,,,,,-https://blyne.velorasignature.com/blyne-hardwood-floor-restorer-polish,"[{""name"":""Blyne Floor Restorer & Polish. - Premium (4.06 oz)/Buy 1, Get 1 FREE"",""quantity"":1,""unitAmount"":39.95}]",6.99,39.95,0,Lausan,STRIPE_RECEIPT_CUSTOMER,Vicbea,,ZENIROXPAY,
2026-01-22,txn_3SsWSYK3ZXYJSkRp1by1IdKS,charge,ch_3SsWSYK3ZXYJSkRp1gE0d044,46.94,2.04,44.9,usd,2026-01-22 22:34:00,2026-01-27 00:00:00,,46.94,,,TGCFP-220126-QJPQV,,,,,-https://blyne.velorasignature.com/blyne-hardwood-floor-restorer-polish,"[{""name"":""Blyne Floor Restorer & Polish. - Premium (4.06 oz)/Buy 1, Get 1 FREE"",""quantity"":1,""unitAmount"":39.95}]",6.99,39.95,0,Lausan,STRIPE_RECEIPT_CUSTOMER,Vicbea,,ZENIROXPAY,
2026-01-22,txn_1SsX9VK3ZXYJSkRp31thndUU,adjustment,du_1ShgvKK3ZXYJSkRpTasQGPB6,46.94,0,46.94,usd,2026-01-22 23:19:00,2026-01-22 23:19:00,,,,,,,,,,,,,,,,STRIPE_ADJUSTMENT,,,ZENIROXPAY,
2026-01-22,txn_3SsX9TK3ZXYJSkRp0WFfB9Sd,charge,ch_3SsX9TK3ZXYJSkRp0vGLW8fA,46.94,2.04,44.9,usd,2026-01-22 23:19:00,2026-01-27 00:00:00,,46.94,,,TGCFP-220126-0P1NB,,,,,-https://blyne.velorasignature.com/blyne-hardwood-floor-restorer-polish,"[{""name"":""Blyne Floor Restorer & Polish. - Premium (4.06 oz)/Buy 1, Get 1 FREE"",""quantity"":1,""unitAmount"":39.95}]",6.99,39.95,0,Lausan,STRIPE_RECEIPT_CUSTOMER,Vicbea,,ZENIROXPAY,
2026-01-22,txn_3SsXF7K3ZXYJSkRp0PnDPQW8,charge,ch_3SsXF7K3ZXYJSkRp0Ud3ysSk,46.94,2.04,44.9,usd,2026-01-22 23:24:00,2026-01-27 00:00:00,,46.94,,,TGCFP-220126-3LKA8,,,,,-https://blyne.velorasignature.com/blyne-hardwood-floor-restorer-polish,"[{""name"":""Blyne Floor Restorer & Polish. - Premium (4.06 oz)/Buy 1, Get 1 FREE"",""quantity"":1,""unitAmount"":39.95}]",6.99,39.95,0,Lausan,STRIPE_RECEIPT_CUSTOMER,Vicbea,,ZENIROXPAY,
2026-01-23,txn_3SsYdFK3ZXYJSkRp0lHjrVdF,charge,ch_3SsYdFK3ZXYJSkRp0q3rjNs9,60.94,2.55,58.39,usd,2026-01-23 00:53:00,2026-01-28 00:00:00,,60.94,,,TGCFP-220126-LHLP6,,,,,-https://blyne.velorasignature.com/blyne-hardwood-floor-restorer-polish,"[{""name"":""Blyne Floor Restorer & Polish. - Premium (4.06 oz)/Buy 2, Get 2 FREE (+ Bonus Mop Pad)"",""quantity"":1,""unitAmount"":53.95}]",6.99,53.95,0,Lausan,STRIPE_RECEIPT_CUSTOMER,Vicbea,,ZENIROXPAY,
2026-01-23,txn_3SsZB1K3ZXYJSkRp0CmsJlj0,charge,ch_3SsZB1K3ZXYJSkRp0Xj6tIjb,46.94,2.04,44.9,usd,2026-01-23 01:28:00,2026-01-28 00:00:00,,46.94,,,TGCFP-220126-9OXB0,,,,,-https://blyne.velorasignature.com/blyne-hardwood-floor-restorer-polish,"[{""name"":""Blyne Floor Restorer & Polish. - Premium (4.06 oz)/Buy 1, Get 1 FREE"",""quantity"":1,""unitAmount"":39.95}]",6.99,39.95,0,Lausan,STRIPE_RECEIPT_CUSTOMER,Vicbea,,ZENIROXPAY,
2026-01-23,txn_1SsaEuK3ZXYJSkRpLlCydB9v,payout,po_1SsaEuK3ZXYJSkRpI6jauDwm,-4000,0,-4000,usd,2026-01-23 02:36:00,2026-01-23 02:36:00,,,,,,,,,,,,,,,,STRIPE_PAYOUT,,Pingpong ZeniroxPay,ZENIROXPAY,
2026-01-23,txn_3SsdCVK3ZXYJSkRp0Fk2a0LU,charge,ch_3SsdCVK3ZXYJSkRp04WrB9EE,60.94,2.55,58.39,usd,2026-01-23 05:46:00,2026-01-28 00:00:00,,60.94,,,TGCFP-220126-PHW6D,,,,,-https://blyne.velorasignature.com/blyne-hardwood-floor-restorer-polish,"[{""name"":""Blyne Floor Restorer & Polish. - Premium (4.06 oz)/Buy 2, Get 2 FREE (+ Bonus Mop Pad)"",""quantity"":1,""unitAmount"":53.95}]",6.99,53.95,0,Lausan,STRIPE_RECEIPT_CUSTOMER,Vicbea,,ZENIROXPAY,
2026-01-23,txn_1SsjpWK3ZXYJSkRpZosYIrMH,stripe_fee,,10.96,0,10.96,usd,2026-01-23 12:51:00,2026-01-23 12:51:00,,,,,,,,,,,,,,,,STRIPE_FEE,,,ZENIROXPAY,
2026-01-23,txn_3SslKXK3ZXYJSkRp0CcH44y4,charge,ch_3SslKXK3ZXYJSkRp0Wjjb6P6,46.94,2.04,44.9,usd,2026-01-23 14:27:00,2026-01-28 00:00:00,,46.94,,,TGCFP-230126-756KU,,,,,-https://blyne.velorasignature.com/blyne-hardwood-floor-restorer-polish,"[{""name"":""Blyne Floor Restorer & Polish. - Premium (4.06 oz)/Buy 1, Get 1 FREE"",""quantity"":1,""unitAmount"":39.95}]",6.99,39.95,0,Lausan,STRIPE_RECEIPT_CUSTOMER,Vicbea,,ZENIROXPAY,
2026-01-23,txn_3SsmceK3ZXYJSkRp1WZotokY,charge,ch_3SsmceK3ZXYJSkRp1PokdygW,46.94,2.04,44.9,usd,2026-01-23 15:50:00,2026-01-28 00:00:00,,46.94,,,TGCFP-230126-MD6L8,,,,,-https://blyne.velorasignature.com/blyne-hardwood-floor-restorer-polish,"[{""name"":""Blyne Floor Restorer & Polish. - Premium (4.06 oz)/Buy 1, Get 1 FREE"",""quantity"":1,""unitAmount"":39.95}]",6.99,39.95,0,Lausan,STRIPE_RECEIPT_CUSTOMER,Vicbea,,ZENIROXPAY,
2026-01-23,txn_3Ssmv3K3ZXYJSkRp0bz2IQCm,charge,ch_3Ssmv3K3ZXYJSkRp0vVAFqtr,46.94,2.04,44.9,usd,2026-01-23 16:09:00,2026-01-28 00:00:00,,46.94,,,TGCFP-230126-M125U,,,,,-https://blyne.velorasignature.com/blyne-hardwood-floor-restorer-polish,"[{""name"":""Blyne Floor Restorer & Polish. - Premium (4.06 oz)/Buy 1, Get 1 FREE"",""quantity"":1,""unitAmount"":39.95}]",6.99,39.95,0,Lausan,STRIPE_RECEIPT_CUSTOMER,Vicbea,,ZENIROXPAY,
2026-01-23,txn_3Ssn2ZK3ZXYJSkRp1JySSKF5,charge,ch_3Ssn2ZK3ZXYJSkRp1XrRbLoP,46.94,2.04,44.9,usd,2026-01-23 16:16:00,2026-01-28 00:00:00,,46.94,,,TGCFP-230126-JS9AL,,,,,-https://blyne.velorasignature.com/blyne-hardwood-floor-restorer-polish,"[{""name"":""Blyne Floor Restorer & Polish. - Premium (4.06 oz)/Buy 1, Get 1 FREE"",""quantity"":1,""unitAmount"":39.95}]",6.99,39.95,0,Lausan,STRIPE_RECEIPT_CUSTOMER,Vicbea,,ZENIROXPAY,
2026-01-23,txn_3SsoUzK3ZXYJSkRp1gAhEMMg,charge,ch_3SsoUzK3ZXYJSkRp1aJPISHs,46.94,2.04,44.9,usd,2026-01-23 17:50:00,2026-01-28 00:00:00,,46.94,,,TGCFP-230126-YI2ZN,,,,,-https://blyne.velorasignature.com/blyne-hardwood-floor-restorer-polish,"[{""name"":""Blyne Floor Restorer & Polish. - Premium (4.06 oz)/Buy 1, Get 1 FREE"",""quantity"":1,""unitAmount"":39.95}]",6.99,39.95,0,Lausan,STRIPE_RECEIPT_CUSTOMER,Vicbea,,ZENIROXPAY,
2026-01-23,txn_3SsqmFK3ZXYJSkRp0uNi1C4S,charge,ch_3SsqmFK3ZXYJSkRp0IMdffwo,60.94,2.55,58.39,usd,2026-01-23 20:16:00,2026-01-28 00:00:00,,60.94,,,TGCFP-230126-G7P75,,,,,-https://blyne.velorasignature.com/blyne-hardwood-floor-restorer-polish,"[{""name"":""Blyne Floor Restorer & Polish. - Premium (4.06 oz)/Buy 2, Get 2 FREE (+ Bonus Mop Pad)"",""quantity"":1,""unitAmount"":53.95}]",6.99,53.95,0,Lausan,STRIPE_RECEIPT_CUSTOMER,Vicbea,,ZENIROXPAY,
2026-01-23,txn_3SsqtEK3ZXYJSkRp0oSTG9Dt,charge,ch_3SsqtEK3ZXYJSkRp0o0KYf9e,60.94,2.55,58.39,usd,2026-01-23 20:23:00,2026-01-28 00:00:00,,60.94,,,TGCFP-230126-XSMAY,,,,,-https://blyne.velorasignature.com/blyne-hardwood-floor-restorer-polish,"[{""name"":""Blyne Floor Restorer & Polish. - Premium (4.06 oz)/Buy 2, Get 2 FREE (+ Bonus Mop Pad)"",""quantity"":1,""unitAmount"":53.95}]",6.99,53.95,0,Lausan,STRIPE_RECEIPT_CUSTOMER,Vicbea,,ZENIROXPAY,
2026-01-23,txn_3Sst6RK3ZXYJSkRp1z83Cf3H,charge,ch_3Sst6RK3ZXYJSkRp1x6cRCRO,46.94,2.04,44.9,usd,2026-01-23 22:45:00,2026-01-28 00:00:00,,46.94,,,TGCFP-230126-IA935,,,,,-https://blyne.velorasignature.com/blyne-hardwood-floor-restorer-polish,"[{""name"":""Blyne Floor Restorer & Polish. - Premium (4.06 oz)/Buy 1, Get 1 FREE"",""quantity"":1,""unitAmount"":39.95}]",6.99,39.95,0,Lausan,STRIPE_RECEIPT_CUSTOMER,Vicbea,,ZENIROXPAY,
2026-01-23,txn_3Ssu0bK3ZXYJSkRp0PyIaza0,charge,ch_3Ssu0bK3ZXYJSkRp0rWD2NZm,114.89,4.55,110.34,usd,2026-01-23 23:43:00,2026-01-28 00:00:00,,114.89,,,TGCFP-230126-NRNGV,,,,,-https://blyne.velorasignature.com/blyne-hardwood-floor-restorer-polish,"[{""name"":""Blyne Floor Restorer & Polish. - Premium (4.06 oz)/Buy 2, Get 2 FREE (+ Bonus Mop Pad)"",""quantity"":2,""unitAmount"":53.95}]",6.99,107.9,0,Lausan,STRIPE_RECEIPT_CUSTOMER,Vicbea,,ZENIROXPAY,
2026-01-24,txn_3SsufsK3ZXYJSkRp0CDt6Epg,charge,ch_3SsufsK3ZXYJSkRp0fkfMlpu,46.94,2.04,44.9,usd,2026-01-24 00:26:00,2026-01-29 00:00:00,,46.94,,,TGCFP-230126-Q1FGJ,,,,,-https://blyne.velorasignature.com/blyne-hardwood-floor-restorer-polish,"[{""name"":""Blyne Floor Restorer & Polish. - Premium (4.06 oz)/Buy 1, Get 1 FREE"",""quantity"":1,""unitAmount"":39.95}]",6.99,39.95,0,Lausan,STRIPE_RECEIPT_CUSTOMER,Vicbea,,ZENIROXPAY,
2026-01-24,txn_3St6u6K3ZXYJSkRp1KKyRiLT,charge,ch_3St6u6K3ZXYJSkRp1sbZGV6F,60.94,2.55,58.39,usd,2026-01-24 13:29:00,2026-01-29 00:00:00,,60.94,,,TGCFP-240126-SJ8WL,,,,,-https://blyne.velorasignature.com/blyne-hardwood-floor-restorer-polish,"[{""name"":""Blyne Floor Restorer & Polish. - Premium (4.06 oz)/Buy 2, Get 2 FREE (+ Bonus Mop Pad)"",""quantity"":1,""unitAmount"":53.95}]",6.99,53.95,0,Lausan,STRIPE_RECEIPT_CUSTOMER,Vicbea,,ZENIROXPAY,
2026-01-24,txn_3St7hOK3ZXYJSkRp19VmrdXg,charge,ch_3St7hOK3ZXYJSkRp1romyM3Z,60.94,2.55,58.39,usd,2026-01-24 14:20:00,2026-01-29 00:00:00,,60.94,,,TGCFP-240126-LMOW6,,,,,-https://blyne.velorasignature.com/blyne-hardwood-floor-restorer-polish,"[{""name"":""Blyne Floor Restorer & Polish. - Premium (4.06 oz)/Buy 2, Get 2 FREE (+ Bonus Mop Pad)"",""quantity"":1,""unitAmount"":53.95}]",6.99,53.95,0,Lausan,STRIPE_RECEIPT_CUSTOMER,Vicbea,,ZENIROXPAY,
2026-01-24,txn_3St8kiK3ZXYJSkRp1hBN8Kqe,charge,ch_3St8kiK3ZXYJSkRp1utwTCmD,46.94,2.04,44.9,usd,2026-01-24 15:27:00,2026-01-29 00:00:00,,46.94,,,TGCFP-240126-TT0G3,,,,,-https://blyne.velorasignature.com/blyne-hardwood-floor-restorer-polish,"[{""name"":""Blyne Floor Restorer & Polish. - Premium (4.06 oz)/Buy 1, Get 1 FREE"",""quantity"":1,""unitAmount"":39.95}]",6.99,39.95,0,Lausan,STRIPE_RECEIPT_CUSTOMER,Vicbea,,ZENIROXPAY,
2026-01-24,txn_3St8l1K3ZXYJSkRp0suzDLgw,charge,ch_3St8l1K3ZXYJSkRp0C9Gsk4p,46.94,2.04,44.9,usd,2026-01-24 15:28:00,2026-01-29 00:00:00,,46.94,,,TGCFP-240126-PQZVL,,,,,-https://blyne.velorasignature.com/blyne-hardwood-floor-restorer-polish,"[{""name"":""Blyne Floor Restorer & Polish. - Premium (4.06 oz)/Buy 1, Get 1 FREE"",""quantity"":1,""unitAmount"":39.95}]",6.99,39.95,0,Lausan,STRIPE_RECEIPT_CUSTOMER,Vicbea,,ZENIROXPAY,
2026-01-24,txn_3StA2WK3ZXYJSkRp06pZQzQ5,charge,ch_3StA2WK3ZXYJSkRp0sLh4sZE,46.94,2.04,44.9,usd,2026-01-24 16:50:00,2026-01-29 00:00:00,,46.94,,,TGCFP-240126-886NK,,,,,-https://blyne.velorasignature.com/blyne-hardwood-floor-restorer-polish,"[{""name"":""Blyne Floor Restorer & Polish. - Premium (4.06 oz)/Buy 1, Get 1 FREE"",""quantity"":1,""unitAmount"":39.95}]",6.99,39.95,0,Lausan,STRIPE_RECEIPT_CUSTOMER,Vicbea,,ZENIROXPAY,
2026-01-24,txn_3StBHsK3ZXYJSkRp1wP0CDiL,charge,ch_3StBHsK3ZXYJSkRp1mBfiDUX,46.94,2.04,44.9,usd,2026-01-24 18:11:00,2026-01-29 00:00:00,,46.94,,,TGCFP-240126-KA0FC,,,,,-https://blyne.velorasignature.com/blyne-hardwood-floor-restorer-polish,"[{""name"":""Blyne Floor Restorer & Polish. - Premium (4.06 oz)/Buy 1, Get 1 FREE"",""quantity"":1,""unitAmount"":39.95}]",6.99,39.95,0,Lausan,STRIPE_RECEIPT_CUSTOMER,Vicbea,,ZENIROXPAY,
2026-01-24,txn_3StBLIK3ZXYJSkRp0CkpVa9u,charge,ch_3StBLIK3ZXYJSkRp00uFPFGh,60.94,2.55,58.39,usd,2026-01-24 18:13:00,2026-01-29 00:00:00,,60.94,,,TGCFP-240126-GQSBT,,,,,-https://blyne.velorasignature.com/blyne-hardwood-floor-restorer-polish,"[{""name"":""Blyne Floor Restorer & Polish. - Premium (4.06 oz)/Buy 2, Get 2 FREE (+ Bonus Mop Pad)"",""quantity"":1,""unitAmount"":53.95}]",6.99,53.95,0,Lausan,STRIPE_RECEIPT_CUSTOMER,Vicbea,,ZENIROXPAY,
2026-01-24,txn_3StBS7K3ZXYJSkRp1lzOfw1Z,charge,ch_3StBS7K3ZXYJSkRp1cqM9RG8,60.94,2.55,58.39,usd,2026-01-24 18:20:00,2026-01-29 00:00:00,,60.94,,,TGCFP-240126-G0PTE,,,,,-https://blyne.velorasignature.com/blyne-hardwood-floor-restorer-polish,"[{""name"":""Blyne Floor Restorer & Polish. - Premium (4.06 oz)/Buy 2, Get 2 FREE (+ Bonus Mop Pad)"",""quantity"":1,""unitAmount"":53.95}]",6.99,53.95,0,Lausan,STRIPE_RECEIPT_CUSTOMER,Vicbea,,ZENIROXPAY,
2026-01-24,txn_3StFVTK3ZXYJSkRp00lc8oDz,charge,ch_3StFVTK3ZXYJSkRp0QrwPFGk,46.94,2.04,44.9,usd,2026-01-24 22:40:00,2026-01-29 00:00:00,,46.94,,,TGCFP-240126-MFACT,,,,,-https://blyne.velorasignature.com/blyne-hardwood-floor-restorer-polish,"[{""name"":""Blyne Floor Restorer & Polish. - Premium (4.06 oz)/Buy 1, Get 1 FREE"",""quantity"":1,""unitAmount"":39.95}]",6.99,39.95,0,Lausan,STRIPE_RECEIPT_CUSTOMER,Vicbea,,ZENIROXPAY,
2026-01-24,txn_3StGWbK3ZXYJSkRp1ZC3F7hi,charge,ch_3StGWbK3ZXYJSkRp17y6M81N,46.94,2.04,44.9,usd,2026-01-24 23:45:00,2026-01-29 00:00:00,,46.94,,,TGCFP-240126-2Y68N,,,,,-https://blyne.velorasignature.com/blyne-hardwood-floor-restorer-polish,"[{""name"":""Blyne Floor Restorer & Polish. - Premium (4.06 oz)/Buy 1, Get 1 FREE"",""quantity"":1,""unitAmount"":39.95}]",6.99,39.95,0,Lausan,STRIPE_RECEIPT_CUSTOMER,Vicbea,,ZENIROXPAY,
2026-01-25,txn_3StHIcK3ZXYJSkRp0FDRtG8l,charge,ch_3StHIcK3ZXYJSkRp09Pa7Y65,46.94,2.04,44.9,usd,2026-01-25 00:35:00,2026-01-29 00:00:00,,46.94,,,TGCFP-240126-G0FZJ,,,,,-https://blyne.velorasignature.com/blyne-hardwood-floor-restorer-polish,"[{""name"":""Blyne Floor Restorer & Polish. - Premium (4.06 oz)/Buy 1, Get 1 FREE"",""quantity"":1,""unitAmount"":39.95}]",6.99,39.95,0,Lausan,STRIPE_RECEIPT_CUSTOMER,Vicbea,,ZENIROXPAY,
2026-01-25,txn_3StOQnK3ZXYJSkRp1l8Bbh8B,charge,ch_3StOQnK3ZXYJSkRp1TD98EN0,46.94,2.04,44.9,usd,2026-01-25 08:12:00,2026-01-29 00:00:00,,46.94,,,TGCFP-250126-W9XCM,,,,,-https://blyne.velorasignature.com/blyne-hardwood-floor-restorer-polish,"[{""name"":""Blyne Floor Restorer & Polish. - Premium (4.06 oz)/Buy 1, Get 1 FREE"",""quantity"":1,""unitAmount"":39.95}]",6.99,39.95,0,Lausan,STRIPE_RECEIPT_CUSTOMER,Vicbea,,ZENIROXPAY,
2026-01-25,txn_3StS7FK3ZXYJSkRp0tLcjkyJ,charge,ch_3StS7FK3ZXYJSkRp0W1jMRQJ,60.94,2.55,58.39,usd,2026-01-25 12:08:00,2026-01-29 00:00:00,,60.94,,,TGCFP-250126-PXW5N,,,,,-https://blyne.velorasignature.com/blyne-hardwood-floor-restorer-polish,"[{""name"":""Blyne Floor Restorer & Polish. - Premium (4.06 oz)/Buy 2, Get 2 FREE (+ Bonus Mop Pad)"",""quantity"":1,""unitAmount"":53.95}]",6.99,53.95,0,Lausan,STRIPE_RECEIPT_CUSTOMER,Vicbea,,ZENIROXPAY,
2026-01-25,txn_3StT9HK3ZXYJSkRp08DNg6DY,charge,ch_3StT9HK3ZXYJSkRp0QGMv945,60.94,2.55,58.39,usd,2026-01-25 13:14:00,2026-01-29 00:00:00,,60.94,,,TGCFP-250126-IM820,,,,,-https://blyne.velorasignature.com/blyne-hardwood-floor-restorer-polish,"[{""name"":""Blyne Floor Restorer & Polish. - Premium (4.06 oz)/Buy 2, Get 2 FREE (+ Bonus Mop Pad)"",""quantity"":1,""unitAmount"":53.95}]",6.99,53.95,0,Lausan,STRIPE_RECEIPT_CUSTOMER,Vicbea,,ZENIROXPAY,
2026-01-25,txn_3StUqrK3ZXYJSkRp1UEdCXkn,charge,ch_3StUqrK3ZXYJSkRp1aQK7b7A,86.89,3.51,83.38,usd,2026-01-25 15:03:00,2026-01-29 00:00:00,,86.89,,,TGCFP-250126-DLSR5,,,,,-https://blyne.velorasignature.com/blyne-hardwood-floor-restorer-polish,"[{""name"":""Blyne Floor Restorer & Polish. - Premium (4.06 oz)/Buy 1, Get 1 FREE"",""quantity"":2,""unitAmount"":39.95}]",6.99,79.9,0,Lausan,STRIPE_RECEIPT_CUSTOMER,Vicbea,,ZENIROXPAY,
2026-01-25,txn_3StUuPK3ZXYJSkRp0YH2Wkwx,charge,ch_3StUuPK3ZXYJSkRp0QWSs9Dg,46.94,2.04,44.9,usd,2026-01-25 15:07:00,2026-01-29 00:00:00,,46.94,,,TGCFP-250126-7DIB1,,,,,-https://blyne.velorasignature.com/blyne-hardwood-floor-restorer-polish,"[{""name"":""Blyne Floor Restorer & Polish. - Premium (4.06 oz)/Buy 1, Get 1 FREE"",""quantity"":1,""unitAmount"":39.95}]",6.99,39.95,0,Lausan,STRIPE_RECEIPT_CUSTOMER,Vicbea,,ZENIROXPAY,
2026-01-25,txn_3StW5KK3ZXYJSkRp1oCNfTLv,charge,ch_3StW5KK3ZXYJSkRp11J6rpL9,60.94,2.55,58.39,usd,2026-01-25 16:22:00,2026-01-29 00:00:00,,60.94,,,TGCFP-250126-I95LT,,,,,-https://blyne.velorasignature.com/blyne-hardwood-floor-restorer-polish,"[{""name"":""Blyne Floor Restorer & Polish. - Premium (4.06 oz)/Buy 2, Get 2 FREE (+ Bonus Mop Pad)"",""quantity"":1,""unitAmount"":53.95}]",6.99,53.95,0,Lausan,STRIPE_RECEIPT_CUSTOMER,Vicbea,,ZENIROXPAY,
2026-01-25,txn_3StWHgK3ZXYJSkRp0ct6S3Iw,charge,ch_3StWHgK3ZXYJSkRp0NqXqHZD,46.94,2.04,44.9,usd,2026-01-25 16:35:00,2026-01-29 00:00:00,,46.94,,,TGCFP-250126-HU3T6,,,,,-https://blyne.velorasignature.com/blyne-hardwood-floor-restorer-polish,"[{""name"":""Blyne Floor Restorer & Polish. - Premium (4.06 oz)/Buy 1, Get 1 FREE"",""quantity"":1,""unitAmount"":39.95}]",6.99,39.95,0,Lausan,STRIPE_RECEIPT_CUSTOMER,Vicbea,,ZENIROXPAY,
2026-01-25,txn_3StY4tK3ZXYJSkRp1sEbmEQe,charge,ch_3StY4tK3ZXYJSkRp1zaIY7Rs,60.94,2.55,58.39,usd,2026-01-25 18:30:00,2026-01-29 00:00:00,,60.94,,,TGCFP-250126-C5YCQ,,,,,-https://blyne.velorasignature.com/blyne-hardwood-floor-restorer-polish,"[{""name"":""Blyne Floor Restorer & Polish. - Premium (4.06 oz)/Buy 2, Get 2 FREE (+ Bonus Mop Pad)"",""quantity"":1,""unitAmount"":53.95}]",6.99,53.95,0,Lausan,STRIPE_RECEIPT_CUSTOMER,Vicbea,,ZENIROXPAY,
2026-01-25,txn_3StYPRK3ZXYJSkRp18oKqaCe,charge,ch_3StYPRK3ZXYJSkRp1kYwcCRh,46.94,2.04,44.9,usd,2026-01-25 18:51:00,2026-01-29 00:00:00,,46.94,,,TGCFP-250126-JPSQU,,,,,-https://blyne.velorasignature.com/blyne-hardwood-floor-restorer-polish,"[{""name"":""Blyne Floor Restorer & Polish. - Premium (4.06 oz)/Buy 1, Get 1 FREE"",""quantity"":1,""unitAmount"":39.95}]",6.99,39.95,0,Lausan,STRIPE_RECEIPT_CUSTOMER,Vicbea,,ZENIROXPAY,
2026-01-25,txn_3StYX8K3ZXYJSkRp0CCcMDph,charge,ch_3StYX8K3ZXYJSkRp0QWYvrsb,46.94,2.04,44.9,usd,2026-01-25 18:59:00,2026-01-29 00:00:00,,46.94,,,TGCFP-250126-VLSAD,,,,,-https://blyne.velorasignature.com/blyne-hardwood-floor-restorer-polish,"[{""name"":""Blyne Floor Restorer & Polish. - Premium (4.06 oz)/Buy 1, Get 1 FREE"",""quantity"":1,""unitAmount"":39.95}]",6.99,39.95,0,Lausan,STRIPE_RECEIPT_CUSTOMER,Vicbea,,ZENIROXPAY,
2026-01-25,txn_3StZLKK3ZXYJSkRp1x3swfOe,charge,ch_3StZLKK3ZXYJSkRp17fzZv6X,46.94,2.04,44.9,usd,2026-01-25 19:51:00,2026-01-29 00:00:00,,46.94,,,TGCFP-250126-DVHVR,,,,,-https://blyne.velorasignature.com/blyne-hardwood-floor-restorer-polish,"[{""name"":""Blyne Floor Restorer & Polish. - Premium (4.06 oz)/Buy 1, Get 1 FREE"",""quantity"":1,""unitAmount"":39.95}]",6.99,39.95,0,Lausan,STRIPE_RECEIPT_CUSTOMER,Vicbea,,ZENIROXPAY,
2026-01-25,txn_3StaINK3ZXYJSkRp0pQMv7kC,charge,ch_3StaINK3ZXYJSkRp0tDr4lO6,60.94,2.55,58.39,usd,2026-01-25 20:52:00,2026-01-29 00:00:00,,60.94,,,TGCFP-250126-AOOJO,,,,,-https://blyne.velorasignature.com/blyne-hardwood-floor-restorer-polish,"[{""name"":""Blyne Floor Restorer & Polish. - Premium (4.06 oz)/Buy 2, Get 2 FREE (+ Bonus Mop Pad)"",""quantity"":1,""unitAmount"":53.95}]",6.99,53.95,0,Lausan,STRIPE_RECEIPT_CUSTOMER,Vicbea,,ZENIROXPAY,
2026-01-25,txn_3StaWDK3ZXYJSkRp1AoCEo1c,charge,ch_3StaWDK3ZXYJSkRp1GrRkBXQ,46.94,2.04,44.9,usd,2026-01-25 21:06:00,2026-01-29 00:00:00,,46.94,,,TGCFP-250126-56MD9,,,,,-https://blyne.velorasignature.com/blyne-hardwood-floor-restorer-polish,"[{""name"":""Blyne Floor Restorer & Polish. - Premium (4.06 oz)/Buy 1, Get 1 FREE"",""quantity"":1,""unitAmount"":39.95}]",6.99,39.95,0,Lausan,STRIPE_RECEIPT_CUSTOMER,Vicbea,,ZENIROXPAY,
2026-01-25,txn_3StanWK3ZXYJSkRp0mEX3bRq,charge,ch_3StanWK3ZXYJSkRp0L0oQa70,60.94,2.55,58.39,usd,2026-01-25 21:24:00,2026-01-29 00:00:00,,60.94,,,TGCFP-250126-E97N8,,,,,-https://blyne.velorasignature.com/blyne-hardwood-floor-restorer-polish,"[{""name"":""Blyne Floor Restorer & Polish. - Premium (4.06 oz)/Buy 2, Get 2 FREE (+ Bonus Mop Pad)"",""quantity"":1,""unitAmount"":53.95}]",6.99,53.95,0,Lausan,STRIPE_RECEIPT_CUSTOMER,Vicbea,,ZENIROXPAY,
2026-01-25,txn_3Stb1AK3ZXYJSkRp1WsOZjcJ,charge,ch_3Stb1AK3ZXYJSkRp106VdCiS,46.94,2.04,44.9,usd,2026-01-25 21:38:00,2026-01-29 00:00:00,,46.94,,,TGCFP-250126-Q6BVK,,,,,-https://blyne.velorasignature.com/blyne-hardwood-floor-restorer-polish,"[{""name"":""Blyne Floor Restorer & Polish. - Premium (4.06 oz)/Buy 1, Get 1 FREE"",""quantity"":1,""unitAmount"":39.95}]",6.99,39.95,0,Lausan,STRIPE_RECEIPT_CUSTOMER,Vicbea,,ZENIROXPAY,
2026-01-25,txn_3StbGVK3ZXYJSkRp11bGEc4b,charge,ch_3StbGVK3ZXYJSkRp1xvWurpB,60.94,2.55,58.39,usd,2026-01-25 21:54:00,2026-01-29 00:00:00,,60.94,,,TGCFP-250126-31WDP,,,,,-https://blyne.velorasignature.com/blyne-hardwood-floor-restorer-polish,"[{""name"":""Blyne Floor Restorer & Polish. - Premium (4.06 oz)/Buy 2, Get 2 FREE (+ Bonus Mop Pad)"",""quantity"":1,""unitAmount"":53.95}]",6.99,53.95,0,Lausan,STRIPE_RECEIPT_CUSTOMER,Vicbea,,ZENIROXPAY,
2026-01-25,txn_3Stbp2K3ZXYJSkRp1AlV9rgM,charge,ch_3Stbp2K3ZXYJSkRp1QkwHFDK,46.94,2.04,44.9,usd,2026-01-25 22:30:00,2026-01-29 00:00:00,,46.94,,,TGCFP-250126-KIH06,,,,,-https://blyne.velorasignature.com/blyne-hardwood-floor-restorer-polish,"[{""name"":""Blyne Floor Restorer & Polish. - Premium (4.06 oz)/Buy 1, Get 1 FREE"",""quantity"":1,""unitAmount"":39.95}]",6.99,39.95,0,Lausan,STRIPE_RECEIPT_CUSTOMER,Vicbea,,ZENIROXPAY,
2026-01-25,txn_3StcglK3ZXYJSkRp0EAsVBji,charge,ch_3StcglK3ZXYJSkRp0m1klyPM,46.94,2.04,44.9,usd,2026-01-25 23:25:00,2026-01-29 00:00:00,,46.94,,,TGCFP-250126-O76UG,,,,,-https://blyne.velorasignature.com/blyne-hardwood-floor-restorer-polish,"[{""name"":""Blyne Floor Restorer & Polish. - Premium (4.06 oz)/Buy 1, Get 1 FREE"",""quantity"":1,""unitAmount"":39.95}]",6.99,39.95,0,Lausan,STRIPE_RECEIPT_CUSTOMER,Vicbea,,ZENIROXPAY,
2026-01-26,txn_3StoeDK3ZXYJSkRp147YSGmr,charge,ch_3StoeDK3ZXYJSkRp1AbGWOc9,46.94,2.04,44.9,usd,2026-01-26 12:12:00,2026-01-29 00:00:00,,46.94,,,TGCFP-260126-37NNC,,,,,-https://blyne.velorasignature.com/blyne-hardwood-floor-restorer-polish,"[{""name"":""Blyne Floor Restorer & Polish. - Premium (4.06 oz)/Buy 1, Get 1 FREE"",""quantity"":1,""unitAmount"":39.95}]",6.99,39.95,0,Lausan,STRIPE_RECEIPT_CUSTOMER,Vicbea,,ZENIROXPAY,
2026-01-26,txn_3Stp77K3ZXYJSkRp0sG48eQS,charge,ch_3Stp77K3ZXYJSkRp0wDasayW,46.94,2.04,44.9,usd,2026-01-26 12:41:00,2026-01-29 00:00:00,,46.94,,,TGCFP-260126-457V0,,,,,-https://blyne.velorasignature.com/blyne-hardwood-floor-restorer-polish,"[{""name"":""Blyne Floor Restorer & Polish. - Premium (4.06 oz)/Buy 1, Get 1 FREE"",""quantity"":1,""unitAmount"":39.95}]",6.99,39.95,0,Lausan,STRIPE_RECEIPT_CUSTOMER,Vicbea,,ZENIROXPAY,
2026-01-26,txn_3StpTOK3ZXYJSkRp1SYRqY3g,charge,ch_3StpTOK3ZXYJSkRp1PLCaL5d,46.94,2.04,44.9,usd,2026-01-26 13:04:00,2026-01-29 00:00:00,,46.94,,,TGCFP-260126-NI7UT,,,,,-https://blyne.velorasignature.com/blyne-hardwood-floor-restorer-polish,"[{""name"":""Blyne Floor Restorer & Polish. - Premium (4.06 oz)/Buy 1, Get 1 FREE"",""quantity"":1,""unitAmount"":39.95}]",6.99,39.95,0,Lausan,STRIPE_RECEIPT_CUSTOMER,Vicbea,,ZENIROXPAY,
2026-01-26,txn_3Stq9yK3ZXYJSkRp14aOD4rW,charge,ch_3Stq9yK3ZXYJSkRp1I1M4PWq,86.89,3.51,83.38,usd,2026-01-26 13:48:00,2026-01-29 00:00:00,,86.89,,,TGCFP-260126-P1TNZ,,,,,-https://blyne.velorasignature.com/blyne-hardwood-floor-restorer-polish,"[{""name"":""Blyne Floor Restorer & Polish. - Premium (4.06 oz)/Buy 1, Get 1 FREE"",""quantity"":2,""unitAmount"":39.95}]",6.99,79.9,0,Lausan,STRIPE_RECEIPT_CUSTOMER,Vicbea,,ZENIROXPAY,
2026-01-26,txn_3StrMVK3ZXYJSkRp0TLO0Z13,charge,ch_3StrMVK3ZXYJSkRp08XVHeiZ,46.94,2.04,44.9,usd,2026-01-26 15:05:00,2026-01-29 00:00:00,,46.94,,,TGCFP-260126-8SJHU,,,,,-https://blyne.velorasignature.com/blyne-hardwood-floor-restorer-polish,"[{""name"":""Blyne Floor Restorer & Polish. - Premium (4.06 oz)/Buy 1, Get 1 FREE"",""quantity"":1,""unitAmount"":39.95}]",6.99,39.95,0,Lausan,STRIPE_RECEIPT_CUSTOMER,Vicbea,,ZENIROXPAY,
2026-01-26,txn_3StrkhK3ZXYJSkRp0VSTYPvr,charge,ch_3StrkhK3ZXYJSkRp0tL8XdcD,114.89,4.55,110.34,usd,2026-01-26 15:30:00,2026-01-29 00:00:00,,114.89,,,TGCFP-260126-A88C5,,,,,-https://blyne.velorasignature.com/blyne-hardwood-floor-restorer-polish,"[{""name"":""Blyne Floor Restorer & Polish. - Premium (4.06 oz)/Buy 2, Get 2 FREE (+ Bonus Mop Pad)"",""quantity"":2,""unitAmount"":53.95}]",6.99,107.9,0,Lausan,STRIPE_RECEIPT_CUSTOMER,Vicbea,,ZENIROXPAY,
2026-01-26,txn_3StsNkK3ZXYJSkRp1Yc2vjMo,charge,ch_3StsNkK3ZXYJSkRp1eyg9B2c,46.94,2.04,44.9,usd,2026-01-26 16:11:00,2026-01-29 00:00:00,,46.94,,,TGCFP-260126-YLHCT,,,,,-https://blyne.velorasignature.com/blyne-hardwood-floor-restorer-polish,"[{""name"":""Blyne Floor Restorer & Polish. - Premium (4.06 oz)/Buy 1, Get 1 FREE"",""quantity"":1,""unitAmount"":39.95}]",6.99,39.95,0,Lausan,STRIPE_RECEIPT_CUSTOMER,Vicbea,,ZENIROXPAY,
2026-01-26,txn_3StsX4K3ZXYJSkRp0mGQRpVl,charge,ch_3StsX4K3ZXYJSkRp0eY7Z3nB,46.94,2.04,44.9,usd,2026-01-26 16:20:00,2026-01-29 00:00:00,,46.94,,,TGCFP-260126-IFQM5,,,,,-https://blyne.velorasignature.com/blyne-hardwood-floor-restorer-polish,"[{""name"":""Blyne Floor Restorer & Polish. - Premium (4.06 oz)/Buy 1, Get 1 FREE"",""quantity"":1,""unitAmount"":39.95}]",6.99,39.95,0,Lausan,STRIPE_RECEIPT_CUSTOMER,Vicbea,,ZENIROXPAY,
2026-01-26,txn_3SttlPK3ZXYJSkRp1oWl7X1r,charge,ch_3SttlPK3ZXYJSkRp18E3XK3G,46.94,2.04,44.9,usd,2026-01-26 17:39:00,2026-01-29 00:00:00,,46.94,,,TGCFP-260126-5LF9P,,,,,-https://blyne.velorasignature.com/blyne-hardwood-floor-restorer-polish,"[{""name"":""Blyne Floor Restorer & Polish. - Premium (4.06 oz)/Buy 1, Get 1 FREE"",""quantity"":1,""unitAmount"":39.95}]",6.99,39.95,0,Lausan,STRIPE_RECEIPT_CUSTOMER,Vicbea,,ZENIROXPAY,
2026-01-26,txn_3StttLK3ZXYJSkRp1Ok02I4h,charge,ch_3StttLK3ZXYJSkRp1i9LAjAQ,60.94,2.55,58.39,usd,2026-01-26 17:48:00,2026-01-29 00:00:00,,60.94,,,TGCFP-260126-7Q6V1,,,,,-https://blyne.velorasignature.com/blyne-hardwood-floor-restorer-polish,"[{""name"":""Blyne Floor Restorer & Polish. - Premium (4.06 oz)/Buy 2, Get 2 FREE (+ Bonus Mop Pad)"",""quantity"":1,""unitAmount"":53.95}]",6.99,53.95,0,Lausan,STRIPE_RECEIPT_CUSTOMER,Vicbea,,ZENIROXPAY,
2026-01-26,txn_3StuJfK3ZXYJSkRp1sPY9Zf4,charge,ch_3StuJfK3ZXYJSkRp1iY3zcjf,46.94,2.04,44.9,usd,2026-01-26 18:15:00,2026-01-29 00:00:00,,46.94,,,TGCFP-260126-7DZ0Y,,,,,-https://blyne.velorasignature.com/blyne-hardwood-floor-restorer-polish,"[{""name"":""Blyne Floor Restorer & Polish. - Premium (4.06 oz)/Buy 1, Get 1 FREE"",""quantity"":1,""unitAmount"":39.95}]",6.99,39.95,0,Lausan,STRIPE_RECEIPT_CUSTOMER,Vicbea,,ZENIROXPAY,
2026-01-26,txn_3StuXgK3ZXYJSkRp0Xegnr94,charge,ch_3StuXgK3ZXYJSkRp0yef44kk,46.94,2.04,44.9,usd,2026-01-26 18:29:00,2026-01-29 00:00:00,,46.94,,,TGCFP-260126-V366J,,,,,-https://blyne.velorasignature.com/blyne-hardwood-floor-restorer-polish,"[{""name"":""Blyne Floor Restorer & Polish. - Premium (4.06 oz)/Buy 1, Get 1 FREE"",""quantity"":1,""unitAmount"":39.95}]",6.99,39.95,0,Lausan,STRIPE_RECEIPT_CUSTOMER,Vicbea,,ZENIROXPAY,
2026-01-26,txn_3Stv2jK3ZXYJSkRp1MJh3qez,charge,ch_3Stv2jK3ZXYJSkRp12zCGMzo,60.94,2.55,58.39,usd,2026-01-26 19:01:00,2026-01-29 00:00:00,,60.94,,,TGCFP-260126-91QD7,,,,,-https://blyne.velorasignature.com/blyne-hardwood-floor-restorer-polish,"[{""name"":""Blyne Floor Restorer & Polish. - Premium (4.06 oz)/Buy 2, Get 2 FREE (+ Bonus Mop Pad)"",""quantity"":1,""unitAmount"":53.95}]",6.99,53.95,0,Lausan,STRIPE_RECEIPT_CUSTOMER,Vicbea,,ZENIROXPAY,
2026-01-26,txn_3StvAtK3ZXYJSkRp0UPiRoU3,charge,ch_3StvAtK3ZXYJSkRp001dVldx,46.94,2.04,44.9,usd,2026-01-26 19:10:00,2026-01-29 00:00:00,,46.94,,,TGCFP-260126-WH53G,,,,,-https://blyne.velorasignature.com/blyne-hardwood-floor-restorer-polish,"[{""name"":""Blyne Floor Restorer & Polish. - Premium (4.06 oz)/Buy 1, Get 1 FREE"",""quantity"":1,""unitAmount"":39.95}]",6.99,39.95,0,Lausan,STRIPE_RECEIPT_CUSTOMER,Vicbea,,ZENIROXPAY,
2026-01-26,txn_3StvL0K3ZXYJSkRp0MgkfbCH,charge,ch_3StvL0K3ZXYJSkRp0qX56V0L,100.89,4.03,96.86,usd,2026-01-26 19:20:00,2026-01-29 00:00:00,,100.89,,,TGCFP-260126-JHT5A,,,,,-https://blyne.velorasignature.com/blyne-hardwood-floor-restorer-polish,"[{""name"":""Blyne Floor Restorer & Polish. - Premium (4.06 oz)/Buy 2, Get 2 FREE (+ Bonus Mop Pad)"",""quantity"":1,""unitAmount"":53.95},{""name"":""Blyne Floor Restorer & Polish. - Premium (4.06 oz)/Buy 1, Get 1 FREE"",""quantity"":1,""unitAmount"":39.95}]",6.99,93.9,0,Lausan,STRIPE_RECEIPT_CUSTOMER,Vicbea,,ZENIROXPAY,
2026-01-26,txn_3Stw7RK3ZXYJSkRp1GFFr7W3,charge,ch_3Stw7RK3ZXYJSkRp1uruiLYV,60.94,2.55,58.39,usd,2026-01-26 20:10:00,2026-01-29 00:00:00,,60.94,,,TGCFP-260126-NJ2I1,,,,,-https://blyne.velorasignature.com/blyne-hardwood-floor-restorer-polish,"[{""name"":""Blyne Floor Restorer & Polish. - Premium (4.06 oz)/Buy 2, Get 2 FREE (+ Bonus Mop Pad)"",""quantity"":1,""unitAmount"":53.95}]",6.99,53.95,0,Lausan,STRIPE_RECEIPT_CUSTOMER,Vicbea,,ZENIROXPAY,
2026-01-26,txn_3StxUIK3ZXYJSkRp1xzp3E9l,charge,ch_3StxUIK3ZXYJSkRp1XZLNeKq,60.94,2.55,58.39,usd,2026-01-26 21:38:00,2026-01-29 00:00:00,,60.94,,,TGCFP-260126-T85N3,,,,,-https://blyne.velorasignature.com/blyne-hardwood-floor-restorer-polish,"[{""name"":""Blyne Floor Restorer & Polish. - Premium (4.06 oz)/Buy 2, Get 2 FREE (+ Bonus Mop Pad)"",""quantity"":1,""unitAmount"":53.95}]",6.99,53.95,0,Lausan,STRIPE_RECEIPT_CUSTOMER,Vicbea,,ZENIROXPAY,
2026-01-27,txn_3Su0GlK3ZXYJSkRp1d0BY1HM,charge,ch_3Su0GlK3ZXYJSkRp1CBLBKij,46.94,2.04,44.9,usd,2026-01-27 00:36:00,2026-01-30 00:00:00,,46.94,,,TGCFP-260126-MQYHG,,,,,-https://blyne.velorasignature.com/blyne-hardwood-floor-restorer-polish,"[{""name"":""Blyne Floor Restorer & Polish. - Premium (4.06 oz)/Buy 1, Get 1 FREE"",""quantity"":1,""unitAmount"":39.95}]",6.99,39.95,0,Lausan,STRIPE_RECEIPT_CUSTOMER,Vicbea,,ZENIROXPAY,
2026-01-27,txn_3Su0hyK3ZXYJSkRp1v7h9dkL,charge,ch_3Su0hyK3ZXYJSkRp1zb0co9O,46.94,2.04,44.9,usd,2026-01-27 01:04:00,2026-01-30 00:00:00,,46.94,,,TGCFP-260126-KJS1R,,,,,-https://blyne.velorasignature.com/blyne-hardwood-floor-restorer-polish,"[{""name"":""Blyne Floor Restorer & Polish. - Premium (4.06 oz)/Buy 1, Get 1 FREE"",""quantity"":1,""unitAmount"":39.95}]",6.99,39.95,0,Lausan,STRIPE_RECEIPT_CUSTOMER,Vicbea,,ZENIROXPAY,
2026-01-27,txn_3Su24oK3ZXYJSkRp1Flff9tx,charge,ch_3Su24oK3ZXYJSkRp1ChaOPY8,46.94,2.04,44.9,usd,2026-01-27 02:32:00,2026-01-30 00:00:00,,46.94,,,TGCFP-260126-K3JVG,,,,,-https://blyne.velorasignature.com/blyne-hardwood-floor-restorer-polish,"[{""name"":""Blyne Floor Restorer & Polish. - Premium (4.06 oz)/Buy 1, Get 1 FREE"",""quantity"":1,""unitAmount"":39.95}]",6.99,39.95,0,Lausan,STRIPE_RECEIPT_CUSTOMER,Vicbea,,ZENIROXPAY,
2026-01-27,txn_3Su3IRK3ZXYJSkRp0zypRcsX,charge,ch_3Su3IRK3ZXYJSkRp0lavMho1,46.94,2.04,44.9,usd,2026-01-27 03:50:00,2026-01-30 00:00:00,,46.94,,,TGCFP-260126-ZBGDY,,,,,-https://blyne.velorasignature.com/blyne-hardwood-floor-restorer-polish,"[{""name"":""Blyne Floor Restorer & Polish. - Premium (4.06 oz)/Buy 1, Get 1 FREE"",""quantity"":1,""unitAmount"":39.95}]",6.99,39.95,0,Lausan,STRIPE_RECEIPT_CUSTOMER,Vicbea,,ZENIROXPAY,
2026-01-27,txn_3SuAlNK3ZXYJSkRp1IeHhKNm,charge,ch_3SuAlNK3ZXYJSkRp1nuX0eNS,46.94,2.04,44.9,usd,2026-01-27 11:48:00,2026-01-30 00:00:00,,46.94,,,TGCFP-270126-WCVN1,,,,,-https://blyne.velorasignature.com/blyne-hardwood-floor-restorer-polish,"[{""name"":""Blyne Floor Restorer & Polish. - Premium (4.06 oz)/Buy 1, Get 1 FREE"",""quantity"":1,""unitAmount"":39.95}]",6.99,39.95,0,Lausan,STRIPE_RECEIPT_CUSTOMER,Vicbea,,ZENIROXPAY,
2026-01-27,txn_3SuEATK3ZXYJSkRp0Gi6xfmz,charge,ch_3SuEATK3ZXYJSkRp07rG3Wh7,46.94,2.04,44.9,usd,2026-01-27 15:27:00,2026-01-30 00:00:00,,46.94,,,TGCFP-270126-M66R0,,,,,-https://blyne.velorasignature.com/blyne-hardwood-floor-restorer-polish,"[{""name"":""Blyne Floor Restorer & Polish. - Premium (4.06 oz)/Buy 1, Get 1 FREE"",""quantity"":1,""unitAmount"":39.95}]",6.99,39.95,0,Lausan,STRIPE_RECEIPT_CUSTOMER,Vicbea,,ZENIROXPAY,
2026-01-27,txn_3SuEgpK3ZXYJSkRp0KFad2Px,charge,ch_3SuEgpK3ZXYJSkRp06JS4Cy3,46.94,2.04,44.9,usd,2026-01-27 16:00:00,2026-01-30 00:00:00,,46.94,,,TGCFP-270126-Y1WB1,,,,,-https://blyne.velorasignature.com/blyne-hardwood-floor-restorer-polish,"[{""name"":""Blyne Floor Restorer & Polish. - Premium (4.06 oz)/Buy 1, Get 1 FREE"",""quantity"":1,""unitAmount"":39.95}]",6.99,39.95,0,Lausan,STRIPE_RECEIPT_CUSTOMER,Vicbea,,ZENIROXPAY,
2026-01-27,txn_3SuEhPK3ZXYJSkRp1nqfFeto,charge,ch_3SuEhPK3ZXYJSkRp1yNLzZRq,46.94,2.04,44.9,usd,2026-01-27 16:01:00,2026-01-30 00:00:00,,46.94,,,TGCFP-270126-QNTF3,,,,,-https://blyne.velorasignature.com/blyne-hardwood-floor-restorer-polish,"[{""name"":""Blyne Floor Restorer & Polish. - Premium (4.06 oz)/Buy 1, Get 1 FREE"",""quantity"":1,""unitAmount"":39.95}]",6.99,39.95,0,Lausan,STRIPE_RECEIPT_CUSTOMER,Vicbea,,ZENIROXPAY,
2026-01-27,txn_3SuFUbK3ZXYJSkRp1vAlJ98y,charge,ch_3SuFUbK3ZXYJSkRp1pJWjxPh,60.94,2.55,58.39,usd,2026-01-27 16:51:00,2026-01-30 00:00:00,,60.94,,,TGCFP-270126-CRTXQ,,,,,-https://blyne.velorasignature.com/blyne-hardwood-floor-restorer-polish,"[{""name"":""Blyne Floor Restorer & Polish. - Premium (4.06 oz)/Buy 2, Get 2 FREE (+ Bonus Mop Pad)"",""quantity"":1,""unitAmount"":53.95}]",6.99,53.95,0,Lausan,STRIPE_RECEIPT_CUSTOMER,Vicbea,,ZENIROXPAY,
2026-01-27,txn_3SuGivK3ZXYJSkRp1ujir2e9,charge,ch_3SuGivK3ZXYJSkRp1ey0obOZ,46.94,2.04,44.9,usd,2026-01-27 18:10:00,2026-01-30 00:00:00,,46.94,,,TGCFP-270126-NRN6B,,,,,-https://blyne.velorasignature.com/blyne-hardwood-floor-restorer-polish,"[{""name"":""Blyne Floor Restorer & Polish. - Premium (4.06 oz)/Buy 1, Get 1 FREE"",""quantity"":1,""unitAmount"":39.95}]",6.99,39.95,0,Lausan,STRIPE_RECEIPT_CUSTOMER,Vicbea,,ZENIROXPAY,
2026-01-27,txn_3SuGsdK3ZXYJSkRp0W39bsDG,charge,ch_3SuGsdK3ZXYJSkRp0doaxb6R,46.94,2.04,44.9,usd,2026-01-27 18:20:00,2026-01-30 00:00:00,,46.94,,,TGCFP-270126-100FJ,,,,,-https://blyne.velorasignature.com/blyne-hardwood-floor-restorer-polish,"[{""name"":""Blyne Floor Restorer & Polish. - Premium (4.06 oz)/Buy 1, Get 1 FREE"",""quantity"":1,""unitAmount"":39.95}]",6.99,39.95,0,Lausan,STRIPE_RECEIPT_CUSTOMER,Vicbea,,ZENIROXPAY,
2026-01-27,txn_3SuIVSK3ZXYJSkRp1WNFZL99,charge,ch_3SuIVSK3ZXYJSkRp1fHJDucb,46.94,2.04,44.9,usd,2026-01-27 20:04:00,2026-01-30 00:00:00,,46.94,,,TGCFP-270126-91QXI,,,,,-https://blyne.velorasignature.com/blyne-hardwood-floor-restorer-polish,"[{""name"":""Blyne Floor Restorer & Polish. - Premium (4.06 oz)/Buy 1, Get 1 FREE"",""quantity"":1,""unitAmount"":39.95}]",6.99,39.95,0,Lausan,STRIPE_RECEIPT_CUSTOMER,Vicbea,,ZENIROXPAY,
2026-01-27,txn_3SuIg9K3ZXYJSkRp0eVM7ljm,charge,ch_3SuIg9K3ZXYJSkRp0GYOsElj,46.94,2.04,44.9,usd,2026-01-27 20:16:00,2026-01-30 00:00:00,,46.94,,,TGCFP-270126-WVSHG,,,,,-https://blyne.velorasignature.com/blyne-hardwood-floor-restorer-polish,"[{""name"":""Blyne Floor Restorer & Polish. - Premium (4.06 oz)/Buy 1, Get 1 FREE"",""quantity"":1,""unitAmount"":39.95}]",6.99,39.95,0,Lausan,STRIPE_RECEIPT_CUSTOMER,Vicbea,,ZENIROXPAY,
2026-01-27,txn_3SuImvK3ZXYJSkRp1bQgqLK3,charge,ch_3SuImvK3ZXYJSkRp13yzs0kw,86.89,3.51,83.38,usd,2026-01-27 20:23:00,2026-01-30 00:00:00,,86.89,,,TGCFP-270126-OS2XU,,,,,-https://blyne.velorasignature.com/blyne-hardwood-floor-restorer-polish,"[{""name"":""Blyne Floor Restorer & Polish. - Premium (4.06 oz)/Buy 1, Get 1 FREE"",""quantity"":2,""unitAmount"":39.95}]",6.99,79.9,0,Lausan,STRIPE_RECEIPT_CUSTOMER,Vicbea,,ZENIROXPAY,
2026-01-27,txn_3SuJ7gK3ZXYJSkRp0RlNVL6D,charge,ch_3SuJ7gK3ZXYJSkRp0f5smRHW,60.94,2.55,58.39,usd,2026-01-27 20:44:00,2026-01-30 00:00:00,,60.94,,,TGCFP-270126-LA8LX,,,,,-https://blyne.velorasignature.com/blyne-hardwood-floor-restorer-polish,"[{""name"":""Blyne Floor Restorer & Polish. - Premium (4.06 oz)/Buy 2, Get 2 FREE (+ Bonus Mop Pad)"",""quantity"":1,""unitAmount"":53.95}]",6.99,53.95,0,Lausan,STRIPE_RECEIPT_CUSTOMER,Vicbea,,ZENIROXPAY,
2026-01-27,txn_3SuKNKK3ZXYJSkRp1qEmCkq3,charge,ch_3SuKNKK3ZXYJSkRp1QLRUk0G,46.94,2.04,44.9,usd,2026-01-27 22:04:00,2026-01-30 00:00:00,,46.94,,,TGCFP-270126-GQQD8,,,,,-https://blyne.velorasignature.com/blyne-hardwood-floor-restorer-polish,"[{""name"":""Blyne Floor Restorer & Polish. - Premium (4.06 oz)/Buy 1, Get 1 FREE"",""quantity"":1,""unitAmount"":39.95}]",6.99,39.95,0,Lausan,STRIPE_RECEIPT_CUSTOMER,Vicbea,,ZENIROXPAY,
2026-01-28,txn_1SuOcHK3ZXYJSkRpZIeP6XgG,payout,po_1SuOcHK3ZXYJSkRppbBICbHA,-3000,0,-3000,usd,2026-01-28 02:36:00,2026-01-28 02:36:00,,,,,,,,,,,,,,,,STRIPE_PAYOUT,,Pingpong ZeniroxPay,ZENIROXPAY,
2026-01-28,txn_3SuQOSK3ZXYJSkRp1BMb7ZVh,charge,ch_3SuQOSK3ZXYJSkRp1CArXfBl,44.94,1.96,42.98,usd,2026-01-28 04:30:00,2026-02-02 00:00:00,,44.94,,,TGCFP-270126-M5XET,,,,,-https://blyne.velorasignature.com/blyne-hardwood-floor-restorer-polish,"[{""name"":""Blyne Floor Restorer & Polish. - Standard (4.06 oz)/Buy 1, Get 1 FREE"",""quantity"":1,""unitAmount"":37.95}]",6.99,37.95,0,Lausan,STRIPE_RECEIPT_CUSTOMER,Vicbea,,ZENIROXPAY,
2026-01-28,txn_1SuQsJK3ZXYJSkRpl1EufpaH,stripe_fee,,-10.8,0,-10.8,usd,2026-01-28 05:01:00,2026-01-28 05:01:00,,,,,,,,,,,,,,,,STRIPE_FEE,,,ZENIROXPAY,
2026-01-28,txn_3SuWwTK3ZXYJSkRp0NEkSZza,charge,ch_3SuWwTK3ZXYJSkRp0l56rERQ,60.94,2.55,58.39,usd,2026-01-28 11:29:00,2026-02-02 00:00:00,,60.94,,,TGCFP-280126-8J15B,,,,,-https://blyne.velorasignature.com/blyne-hardwood-floor-restorer-polish,"[{""name"":""Blyne Floor Restorer & Polish. - Premium (4.06 oz)/Buy 2, Get 2 FREE (+ Bonus Mop Pad)"",""quantity"":1,""unitAmount"":53.95}]",6.99,53.95,0,Lausan,STRIPE_RECEIPT_CUSTOMER,Vicbea,,ZENIROXPAY,
2026-01-28,txn_3SuaT0K3ZXYJSkRp17OiHnPZ,charge,ch_3SuaT0K3ZXYJSkRp1vq6Tev2,114.89,4.55,110.34,usd,2026-01-28 15:15:00,2026-02-02 00:00:00,,114.89,,,TGCFP-280126-J7U22,,,,,-https://blyne.velorasignature.com/blyne-hardwood-floor-restorer-polish,"[{""name"":""Blyne Floor Restorer & Polish. - Premium (4.06 oz)/Buy 2, Get 2 FREE (+ Bonus Mop Pad)"",""quantity"":2,""unitAmount"":53.95}]",6.99,107.9,0,Lausan,STRIPE_RECEIPT_CUSTOMER,Vicbea,,ZENIROXPAY,
2026-01-28,txn_3SubiMK3ZXYJSkRp1KF61wP0,charge,ch_3SubiMK3ZXYJSkRp1DsVnT6A,60.94,2.55,58.39,usd,2026-01-28 16:35:00,2026-02-02 00:00:00,,60.94,,,TGCFP-280126-2JI7B,,,,,-https://blyne.velorasignature.com/blyne-hardwood-floor-restorer-polish,"[{""name"":""Blyne Floor Restorer & Polish. - Premium (4.06 oz)/Buy 2, Get 2 FREE (+ Bonus Mop Pad)"",""quantity"":1,""unitAmount"":53.95}]",6.99,53.95,0,Lausan,STRIPE_RECEIPT_CUSTOMER,Vicbea,,ZENIROXPAY,
2026-01-28,txn_3SucLmK3ZXYJSkRp0xBd3wnp,charge,ch_3SucLmK3ZXYJSkRp0ny2MosR,60.94,2.55,58.39,usd,2026-01-28 17:16:00,2026-02-02 00:00:00,,60.94,,,TGCFP-280126-3CZ71,,,,,-https://blyne.velorasignature.com/blyne-hardwood-floor-restorer-polish,"[{""name"":""Blyne Floor Restorer & Polish. - Premium (4.06 oz)/Buy 2, Get 2 FREE (+ Bonus Mop Pad)"",""quantity"":1,""unitAmount"":53.95}]",6.99,53.95,0,Lausan,STRIPE_RECEIPT_CUSTOMER,Vicbea,,ZENIROXPAY,
2026-01-28,txn_3SudsuK3ZXYJSkRp1L54FJFM,charge,ch_3SudsuK3ZXYJSkRp1HYMZOEt,46.94,2.04,44.9,usd,2026-01-28 18:54:00,2026-02-02 00:00:00,,46.94,,,TGCFP-280126-B8CE2,,,,,-https://blyne.velorasignature.com/blyne-hardwood-floor-restorer-polish,"[{""name"":""Blyne Floor Restorer & Polish. - Premium (4.06 oz)/Buy 1, Get 1 FREE"",""quantity"":1,""unitAmount"":39.95}]",6.99,39.95,0,Lausan,STRIPE_RECEIPT_CUSTOMER,Vicbea,,ZENIROXPAY,
2026-01-28,txn_3SugT9K3ZXYJSkRp186pjRGT,charge,ch_3SugT9K3ZXYJSkRp1LdaWj1e,60.94,2.55,58.39,usd,2026-01-28 21:40:00,2026-02-02 00:00:00,,60.94,,,TGCFP-280126-S2WXC,,,,,-https://blyne.velorasignature.com/blyne-hardwood-floor-restorer-polish,"[{""name"":""Blyne Floor Restorer & Polish. - Premium (4.06 oz)/Buy 2, Get 2 FREE (+ Bonus Mop Pad)"",""quantity"":1,""unitAmount"":53.95}]",6.99,53.95,0,Lausan,STRIPE_RECEIPT_CUSTOMER,Vicbea,,ZENIROXPAY,
2026-01-28,txn_3SugTkK3ZXYJSkRp1uPcjUeG,charge,ch_3SugTkK3ZXYJSkRp1U5bWH7j,46.94,2.04,44.9,usd,2026-01-28 21:40:00,2026-02-02 00:00:00,,46.94,,,TGCFP-280126-B9100,,,,,-https://blyne.velorasignature.com/blyne-hardwood-floor-restorer-polish,"[{""name"":""Blyne Floor Restorer & Polish. - Premium (4.06 oz)/Buy 1, Get 1 FREE"",""quantity"":1,""unitAmount"":39.95}]",6.99,39.95,0,Lausan,STRIPE_RECEIPT_CUSTOMER,Vicbea,,ZENIROXPAY,
2026-01-28,txn_3SuguqK3ZXYJSkRp0RZPJ7yt,charge,ch_3SuguqK3ZXYJSkRp0iNCbETB,46.94,2.04,44.9,usd,2026-01-28 22:08:00,2026-02-02 00:00:00,,46.94,,,TGCFP-280126-XPXA5,,,,,-https://blyne.velorasignature.com/blyne-hardwood-floor-restorer-polish,"[{""name"":""Blyne Floor Restorer & Polish. - Premium (4.06 oz)/Buy 1, Get 1 FREE"",""quantity"":1,""unitAmount"":39.95}]",6.99,39.95,0,Lausan,STRIPE_RECEIPT_CUSTOMER,Vicbea,,ZENIROXPAY,
2026-01-29,txn_3SujwMK3ZXYJSkRp0WGphxJq,charge,ch_3SujwMK3ZXYJSkRp0bzmPLkP,60.94,2.55,58.39,usd,2026-01-29 01:22:00,2026-02-03 00:00:00,,60.94,,,TGCFP-280126-D4ELF,,,,,-https://blyne.velorasignature.com/blyne-hardwood-floor-restorer-polish,"[{""name"":""Blyne Floor Restorer & Polish. - Premium (4.06 oz)/Buy 2, Get 2 FREE (+ Bonus Mop Pad)"",""quantity"":1,""unitAmount"":53.95}]",6.99,53.95,0,Lausan,STRIPE_RECEIPT_CUSTOMER,Vicbea,,ZENIROXPAY,
2026-01-29,txn_3SukAoK3ZXYJSkRp0XpUjaEj,charge,ch_3SukAoK3ZXYJSkRp0WAAQSzg,60.94,2.55,58.39,usd,2026-01-29 01:37:00,2026-02-03 00:00:00,,60.94,,,TGCFP-280126-L7XWC,,,,,-https://blyne.velorasignature.com/blyne-hardwood-floor-restorer-polish,"[{""name"":""Blyne Floor Restorer & Polish. - Premium (4.06 oz)/Buy 2, Get 2 FREE (+ Bonus Mop Pad)"",""quantity"":1,""unitAmount"":53.95}]",6.99,53.95,0,Lausan,STRIPE_RECEIPT_CUSTOMER,Vicbea,,ZENIROXPAY,
2026-01-29,txn_3Suo0uK3ZXYJSkRp0nOKo2fw,charge,ch_3Suo0uK3ZXYJSkRp0OUjKuoX,46.94,2.04,44.9,usd,2026-01-29 05:43:00,2026-02-03 00:00:00,,46.94,,,TGCFP-280126-74IOI,,,,,-https://blyne.velorasignature.com/blyne-hardwood-floor-restorer-polish,"[{""name"":""Blyne Floor Restorer & Polish. - Premium (4.06 oz)/Buy 1, Get 1 FREE"",""quantity"":1,""unitAmount"":39.95}]",6.99,39.95,0,Lausan,STRIPE_RECEIPT_CUSTOMER,Vicbea,,ZENIROXPAY,
2026-01-29,txn_3SuvgdK3ZXYJSkRp0T72gRln,charge,ch_3SuvgdK3ZXYJSkRp0vQSCXIp,46.94,2.04,44.9,usd,2026-01-29 13:55:00,2026-02-03 00:00:00,,46.94,,,TGCFP-290126-OVIC7,,,,,-https://blyne.velorasignature.com/blyne-hardwood-floor-restorer-polish,"[{""name"":""Blyne Floor Restorer & Polish. - Premium (4.06 oz)/Buy 1, Get 1 FREE"",""quantity"":1,""unitAmount"":39.95}]",6.99,39.95,0,Lausan,STRIPE_RECEIPT_CUSTOMER,Vicbea,,ZENIROXPAY,
2026-01-29,txn_3SuvvnK3ZXYJSkRp0HlqQn6w,charge,ch_3SuvvnK3ZXYJSkRp05nFzinG,46.94,2.04,44.9,usd,2026-01-29 14:10:00,2026-02-03 00:00:00,,46.94,,,TGCFP-290126-50TXT,,,,,-https://blyne.velorasignature.com/blyne-hardwood-floor-restorer-polish,"[{""name"":""Blyne Floor Restorer & Polish. - Premium (4.06 oz)/Buy 1, Get 1 FREE"",""quantity"":1,""unitAmount"":39.95}]",6.99,39.95,0,Lausan,STRIPE_RECEIPT_CUSTOMER,Vicbea,,ZENIROXPAY,
2026-01-29,txn_3SuxBkK3ZXYJSkRp1C2RnYNq,charge,ch_3SuxBkK3ZXYJSkRp1Krvn0sn,60.94,2.55,58.39,usd,2026-01-29 15:31:00,2026-02-03 00:00:00,,60.94,,,TGCFP-290126-G4BOV,,,,,-https://blyne.velorasignature.com/blyne-hardwood-floor-restorer-polish,"[{""name"":""Blyne Floor Restorer & Polish. - Premium (4.06 oz)/Buy 2, Get 2 FREE (+ Bonus Mop Pad)"",""quantity"":1,""unitAmount"":53.95}]",6.99,53.95,0,Lausan,STRIPE_RECEIPT_CUSTOMER,Vicbea,,ZENIROXPAY,
2026-01-29,txn_3SuyK8K3ZXYJSkRp0D3K5KLZ,charge,ch_3SuyK8K3ZXYJSkRp0aR3p4O1,60.94,2.55,58.39,usd,2026-01-29 16:44:00,2026-02-03 00:00:00,,60.94,,,TGCFP-290126-EHPXG,,,,,-https://blyne.velorasignature.com/blyne-hardwood-floor-restorer-polish,"[{""name"":""Blyne Floor Restorer & Polish. - Premium (4.06 oz)/Buy 2, Get 2 FREE (+ Bonus Mop Pad)"",""quantity"":1,""unitAmount"":53.95}]",6.99,53.95,0,Lausan,STRIPE_RECEIPT_CUSTOMER,Vicbea,,ZENIROXPAY,
2026-01-29,txn_3SuyOEK3ZXYJSkRp1ER1qPv3,charge,ch_3SuyOEK3ZXYJSkRp1OG0euAc,46.94,2.04,44.9,usd,2026-01-29 16:48:00,2026-02-03 00:00:00,,46.94,,,TGCFP-290126-E9ZQG,,,,,-https://blyne.velorasignature.com/blyne-hardwood-floor-restorer-polish,"[{""name"":""Blyne Floor Restorer & Polish. - Premium (4.06 oz)/Buy 1, Get 1 FREE"",""quantity"":1,""unitAmount"":39.95}]",6.99,39.95,0,Lausan,STRIPE_RECEIPT_CUSTOMER,Vicbea,,ZENIROXPAY,
2026-01-29,txn_3Sv2k6K3ZXYJSkRp1nMwrMaJ,charge,ch_3Sv2k6K3ZXYJSkRp1S9XM6tk,114.89,4.55,110.34,usd,2026-01-29 21:27:00,2026-02-03 00:00:00,,114.89,,,TGCFP-290126-7KNGX,,,,,-https://blyne.velorasignature.com/blyne-hardwood-floor-restorer-polish,"[{""name"":""Blyne Floor Restorer & Polish. - Premium (4.06 oz)/Buy 2, Get 2 FREE (+ Bonus Mop Pad)"",""quantity"":2,""unitAmount"":53.95}]",6.99,107.9,0,Lausan,STRIPE_RECEIPT_CUSTOMER,Vicbea,,ZENIROXPAY,
2026-01-29,txn_3Sv2plK3ZXYJSkRp0osrJaCW,charge,ch_3Sv2plK3ZXYJSkRp0VOAF0He,46.94,2.04,44.9,usd,2026-01-29 21:33:00,2026-02-03 00:00:00,,46.94,,,TGCFP-290126-WPW1T,,,,,-https://blyne.velorasignature.com/blyne-hardwood-floor-restorer-polish,"[{""name"":""Blyne Floor Restorer & Polish. - Premium (4.06 oz)/Buy 1, Get 1 FREE"",""quantity"":1,""unitAmount"":39.95}]",6.99,39.95,0,Lausan,STRIPE_RECEIPT_CUSTOMER,Vicbea,,ZENIROXPAY,
2026-01-29,txn_3Sv4gtK3ZXYJSkRp1CbX6C1J,charge,ch_3Sv4gtK3ZXYJSkRp16qtWguQ,46.94,2.04,44.9,usd,2026-01-29 23:32:00,2026-02-03 00:00:00,,46.94,,,TGCFP-290126-LDMG9,,,,,-https://blyne.velorasignature.com/blyne-hardwood-floor-restorer-polish,"[{""name"":""Blyne Floor Restorer & Polish. - Premium (4.06 oz)/Buy 1, Get 1 FREE"",""quantity"":1,""unitAmount"":39.95}]",6.99,39.95,0,Lausan,STRIPE_RECEIPT_CUSTOMER,Vicbea,,ZENIROXPAY,
2026-01-30,txn_3Sv5nRK3ZXYJSkRp0vxTwZf0,charge,ch_3Sv5nRK3ZXYJSkRp08X8ZcIh,46.94,2.04,44.9,usd,2026-01-30 00:42:00,2026-02-04 00:00:00,,46.94,,,TGCFP-290126-M19DE,,,,,-https://blyne.velorasignature.com/blyne-hardwood-floor-restorer-polish,"[{""name"":""Blyne Floor Restorer & Polish. - Premium (4.06 oz)/Buy 1, Get 1 FREE"",""quantity"":1,""unitAmount"":39.95}]",6.99,39.95,0,Lausan,STRIPE_RECEIPT_CUSTOMER,Vicbea,,ZENIROXPAY,
2026-01-30,txn_1Sv84tK3ZXYJSkRp23em6g2m,payout,po_1Sv84tK3ZXYJSkRpUzuf2MWH,-3500,0,-3500,usd,2026-01-30 03:08:00,2026-01-30 03:08:00,,,,,,,,,,,,,,,,STRIPE_PAYOUT,,Pingpong ZeniroxPay,ZENIROXPAY,
2026-01-30,txn_3Sv8NrK3ZXYJSkRp1L1my5jh,charge,ch_3Sv8NrK3ZXYJSkRp1NzwVE9J,46.94,2.04,44.9,usd,2026-01-30 03:28:00,2026-02-04 00:00:00,,46.94,,,TGCFP-290126-XOEWM,,,,,-https://blyne.velorasignature.com/blyne-hardwood-floor-restorer-polish,"[{""name"":""Blyne Floor Restorer & Polish. - Premium (4.06 oz)/Buy 1, Get 1 FREE"",""quantity"":1,""unitAmount"":39.95}]",6.99,39.95,0,Lausan,STRIPE_RECEIPT_CUSTOMER,Vicbea,,ZENIROXPAY,
2026-01-30,txn_3Sk1QpK3ZXYJSkRp1WJGcumr,refund,ch_3Sk1QpK3ZXYJSkRp1QGAtbPe,-23.47,0,-23.47,usd,2026-01-30 07:51:00,2026-01-30 07:51:00,Refund 50% - Aftersales Service,23.47,true,Refund 50% - Aftersales Service,09P6U-301225-A4H9Z,,,,,,,,,,,STRIPE_REFUND,,,ZENIROXPAY,
2026-01-30,txn_3SvFowK3ZXYJSkRp1TdGpGbl,charge,ch_3SvFowK3ZXYJSkRp1wsmQdex,60.94,2.55,58.39,usd,2026-01-30 11:25:00,2026-02-04 00:00:00,,60.94,,,TGCFP-300126-J0C5J,,,,,-https://blyne.velorasignature.com/blyne-hardwood-floor-restorer-polish,"[{""name"":""Blyne Floor Restorer & Polish. - Premium (4.06 oz)/Buy 2, Get 2 FREE (+ Bonus Mop Pad)"",""quantity"":1,""unitAmount"":53.95}]",6.99,53.95,0,Lausan,STRIPE_RECEIPT_CUSTOMER,Vicbea,,ZENIROXPAY,
2026-01-30,txn_3SvGUWK3ZXYJSkRp1x3nm0QC,charge,ch_3SvGUWK3ZXYJSkRp1uTbYQw4,60.94,2.55,58.39,usd,2026-01-30 12:08:00,2026-02-04 00:00:00,,60.94,,,TGCFP-300126-MY32S,,,,,-https://blyne.velorasignature.com/blyne-hardwood-floor-restorer-polish,"[{""name"":""Blyne Floor Restorer & Polish. - Premium (4.06 oz)/Buy 2, Get 2 FREE (+ Bonus Mop Pad)"",""quantity"":1,""unitAmount"":53.95}]",6.99,53.95,0,Lausan,STRIPE_RECEIPT_CUSTOMER,Vicbea,,ZENIROXPAY,
2026-01-30,txn_3SvIGCK3ZXYJSkRp0CZ9UJ64,charge,ch_3SvIGCK3ZXYJSkRp01YFmpc5,46.94,2.04,44.9,usd,2026-01-30 14:01:00,2026-02-04 00:00:00,,46.94,,,TGCFP-300126-EL5G8,,,,,-https://blyne.velorasignature.com/blyne-hardwood-floor-restorer-polish,"[{""name"":""Blyne Floor Restorer & Polish. - Premium (4.06 oz)/Buy 1, Get 1 FREE"",""quantity"":1,""unitAmount"":39.95}]",6.99,39.95,0,Lausan,STRIPE_RECEIPT_CUSTOMER,Vicbea,,ZENIROXPAY,
2026-01-30,txn_3SvItIK3ZXYJSkRp1yLVxXUs,charge,ch_3SvItIK3ZXYJSkRp1WhZz1oR,60.94,2.55,58.39,usd,2026-01-30 14:41:00,2026-02-04 00:00:00,,60.94,,,TGCFP-300126-XB6QU,,,,,-https://blyne.velorasignature.com/blyne-hardwood-floor-restorer-polish,"[{""name"":""Blyne Floor Restorer & Polish. - Premium (4.06 oz)/Buy 2, Get 2 FREE (+ Bonus Mop Pad)"",""quantity"":1,""unitAmount"":53.95}]",6.99,53.95,0,Lausan,STRIPE_RECEIPT_CUSTOMER,Vicbea,,ZENIROXPAY,
2026-01-30,txn_3SvJQLK3ZXYJSkRp1cFooo9m,charge,ch_3SvJQLK3ZXYJSkRp1MTcdQIo,46.94,2.04,44.9,usd,2026-01-30 15:15:00,2026-02-04 00:00:00,,46.94,,,TGCFP-300126-YPZM4,,,,,-https://blyne.velorasignature.com/blyne-hardwood-floor-restorer-polish,"[{""name"":""Blyne Floor Restorer & Polish. - Premium (4.06 oz)/Buy 1, Get 1 FREE"",""quantity"":1,""unitAmount"":39.95}]",6.99,39.95,0,Lausan,STRIPE_RECEIPT_CUSTOMER,Vicbea,,ZENIROXPAY,
2026-01-30,txn_3SvJflK3ZXYJSkRp1KcpOmbe,charge,ch_3SvJflK3ZXYJSkRp1MvJFrM5,46.94,2.04,44.9,usd,2026-01-30 15:31:00,2026-02-04 00:00:00,,46.94,,,TGCFP-300126-7D6XO,,,,,-https://blyne.velorasignature.com/blyne-hardwood-floor-restorer-polish,"[{""name"":""Blyne Floor Restorer & Polish. - Premium (4.06 oz)/Buy 1, Get 1 FREE"",""quantity"":1,""unitAmount"":39.95}]",6.99,39.95,0,Lausan,STRIPE_RECEIPT_CUSTOMER,Vicbea,,ZENIROXPAY,
2026-01-30,txn_3SvNvoK3ZXYJSkRp1TilLTm9,charge,ch_3SvNvoK3ZXYJSkRp1oABzS1z,60.94,2.55,58.39,usd,2026-01-30 20:04:00,2026-02-04 00:00:00,,60.94,,,TGCFP-300126-D40E2,,,,,-https://blyne.velorasignature.com/blyne-hardwood-floor-restorer-polish,"[{""name"":""Blyne Floor Restorer & Polish. - Premium (4.06 oz)/Buy 2, Get 2 FREE (+ Bonus Mop Pad)"",""quantity"":1,""unitAmount"":53.95}]",6.99,53.95,0,Lausan,STRIPE_RECEIPT_CUSTOMER,Vicbea,,ZENIROXPAY,
2026-01-30,txn_3SvP9kK3ZXYJSkRp1aWNYsry,charge,ch_3SvP9kK3ZXYJSkRp1HL8CDjt,46.94,2.04,44.9,usd,2026-01-30 21:23:00,2026-02-04 00:00:00,,46.94,,,TGCFP-300126-IK6T7,,,,,-https://blyne.velorasignature.com/blyne-hardwood-floor-restorer-polish,"[{""name"":""Blyne Floor Restorer & Polish. - Premium (4.06 oz)/Buy 1, Get 1 FREE"",""quantity"":1,""unitAmount"":39.95}]",6.99,39.95,0,Lausan,STRIPE_RECEIPT_CUSTOMER,Vicbea,,ZENIROXPAY,
2026-01-30,txn_3SvPLNK3ZXYJSkRp137dIgP4,charge,ch_3SvPLNK3ZXYJSkRp1JPPAr8c,60.94,2.55,58.39,usd,2026-01-30 21:35:00,2026-02-04 00:00:00,,60.94,,,TGCFP-300126-OF7D3,,,,,-https://blyne.velorasignature.com/blyne-hardwood-floor-restorer-polish,"[{""name"":""Blyne Floor Restorer & Polish. - Premium (4.06 oz)/Buy 2, Get 2 FREE (+ Bonus Mop Pad)"",""quantity"":1,""unitAmount"":53.95}]",6.99,53.95,0,Lausan,STRIPE_RECEIPT_CUSTOMER,Vicbea,,ZENIROXPAY,
2026-01-30,txn_3SvPqlK3ZXYJSkRp1FDkpVmD,charge,ch_3SvPqlK3ZXYJSkRp1cUUb7fK,60.94,2.55,58.39,usd,2026-01-30 22:07:00,2026-02-04 00:00:00,,60.94,,,TGCFP-300126-HPEZK,,,,,-https://blyne.velorasignature.com/blyne-hardwood-floor-restorer-polish,"[{""name"":""Blyne Floor Restorer & Polish. - Premium (4.06 oz)/Buy 2, Get 2 FREE (+ Bonus Mop Pad)"",""quantity"":1,""unitAmount"":53.95}]",6.99,53.95,0,Lausan,STRIPE_RECEIPT_CUSTOMER,Vicbea,,ZENIROXPAY,
2026-01-30,txn_3SvQ2FK3ZXYJSkRp0VdZqw5G,charge,ch_3SvQ2FK3ZXYJSkRp01ypsFip,46.94,2.04,44.9,usd,2026-01-30 22:19:00,2026-02-04 00:00:00,,46.94,,,TGCFP-300126-XYXOP,,,,,-https://blyne.velorasignature.com/blyne-hardwood-floor-restorer-polish,"[{""name"":""Blyne Floor Restorer & Polish. - Premium (4.06 oz)/Buy 1, Get 1 FREE"",""quantity"":1,""unitAmount"":39.95}]",6.99,39.95,0,Lausan,STRIPE_RECEIPT_CUSTOMER,Vicbea,,ZENIROXPAY,
2026-01-31,txn_3SvU2HK3ZXYJSkRp0UMCM5gj,charge,ch_3SvU2HK3ZXYJSkRp00EtZve1,46.94,2.04,44.9,usd,2026-01-31 02:35:00,2026-02-05 00:00:00,,46.94,,,TGCFP-300126-O9853,,,,,-https://blyne.velorasignature.com/blyne-hardwood-floor-restorer-polish,"[{""name"":""Blyne Floor Restorer & Polish. - Premium (4.06 oz)/Buy 1, Get 1 FREE"",""quantity"":1,""unitAmount"":39.95}]",6.99,39.95,0,Lausan,STRIPE_RECEIPT_CUSTOMER,Vicbea,,ZENIROXPAY,
2026-01-31,txn_1SvU7PK3ZXYJSkRpeFLpO932,adjustment,du_1SvU7DK3ZXYJSkRpVVCvJxxl,-34.98,15,-49.98,usd,2026-01-31 02:41:00,2026-01-31 02:41:00,,,,,,,,,,,,,,,,STRIPE_ADJUSTMENT,,,ZENIROXPAY,
2026-01-31,txn_3SvVRnK3ZXYJSkRp0If2YQIb,charge,ch_3SvVRnK3ZXYJSkRp00g1NCEr,46.94,2.04,44.9,usd,2026-01-31 04:06:00,2026-02-05 00:00:00,,46.94,,,TGCFP-300126-YLSXD,,,,,-https://blyne.velorasignature.com/blyne-hardwood-floor-restorer-polish,"[{""name"":""Blyne Floor Restorer & Polish. - Premium (4.06 oz)/Buy 1, Get 1 FREE"",""quantity"":1,""unitAmount"":39.95}]",6.99,39.95,0,Lausan,STRIPE_RECEIPT_CUSTOMER,Vicbea,,ZENIROXPAY,
2026-01-31,txn_3Svc6RK3ZXYJSkRp0BGzzFzq,charge,ch_3Svc6RK3ZXYJSkRp0Qhxigl7,46.94,2.04,44.9,usd,2026-01-31 11:12:00,2026-02-05 00:00:00,,46.94,,,TGCFP-310126-VOGL0,,,,,-https://blyne.velorasignature.com/blyne-hardwood-floor-restorer-polish,"[{""name"":""Blyne Floor Restorer & Polish. - Premium (4.06 oz)/Buy 1, Get 1 FREE"",""quantity"":1,""unitAmount"":39.95}]",6.99,39.95,0,Lausan,STRIPE_RECEIPT_CUSTOMER,Vicbea,,ZENIROXPAY,
2026-01-31,txn_3SveWIK3ZXYJSkRp1AvIF6Q7,charge,ch_3SveWIK3ZXYJSkRp1je65Uom,46.94,2.04,44.9,usd,2026-01-31 13:47:00,2026-02-05 00:00:00,,46.94,,,TGCFP-310126-LK4TF,,,,,-https://blyne.velorasignature.com/blyne-hardwood-floor-restorer-polish,"[{""name"":""Blyne Floor Restorer & Polish. - Premium (4.06 oz)/Buy 1, Get 1 FREE"",""quantity"":1,""unitAmount"":39.95}]",6.99,39.95,0,Lausan,STRIPE_RECEIPT_CUSTOMER,Vicbea,,ZENIROXPAY,
2026-01-31,txn_3SvfPkK3ZXYJSkRp0P48uB5B,charge,ch_3SvfPkK3ZXYJSkRp0PuviSgy,46.94,2.04,44.9,usd,2026-01-31 14:44:00,2026-02-05 00:00:00,,46.94,,,TGCFP-310126-TVQ86,,,,,-https://blyne.velorasignature.com/blyne-hardwood-floor-restorer-polish,"[{""name"":""Blyne Floor Restorer & Polish. - Premium (4.06 oz)/Buy 1, Get 1 FREE"",""quantity"":1,""unitAmount"":39.95}]",6.99,39.95,0,Lausan,STRIPE_RECEIPT_CUSTOMER,Vicbea,,ZENIROXPAY,
2026-01-31,txn_3Svh9OK3ZXYJSkRp1KAbguUs,charge,ch_3Svh9OK3ZXYJSkRp1fLcbuOK,46.94,2.04,44.9,usd,2026-01-31 16:35:00,2026-02-05 00:00:00,,46.94,,,TGCFP-310126-YYUHO,,,,,-https://blyne.velorasignature.com/blyne-hardwood-floor-restorer-polish,"[{""name"":""Blyne Floor Restorer & Polish. - Premium (4.06 oz)/Buy 1, Get 1 FREE"",""quantity"":1,""unitAmount"":39.95}]",6.99,39.95,0,Lausan,STRIPE_RECEIPT_CUSTOMER,Vicbea,,ZENIROXPAY,
2026-01-31,txn_3SviWYK3ZXYJSkRp17OPrllR,charge,ch_3SviWYK3ZXYJSkRp1IKN0tfI,46.94,2.04,44.9,usd,2026-01-31 18:03:00,2026-02-05 00:00:00,,46.94,,,TGCFP-310126-EN4M4,,,,,-https://blyne.velorasignature.com/blyne-hardwood-floor-restorer-polish,"[{""name"":""Blyne Floor Restorer & Polish. - Premium (4.06 oz)/Buy 1, Get 1 FREE"",""quantity"":1,""unitAmount"":39.95}]",6.99,39.95,0,Lausan,STRIPE_RECEIPT_CUSTOMER,Vicbea,,ZENIROXPAY,
2026-01-31,txn_3SvjrtK3ZXYJSkRp0JiJ9xvR,charge,ch_3SvjrtK3ZXYJSkRp0X5wl5L6,46.94,2.04,44.9,usd,2026-01-31 19:30:00,2026-02-05 00:00:00,,46.94,,,TGCFP-310126-5N980,,,,,-https://blyne.velorasignature.com/blyne-hardwood-floor-restorer-polish,"[{""name"":""Blyne Floor Restorer & Polish. - Premium (4.06 oz)/Buy 1, Get 1 FREE"",""quantity"":1,""unitAmount"":39.95}]",6.99,39.95,0,Lausan,STRIPE_RECEIPT_CUSTOMER,Vicbea,,ZENIROXPAY,
2026-01-31,txn_3SvjsOK3ZXYJSkRp0BGRhH5R,charge,ch_3SvjsOK3ZXYJSkRp0bL7LIIz,46.94,2.04,44.9,usd,2026-01-31 19:30:00,2026-02-05 00:00:00,,46.94,,,TGCFP-310126-73WV4,,,,,-https://blyne.velorasignature.com/blyne-hardwood-floor-restorer-polish,"[{""name"":""Blyne Floor Restorer & Polish. - Premium (4.06 oz)/Buy 1, Get 1 FREE"",""quantity"":1,""unitAmount"":39.95}]",6.99,39.95,0,Lausan,STRIPE_RECEIPT_CUSTOMER,Vicbea,,ZENIROXPAY,
2026-01-31,txn_3SvlgNK3ZXYJSkRp0oZ42fLb,charge,ch_3SvlgNK3ZXYJSkRp0OvmBBNW,46.94,2.04,44.9,usd,2026-01-31 21:26:00,2026-02-05 00:00:00,,46.94,,,TGCFP-310126-9YFSF,,,,,-https://blyne.velorasignature.com/blyne-hardwood-floor-restorer-polish,"[{""name"":""Blyne Floor Restorer & Polish. - Premium (4.06 oz)/Buy 1, Get 1 FREE"",""quantity"":1,""unitAmount"":39.95}]",6.99,39.95,0,Lausan,STRIPE_RECEIPT_CUSTOMER,Vicbea,,ZENIROXPAY,
2026-01-31,txn_3Svn66K3ZXYJSkRp0FWfx4c4,charge,ch_3Svn66K3ZXYJSkRp0LW3ATcd,60.94,2.55,58.39,usd,2026-01-31 22:56:00,2026-02-05 00:00:00,,60.94,,,TGCFP-310126-QE2A5,,,,,-https://blyne.velorasignature.com/blyne-hardwood-floor-restorer-polish,"[{""name"":""Blyne Floor Restorer & Polish. - Premium (4.06 oz)/Buy 2, Get 2 FREE (+ Bonus Mop Pad)"",""quantity"":1,""unitAmount"":53.95}]",6.99,53.95,0,Lausan,STRIPE_RECEIPT_CUSTOMER,Vicbea,,ZENIROXPAY,
2026-02-01,txn_3SvoFxK3ZXYJSkRp03VuHziv,charge,ch_3SvoFxK3ZXYJSkRp0SZHMY7N,46.94,2.04,44.9,usd,2026-02-01 00:11:00,2026-02-05 00:00:00,,46.94,,,TGCFP-310126-71AE5,,,,,-https://blyne.velorasignature.com/blyne-hardwood-floor-restorer-polish,"[{""name"":""Blyne Floor Restorer & Polish. - Premium (4.06 oz)/Buy 1, Get 1 FREE"",""quantity"":1,""unitAmount"":39.95}]",6.99,39.95,0,Lausan,STRIPE_RECEIPT_CUSTOMER,Vicbea,,ZENIROXPAY,
2026-02-01,txn_1SvqljK3ZXYJSkRpceDEFo90,adjustment,du_1SvqlXK3ZXYJSkRpIm5CyNz9,-46.94,15,-61.94,usd,2026-02-01 02:52:00,2026-02-01 02:52:00,,,,,,,,,,,,,,,,STRIPE_ADJUSTMENT,,,ZENIROXPAY,
2026-02-01,txn_3Sw1WHK3ZXYJSkRp0CqVkOjI,charge,ch_3Sw1WHK3ZXYJSkRp0hdbwAbs,46.94,2.04,44.9,usd,2026-02-01 14:20:00,2026-02-05 00:00:00,,46.94,,,TGCFP-010226-GE5FO,,,,,-https://blyne.velorasignature.com/blyne-hardwood-floor-restorer-polish,"[{""name"":""Blyne Floor Restorer & Polish. - Premium (4.06 oz)/Buy 1, Get 1 FREE"",""quantity"":1,""unitAmount"":39.95}]",6.99,39.95,0,Lausan,STRIPE_RECEIPT_CUSTOMER,Vicbea,,ZENIROXPAY,
2026-02-01,txn_3Sw1sNK3ZXYJSkRp0OQmJ1zA,charge,ch_3Sw1sNK3ZXYJSkRp0EVLK5zu,46.94,2.04,44.9,usd,2026-02-01 14:43:00,2026-02-05 00:00:00,,46.94,,,TGCFP-010226-LDM7E,,,,,-https://blyne.velorasignature.com/blyne-hardwood-floor-restorer-polish,"[{""name"":""Blyne Floor Restorer & Polish. - Premium (4.06 oz)/Buy 1, Get 1 FREE"",""quantity"":1,""unitAmount"":39.95}]",6.99,39.95,0,Lausan,STRIPE_RECEIPT_CUSTOMER,Vicbea,,ZENIROXPAY,
2026-02-01,txn_3Sw69TK3ZXYJSkRp0DyUeZDQ,charge,ch_3Sw69TK3ZXYJSkRp09zFgtox,46.94,2.04,44.9,usd,2026-02-01 19:17:00,2026-02-05 00:00:00,,46.94,,,TGCFP-010226-M35HD,,,,,-https://blyne.velorasignature.com/ts-theme,"[{""name"":""Theme of Blyne Floor Restorer & Polish. - Premium (4.06 oz)/Buy 1, Get 1 FREE"",""quantity"":1,""unitAmount"":39.95}]",6.99,39.95,0,Lausan,STRIPE_RECEIPT_CUSTOMER,Vicbea,,ZENIROXPAY,
2026-02-01,txn_3Sw82iK3ZXYJSkRp1BH5EOe3,charge,ch_3Sw82iK3ZXYJSkRp1sJ8TZCj,46.94,2.04,44.9,usd,2026-02-01 21:18:00,2026-02-05 00:00:00,,46.94,,,TGCFP-010226-4NHVV,,,,,-https://blyne.velorasignature.com/blyne-hardwood-floor-restorer-polish,"[{""name"":""Blyne Floor Restorer & Polish. - Premium (4.06 oz)/Buy 1, Get 1 FREE"",""quantity"":1,""unitAmount"":39.95}]",6.99,39.95,0,Lausan,STRIPE_RECEIPT_CUSTOMER,Vicbea,,ZENIROXPAY,
2026-02-02,txn_3SwDtvK3ZXYJSkRp0Cw7wYfl,charge,ch_3SwDtvK3ZXYJSkRp0eVoKIgX,114.89,4.55,110.34,usd,2026-02-02 03:34:00,2026-02-05 00:00:00,,114.89,,,TGCFP-010226-CP3AR,,,,,-https://blyne.velorasignature.com/blyne-hardwood-floor-restorer-polish,"[{""name"":""Blyne Floor Restorer & Polish. - Premium (4.06 oz)/Buy 2, Get 2 FREE (+ Bonus Mop Pad)"",""quantity"":2,""unitAmount"":53.95}]",6.99,107.9,0,Lausan,STRIPE_RECEIPT_CUSTOMER,Vicbea,,ZENIROXPAY,
2026-02-02,txn_3SwKQ6K3ZXYJSkRp0nZvuCXL,charge,ch_3SwKQ6K3ZXYJSkRp07ukYQbE,60.94,2.55,58.39,usd,2026-02-02 10:31:00,2026-02-05 00:00:00,,60.94,,,TGCFP-020226-MN81E,,,,,-https://blyne.velorasignature.com/blyne-hardwood-floor-restorer-polish,"[{""name"":""Blyne Floor Restorer & Polish. - Premium (4.06 oz)/Buy 2, Get 2 FREE (+ Bonus Mop Pad)"",""quantity"":1,""unitAmount"":53.95}]",6.99,53.95,0,Lausan,STRIPE_RECEIPT_CUSTOMER,Vicbea,,ZENIROXPAY,
2026-02-02,txn_3SwNhrK3ZXYJSkRp0KIz7weW,charge,ch_3SwNhrK3ZXYJSkRp0TwYYc5C,45.94,2,43.94,usd,2026-02-02 14:02:00,2026-02-05 00:00:00,,45.94,,,TGCFP-020226-QCY9T,,,,,-https://blyne.velorasignature.com/blyne-hardwood-floor-restorer-polish,"[{""name"":""Blyne Floor Restorer & Polish. - Premium (4.06 oz)/Buy 1, Get 1 FREE"",""quantity"":1,""unitAmount"":39.95}]",5.99,39.95,0,Lausan,STRIPE_RECEIPT_CUSTOMER,Vicbea,,ZENIROXPAY,
2026-02-02,txn_3SwOwKK3ZXYJSkRp1R5VPPqd,charge,ch_3SwOwKK3ZXYJSkRp12ZpnOhr,59.94,2.52,57.42,usd,2026-02-02 15:21:00,2026-02-05 00:00:00,,59.94,,,TGCFP-020226-298M3,,,,,-https://blyne.velorasignature.com/blyne-hardwood-floor-restorer-polish,"[{""name"":""Blyne Floor Restorer & Polish. - Premium (4.06 oz)/Buy 2, Get 2 FREE (+ Bonus Mop Pad)"",""quantity"":1,""unitAmount"":53.95}]",5.99,53.95,0,Lausan,STRIPE_RECEIPT_CUSTOMER,Vicbea,,ZENIROXPAY,
2026-02-02,txn_3SwOx1K3ZXYJSkRp1If1dJgO,charge,ch_3SwOx1K3ZXYJSkRp1YewWEY8,59.94,2.52,57.42,usd,2026-02-02 15:22:00,2026-02-05 00:00:00,,59.94,,,TGCFP-020226-UF43C,,,,,-https://blyne.velorasignature.com/blyne-hardwood-floor-restorer-polish,"[{""name"":""Blyne Floor Restorer & Polish. - Premium (4.06 oz)/Buy 2, Get 2 FREE (+ Bonus Mop Pad)"",""quantity"":1,""unitAmount"":53.95}]",5.99,53.95,0,Lausan,STRIPE_RECEIPT_CUSTOMER,Vicbea,,ZENIROXPAY,
2026-02-02,txn_3SwPQaK3ZXYJSkRp16BZ4bhi,charge,ch_3SwPQaK3ZXYJSkRp134LM0ZL,45.94,2,43.94,usd,2026-02-02 15:52:00,2026-02-05 00:00:00,,45.94,,,TGCFP-020226-K9H9L,,,,,-https://blyne.velorasignature.com/blyne-hardwood-floor-restorer-polish,"[{""name"":""Blyne Floor Restorer & Polish. - Premium (4.06 oz)/Buy 1, Get 1 FREE"",""quantity"":1,""unitAmount"":39.95}]",5.99,39.95,0,Lausan,STRIPE_RECEIPT_CUSTOMER,Vicbea,,ZENIROXPAY,
2026-02-02,txn_3SwPbBK3ZXYJSkRp0p0zbWsh,charge,ch_3SwPbBK3ZXYJSkRp0Q3XFSQP,45.94,2,43.94,usd,2026-02-02 16:03:00,2026-02-05 00:00:00,,45.94,,,TGCFP-020226-7X8PI,,,,,-https://blyne.velorasignature.com/blyne-hardwood-floor-restorer-polish,"[{""name"":""Blyne Floor Restorer & Polish. - Premium (4.06 oz)/Buy 1, Get 1 FREE"",""quantity"":1,""unitAmount"":39.95}]",5.99,39.95,0,Lausan,STRIPE_RECEIPT_CUSTOMER,Vicbea,,ZENIROXPAY,
2026-02-02,txn_3SwTT1K3ZXYJSkRp07ngbUhY,charge,ch_3SwTT1K3ZXYJSkRp0fsEQWy2,45.94,2,43.94,usd,2026-02-02 20:11:00,2026-02-05 00:00:00,,45.94,,,TGCFP-020226-IEEN8,,,,,-https://blyne.velorasignature.com/blyne-hardwood-floor-restorer-polish,"[{""name"":""Blyne Floor Restorer & Polish. - Premium (4.06 oz)/Buy 1, Get 1 FREE"",""quantity"":1,""unitAmount"":39.95}]",5.99,39.95,0,Lausan,STRIPE_RECEIPT_CUSTOMER,Vicbea,,ZENIROXPAY,
2026-02-02,txn_3SwUiCK3ZXYJSkRp1uSm4akA,charge,ch_3SwUiCK3ZXYJSkRp13a401p2,45.94,2,43.94,usd,2026-02-02 21:31:00,2026-02-05 00:00:00,,45.94,,,TGCFP-020226-8S835,,,,,-https://blyne.velorasignature.com/blyne-hardwood-floor-restorer-polish,"[{""name"":""Blyne Floor Restorer & Polish. - Premium (4.06 oz)/Buy 1, Get 1 FREE"",""quantity"":1,""unitAmount"":39.95}]",5.99,39.95,0,Lausan,STRIPE_RECEIPT_CUSTOMER,Vicbea,,ZENIROXPAY,
2026-02-02,txn_3SwV8oK3ZXYJSkRp1cGPW26L,charge,ch_3SwV8oK3ZXYJSkRp16p0PryC,59.94,2.52,57.42,usd,2026-02-02 21:58:00,2026-02-05 00:00:00,,59.94,,,TGCFP-020226-YS1JT,,,,,-https://blyne.velorasignature.com/blyne-hardwood-floor-restorer-polish,"[{""name"":""Blyne Floor Restorer & Polish. - Premium (4.06 oz)/Buy 2, Get 2 FREE (+ Bonus Mop Pad)"",""quantity"":1,""unitAmount"":53.95}]",5.99,53.95,0,Lausan,STRIPE_RECEIPT_CUSTOMER,Vicbea,,ZENIROXPAY,
2026-02-02,txn_3SwWEeK3ZXYJSkRp1MNIxPqz,charge,ch_3SwWEeK3ZXYJSkRp1rciHQk9,45.94,2,43.94,usd,2026-02-02 23:08:00,2026-02-05 00:00:00,,45.94,,,TGCFP-020226-3XMXV,,,,,-https://blyne.velorasignature.com/blyne-hardwood-floor-restorer-polish,"[{""name"":""Blyne Floor Restorer & Polish. - Premium (4.06 oz)/Buy 1, Get 1 FREE"",""quantity"":1,""unitAmount"":39.95}]",5.99,39.95,0,Lausan,STRIPE_RECEIPT_CUSTOMER,Vicbea,,ZENIROXPAY,
2026-02-03,txn_3SwXggK3ZXYJSkRp0TTzINQD,charge,ch_3SwXggK3ZXYJSkRp0gJ4alLc,60.94,2.55,58.39,usd,2026-02-03 00:41:00,2026-02-06 00:00:00,,60.94,,,TGCFP-020226-ZS9FS,,,,,-https://blyne.velorasignature.com/blyne-hardwood-floor-restorer-polish,"[{""name"":""Blyne Floor Restorer & Polish. - Premium (4.06 oz)/Buy 2, Get 2 FREE (+ Bonus Mop Pad)"",""quantity"":1,""unitAmount"":53.95}]",6.99,53.95,0,Lausan,STRIPE_RECEIPT_CUSTOMER,Vicbea,,ZENIROXPAY,
2026-02-03,txn_3SwZU9K3ZXYJSkRp0V1MU0rA,charge,ch_3SwZU9K3ZXYJSkRp01T6BeCm,60.94,2.55,58.39,usd,2026-02-03 02:37:00,2026-02-06 00:00:00,,60.94,,,TGCFP-020226-1ZYQY,,,,,-https://blyne.velorasignature.com/blyne-hardwood-floor-restorer-polish,"[{""name"":""Blyne Floor Restorer & Polish. - Premium (4.06 oz)/Buy 2, Get 2 FREE (+ Bonus Mop Pad)"",""quantity"":1,""unitAmount"":53.95}]",6.99,53.95,0,Lausan,STRIPE_RECEIPT_CUSTOMER,Vicbea,,ZENIROXPAY,
2026-02-03,txn_3SwaDWK3ZXYJSkRp0al8Cm1o,charge,ch_3SwaDWK3ZXYJSkRp0Q8kcn9Z,60.94,2.55,58.39,usd,2026-02-03 03:23:00,2026-02-06 00:00:00,,60.94,,,TGCFP-020226-OEBU7,,,,,-https://blyne.velorasignature.com/blyne-hardwood-floor-restorer-polish,"[{""name"":""Blyne Floor Restorer & Polish. - Premium (4.06 oz)/Buy 2, Get 2 FREE (+ Bonus Mop Pad)"",""quantity"":1,""unitAmount"":53.95}]",6.99,53.95,0,Lausan,STRIPE_RECEIPT_CUSTOMER,Vicbea,,ZENIROXPAY,
2026-02-03,txn_3SwaHGK3ZXYJSkRp0zXxr9fJ,charge,ch_3SwaHGK3ZXYJSkRp0758UfhS,46.94,2.04,44.9,usd,2026-02-03 03:27:00,2026-02-06 00:00:00,,46.94,,,TGCFP-020226-3Q2IJ,,,,,-https://blyne.velorasignature.com/blyne-hardwood-floor-restorer-polish,"[{""name"":""Blyne Floor Restorer & Polish. - Premium (4.06 oz)/Buy 1, Get 1 FREE"",""quantity"":1,""unitAmount"":39.95}]",6.99,39.95,0,Lausan,STRIPE_RECEIPT_CUSTOMER,Vicbea,,ZENIROXPAY,
2026-02-03,txn_3SwkRyK3ZXYJSkRp0g2VBIR1,charge,ch_3SwkRyK3ZXYJSkRp0kYnqP2E,46.94,2.04,44.9,usd,2026-02-03 14:19:00,2026-02-06 00:00:00,,46.94,,,TGCFP-030226-V4IAF,,,,,-https://blyne.velorasignature.com/blyne-hardwood-floor-restorer-polish,"[{""name"":""Blyne Floor Restorer & Polish. - Premium (4.06 oz)/Buy 1, Get 1 FREE"",""quantity"":1,""unitAmount"":39.95}]",6.99,39.95,0,Lausan,STRIPE_RECEIPT_CUSTOMER,Vicbea,,ZENIROXPAY,
2026-02-03,txn_3SwlgpK3ZXYJSkRp0l48upyx,charge,ch_3SwlgpK3ZXYJSkRp0ScqN2zq,60.94,2.55,58.39,usd,2026-02-03 15:38:00,2026-02-06 00:00:00,,60.94,,,TGCFP-030226-FMG75,,,,,-https://blyne.velorasignature.com/blyne-hardwood-floor-restorer-polish,"[{""name"":""Blyne Floor Restorer & Polish. - Premium (4.06 oz)/Buy 2, Get 2 FREE (+ Bonus Mop Pad)"",""quantity"":1,""unitAmount"":53.95}]",6.99,53.95,0,Lausan,STRIPE_RECEIPT_CUSTOMER,Vicbea,,ZENIROXPAY,
2026-02-03,txn_3Swms9K3ZXYJSkRp0dpOKMJO,charge,ch_3Swms9K3ZXYJSkRp0Dm1pPkK,60.94,2.55,58.39,usd,2026-02-03 16:54:00,2026-02-06 00:00:00,,60.94,,,TGCFP-030226-C1DL5,,,,,-https://blyne.velorasignature.com/blyne-hardwood-floor-restorer-polish,"[{""name"":""Blyne Floor Restorer & Polish. - Premium (4.06 oz)/Buy 2, Get 2 FREE (+ Bonus Mop Pad)"",""quantity"":1,""unitAmount"":53.95}]",6.99,53.95,0,Lausan,STRIPE_RECEIPT_CUSTOMER,Vicbea,,ZENIROXPAY,
2026-02-03,txn_3SwnZwK3ZXYJSkRp0jSn2PvR,charge,ch_3SwnZwK3ZXYJSkRp0rdMjw4q,46.94,2.04,44.9,usd,2026-02-03 17:39:00,2026-02-06 00:00:00,,46.94,,,TGCFP-030226-OFPJJ,,,,,-https://blyne.velorasignature.com/blyne-hardwood-floor-restorer-polish,"[{""name"":""Blyne Floor Restorer & Polish. - Premium (4.06 oz)/Buy 1, Get 1 FREE"",""quantity"":1,""unitAmount"":39.95}]",6.99,39.95,0,Lausan,STRIPE_RECEIPT_CUSTOMER,Vicbea,,ZENIROXPAY,
2026-02-03,txn_3SwnaxK3ZXYJSkRp03LSlxfl,charge,ch_3SwnaxK3ZXYJSkRp0d7kVvRr,60.94,2.55,58.39,usd,2026-02-03 17:41:00,2026-02-06 00:00:00,,60.94,,,TGCFP-030226-MX3OR,,,,,-https://blyne.velorasignature.com/blyne-hardwood-floor-restorer-polish,"[{""name"":""Blyne Floor Restorer & Polish. - Premium (4.06 oz)/Buy 2, Get 2 FREE (+ Bonus Mop Pad)"",""quantity"":1,""unitAmount"":53.95}]",6.99,53.95,0,Lausan,STRIPE_RECEIPT_CUSTOMER,Vicbea,,ZENIROXPAY,
2026-02-03,txn_3Swo0FK3ZXYJSkRp0kcq9qZs,charge,ch_3Swo0FK3ZXYJSkRp09YFLO8s,46.94,2.04,44.9,usd,2026-02-03 18:07:00,2026-02-06 00:00:00,,46.94,,,TGCFP-030226-CEXR7,,,,,-https://blyne.velorasignature.com/blyne-hardwood-floor-restorer-polish,"[{""name"":""Blyne Floor Restorer & Polish. - Premium (4.06 oz)/Buy 1, Get 1 FREE"",""quantity"":1,""unitAmount"":39.95}]",6.99,39.95,0,Lausan,STRIPE_RECEIPT_CUSTOMER,Vicbea,,ZENIROXPAY,
2026-02-03,txn_3SwpB8K3ZXYJSkRp0EbIEsue,charge,ch_3SwpB8K3ZXYJSkRp0CkHNRMK,46.94,2.04,44.9,usd,2026-02-03 19:22:00,2026-02-06 00:00:00,,46.94,,,TGCFP-030226-BM48Q,,,,,-https://blyne.velorasignature.com/blyne-hardwood-floor-restorer-polish,"[{""name"":""Blyne Floor Restorer & Polish. - Premium (4.06 oz)/Buy 1, Get 1 FREE"",""quantity"":1,""unitAmount"":39.95}]",6.99,39.95,0,Lausan,STRIPE_RECEIPT_CUSTOMER,Vicbea,,ZENIROXPAY,
2026-02-03,txn_3SwqtkK3ZXYJSkRp0ElBL6Fn,charge,ch_3SwqtkK3ZXYJSkRp0atHxUKL,46.94,2.04,44.9,usd,2026-02-03 21:12:00,2026-02-06 00:00:00,,46.94,,,TGCFP-030226-BFA50,,,,,-https://blyne.velorasignature.com/blyne-hardwood-floor-restorer-polish,"[{""name"":""Blyne Floor Restorer & Polish. - Premium (4.06 oz)/Buy 1, Get 1 FREE"",""quantity"":1,""unitAmount"":39.95}]",6.99,39.95,0,Lausan,STRIPE_RECEIPT_CUSTOMER,Vicbea,,ZENIROXPAY,
2026-02-03,txn_3Swr6KK3ZXYJSkRp0LYf9iJd,charge,ch_3Swr6KK3ZXYJSkRp0li52aeI,44.94,1.96,42.98,usd,2026-02-03 21:25:00,2026-02-06 00:00:00,,44.94,,,TGCFP-030226-L6152,,,,,-https://blyne.velorasignature.com/blyne-hardwood-floor-restorer-polish,"[{""name"":""Blyne Floor Restorer & Polish. - Standard (4.06 oz)/Buy 1, Get 1 FREE"",""quantity"":1,""unitAmount"":37.95}]",6.99,37.95,0,Lausan,STRIPE_RECEIPT_CUSTOMER,Vicbea,,ZENIROXPAY,
2026-02-04,txn_3Swx48K3ZXYJSkRp1KZxZg6L,charge,ch_3Swx48K3ZXYJSkRp1BmUuOPm,46.94,2.04,44.9,usd,2026-02-04 03:47:00,2026-02-09 00:00:00,,46.94,,,TGCFP-030226-H7QG6,,,,,-https://blyne.velorasignature.com/blyne-hardwood-floor-restorer-polish,"[{""name"":""Blyne Floor Restorer & Polish. - Premium (4.06 oz)/Buy 1, Get 1 FREE"",""quantity"":1,""unitAmount"":39.95}]",6.99,39.95,0,Lausan,STRIPE_RECEIPT_CUSTOMER,Vicbea,,ZENIROXPAY,
2026-02-04,txn_1Swy3EK3ZXYJSkRpxYCN4JJa,stripe_fee,,-11.02,0,-11.02,usd,2026-02-04 04:50:00,2026-02-04 04:50:00,,,,,,,,,,,,,,,,STRIPE_FEE,,,ZENIROXPAY,
2026-02-04,txn_3SnY6lK3ZXYJSkRp1qUCRnep,refund,ch_3SnY6lK3ZXYJSkRp1g13MGXu,-23.47,0,-23.47,usd,2026-02-04 08:01:00,2026-02-04 08:01:00,Refund 50% - Aftersales Service,23.47,true,Refund 50% - Aftersales Service,09P6U-080126-Z887O,,,,,,,,,,,STRIPE_REFUND,,,ZENIROXPAY,
2026-02-04,txn_3Sx1ysK3ZXYJSkRp0UOGe71X,charge,ch_3Sx1ysK3ZXYJSkRp0sanum1w,56.94,2.41,54.53,usd,2026-02-04 09:02:00,2026-02-09 00:00:00,,56.94,,,TGCFP-040226-HYO52,,,,,-https://blyne.velorasignature.com/blyne-hardwood-floor-restorer-polish,"[{""name"":""Blyne Floor Restorer & Polish. - Standard (4.06 oz)/Buy 2, Get 2 FREE (+ Bonus Mop Pad)"",""quantity"":1,""unitAmount"":49.95}]",6.99,49.95,0,Lausan,STRIPE_RECEIPT_CUSTOMER,Vicbea,,ZENIROXPAY,
2026-02-04,txn_3Sx83CK3ZXYJSkRp1iL2uhhu,charge,ch_3Sx83CK3ZXYJSkRp1FnU35br,60.94,2.55,58.39,usd,2026-02-04 15:31:00,2026-02-09 00:00:00,,60.94,,,TGCFP-040226-C2ZM6,,,,,-https://blyne.velorasignature.com/blyne-hardwood-floor-restorer-polish,"[{""name"":""Blyne Floor Restorer & Polish. - Premium (4.06 oz)/Buy 2, Get 2 FREE (+ Bonus Mop Pad)"",""quantity"":1,""unitAmount"":53.95}]",6.99,53.95,0,Lausan,STRIPE_RECEIPT_CUSTOMER,Vicbea,,ZENIROXPAY,
2026-02-04,txn_3SxANwK3ZXYJSkRp1RzTtvLa,charge,ch_3SxANwK3ZXYJSkRp17WCeeiy,60.94,2.55,58.39,usd,2026-02-04 18:01:00,2026-02-09 00:00:00,,60.94,,,TGCFP-040226-US4FG,,,,,-https://blyne.velorasignature.com/blyne-hardwood-floor-restorer-polish,"[{""name"":""Blyne Floor Restorer & Polish. - Premium (4.06 oz)/Buy 2, Get 2 FREE (+ Bonus Mop Pad)"",""quantity"":1,""unitAmount"":53.95}]",6.99,53.95,0,Lausan,STRIPE_RECEIPT_CUSTOMER,Vicbea,,ZENIROXPAY,
2026-02-04,txn_3SxAkhK3ZXYJSkRp0ZM2K8g8,charge,ch_3SxAkhK3ZXYJSkRp0lUJbNN6,46.94,2.04,44.9,usd,2026-02-04 18:24:00,2026-02-09 00:00:00,,46.94,,,TGCFP-040226-RHNBA,,,,,-https://blyne.velorasignature.com/blyne-hardwood-floor-restorer-polish,"[{""name"":""Blyne Floor Restorer & Polish. - Premium (4.06 oz)/Buy 1, Get 1 FREE"",""quantity"":1,""unitAmount"":39.95}]",6.99,39.95,0,Lausan,STRIPE_RECEIPT_CUSTOMER,Vicbea,,ZENIROXPAY,
2026-02-04,txn_3SxBWOK3ZXYJSkRp0neJzbU7,charge,ch_3SxBWOK3ZXYJSkRp0JLeZbR0,46.94,2.04,44.9,usd,2026-02-04 19:13:00,2026-02-09 00:00:00,,46.94,,,TGCFP-040226-EAKOO,,,,,-https://blyne.velorasignature.com/blyne-hardwood-floor-restorer-polish,"[{""name"":""Blyne Floor Restorer & Polish. - Premium (4.06 oz)/Buy 1, Get 1 FREE"",""quantity"":1,""unitAmount"":39.95}]",6.99,39.95,0,Lausan,STRIPE_RECEIPT_CUSTOMER,Vicbea,,ZENIROXPAY,
2026-02-04,txn_3SxD3oK3ZXYJSkRp0UasgTHV,charge,ch_3SxD3oK3ZXYJSkRp0TzyWnYy,46.94,2.04,44.9,usd,2026-02-04 20:52:00,2026-02-09 00:00:00,,46.94,,,TGCFP-040226-PGNIZ,,,,,-https://blyne.velorasignature.com/blyne-hardwood-floor-restorer-polish,"[{""name"":""Blyne Floor Restorer & Polish. - Premium (4.06 oz)/Buy 1, Get 1 FREE"",""quantity"":1,""unitAmount"":39.95}]",6.99,39.95,0,Lausan,STRIPE_RECEIPT_CUSTOMER,Vicbea,,ZENIROXPAY,
2026-02-04,txn_3SxFNrK3ZXYJSkRp1aKY6Q3B,charge,ch_3SxFNrK3ZXYJSkRp1k8d3ntF,46.94,2.04,44.9,usd,2026-02-04 23:21:00,2026-02-09 00:00:00,,46.94,,,TGCFP-040226-KJ9BH,,,,,-https://blyne.velorasignature.com/blyne-hardwood-floor-restorer-polish,"[{""name"":""Blyne Floor Restorer & Polish. - Premium (4.06 oz)/Buy 1, Get 1 FREE"",""quantity"":1,""unitAmount"":39.95}]",6.99,39.95,0,Lausan,STRIPE_RECEIPT_CUSTOMER,Vicbea,,ZENIROXPAY,
2026-02-04,txn_3SxFXQK3ZXYJSkRp1MmH6jjJ,charge,ch_3SxFXQK3ZXYJSkRp1OALISso,46.94,2.04,44.9,usd,2026-02-04 23:31:00,2026-02-09 00:00:00,,46.94,,,TGCFP-040226-ZT5UN,,,,,-https://blyne.velorasignature.com/blyne-hardwood-floor-restorer-polish,"[{""name"":""Blyne Floor Restorer & Polish. - Premium (4.06 oz)/Buy 1, Get 1 FREE"",""quantity"":1,""unitAmount"":39.95}]",6.99,39.95,0,Lausan,STRIPE_RECEIPT_CUSTOMER,Vicbea,,ZENIROXPAY,
2026-02-05,txn_3SxH7ZK3ZXYJSkRp1V8AVTim,charge,ch_3SxH7ZK3ZXYJSkRp1fI4S5Ke,60.94,2.55,58.39,usd,2026-02-05 01:12:00,2026-02-10 00:00:00,,60.94,,,TGCFP-040226-ULFEF,,,,,-https://blyne.velorasignature.com/blyne-hardwood-floor-restorer-polish,"[{""name"":""Blyne Floor Restorer & Polish. - Premium (4.06 oz)/Buy 2, Get 2 FREE (+ Bonus Mop Pad)"",""quantity"":1,""unitAmount"":53.95}]",6.99,53.95,0,Lausan,STRIPE_RECEIPT_CUSTOMER,Vicbea,,ZENIROXPAY,
2026-02-05,txn_3SxLXXK3ZXYJSkRp0YHzzrJq,charge,ch_3SxLXXK3ZXYJSkRp0zkf8Adl,60.94,2.55,58.39,usd,2026-02-05 05:55:00,2026-02-10 00:00:00,,60.94,,,TGCFP-040226-FG1UV,,,,,-https://blyne.velorasignature.com/blyne-hardwood-floor-restorer-polish,"[{""name"":""Blyne Floor Restorer & Polish. - Premium (4.06 oz)/Buy 2, Get 2 FREE (+ Bonus Mop Pad)"",""quantity"":1,""unitAmount"":53.95}]",6.99,53.95,0,Lausan,STRIPE_RECEIPT_CUSTOMER,Vicbea,,ZENIROXPAY,
2026-02-05,txn_3SxTJ9K3ZXYJSkRp1zy6CSit,charge,ch_3SxTJ9K3ZXYJSkRp1BiRUExf,10.75,0.7,10.05,usd,2026-02-05 14:13:00,2026-02-10 00:00:00,,10.75,,,JFSMZ-050226-XZP2K,,,,,-https://nopehope.com/demo-vintage-bohemian-natural-stone-bracelet-for-women-handmade-jewelry-blue-round-beads-carved-boho-bracelets-7m3qan,"[{""name"":""Vintage Bohemian Natural Stone Bracelet For Women Handmade Jewelry Blue Round Beads Carved Boho Bracelets - Blue"",""quantity"":1,""unitAmount"":5.76}]",4.99,5.76,0,Test FFT,STRIPE_RECEIPT_CUSTOMER,Test FFT,,ZENIROXPAY,
2026-02-05,txn_3SxTJ9K3ZXYJSkRp1bf0fu6b,refund,ch_3SxTJ9K3ZXYJSkRp1BiRUExf,-10.75,0,-10.75,usd,2026-02-05 14:45:00,2026-02-10 00:00:00,Customer request - cancel,10.75,true,Customer request - cancel,JFSMZ-050226-XZP2K,,,,,,,,,,,STRIPE_REFUND,,,ZENIROXPAY,
2026-02-05,txn_3SxTv1K3ZXYJSkRp0h7ttscr,charge,ch_3SxTv1K3ZXYJSkRp0S6faUhz,46.94,2.04,44.9,usd,2026-02-05 14:52:00,2026-02-10 00:00:00,,46.94,,,TGCFP-050226-TTLYR,,,,,-https://blyne.velorasignature.com/blyne-hardwood-floor-restorer-polish,"[{""name"":""Blyne Floor Restorer & Polish. - Premium (4.06 oz)/Buy 1, Get 1 FREE"",""quantity"":1,""unitAmount"":39.95}]",6.99,39.95,0,Lausan,STRIPE_RECEIPT_CUSTOMER,Vicbea,,ZENIROXPAY,
2026-02-05,txn_3SxTw3K3ZXYJSkRp0HWC1HtD,charge,ch_3SxTw3K3ZXYJSkRp09XbS5pX,46.94,2.04,44.9,usd,2026-02-05 14:53:00,2026-02-10 00:00:00,,46.94,,,TGCFP-050226-D6HD4,,,,,-https://blyne.velorasignature.com/blyne-hardwood-floor-restorer-polish,"[{""name"":""Blyne Floor Restorer & Polish. - Premium (4.06 oz)/Buy 1, Get 1 FREE"",""quantity"":1,""unitAmount"":39.95}]",6.99,39.95,0,Lausan,STRIPE_RECEIPT_CUSTOMER,Vicbea,,ZENIROXPAY,
2026-02-05,txn_3SxTx4K3ZXYJSkRp13vBXuTO,charge,ch_3SxTx4K3ZXYJSkRp1cBP1oUA,60.94,2.55,58.39,usd,2026-02-05 14:54:00,2026-02-10 00:00:00,,60.94,,,TGCFP-050226-N3S0M,,,,,-https://blyne.velorasignature.com/blyne-hardwood-floor-restorer-polish,"[{""name"":""Blyne Floor Restorer & Polish. - Premium (4.06 oz)/Buy 2, Get 2 FREE (+ Bonus Mop Pad)"",""quantity"":1,""unitAmount"":53.95}]",6.99,53.95,0,Lausan,STRIPE_RECEIPT_CUSTOMER,Vicbea,,ZENIROXPAY,
2026-02-05,txn_3SxU1JK3ZXYJSkRp10hir61J,charge,ch_3SxU1JK3ZXYJSkRp1Cm0TcJn,46.94,2.04,44.9,usd,2026-02-05 14:59:00,2026-02-10 00:00:00,,46.94,,,TGCFP-050226-SJMBI,,,,,-https://blyne.velorasignature.com/blyne-hardwood-floor-restorer-polish,"[{""name"":""Blyne Floor Restorer & Polish. - Premium (4.06 oz)/Buy 1, Get 1 FREE"",""quantity"":1,""unitAmount"":39.95}]",6.99,39.95,0,Lausan,STRIPE_RECEIPT_CUSTOMER,Vicbea,,ZENIROXPAY,
2026-02-05,txn_3SxcPbK3ZXYJSkRp1SUd2yfn,charge,ch_3SxcPbK3ZXYJSkRp1VMuqbcZ,46.94,2.04,44.9,usd,2026-02-05 23:56:00,2026-02-10 00:00:00,,46.94,,,TGCFP-050226-2N20L,,,,,-https://blyne.velorasignature.com/blyne-hardwood-floor-restorer-polish,"[{""name"":""Blyne Floor Restorer & Polish. - Premium (4.06 oz)/Buy 1, Get 1 FREE"",""quantity"":1,""unitAmount"":39.95}]",6.99,39.95,0,Lausan,STRIPE_RECEIPT_CUSTOMER,Vicbea,,ZENIROXPAY,
2026-02-06,txn_3SxeDkK3ZXYJSkRp1hkqMr92,charge,ch_3SxeDkK3ZXYJSkRp1e2UP2FN,60.94,2.55,58.39,usd,2026-02-06 01:52:00,2026-02-11 00:00:00,,60.94,,,TGCFP-050226-UXS7A,,,,,-https://blyne.velorasignature.com/blyne-hardwood-floor-restorer-polish,"[{""name"":""Blyne Floor Restorer & Polish. - Premium (4.06 oz)/Buy 2, Get 2 FREE (+ Bonus Mop Pad)"",""quantity"":1,""unitAmount"":53.95}]",6.99,53.95,0,Lausan,STRIPE_RECEIPT_CUSTOMER,Vicbea,,ZENIROXPAY,
2026-02-06,txn_1SxfrsK3ZXYJSkRpK5tPJYyI,adjustment,du_1SxfrhK3ZXYJSkRp7ojQ54Rm,-46.94,15,-61.94,usd,2026-02-06 03:38:00,2026-02-06 03:38:00,,,,,,,,,,,,,,,,STRIPE_ADJUSTMENT,,,ZENIROXPAY,
2026-02-06,txn_3SxpIlK3ZXYJSkRp1O3rU7tq,charge,ch_3SxpIlK3ZXYJSkRp1Y8lSwXg,60.94,2.55,58.39,usd,2026-02-06 13:42:00,2026-02-11 00:00:00,,60.94,,,TGCFP-060226-4DHGF,,,,,-https://blyne.velorasignature.com/blyne-hardwood-floor-restorer-polish,"[{""name"":""Blyne Floor Restorer & Polish. - Premium (4.06 oz)/Buy 2, Get 2 FREE (+ Bonus Mop Pad)"",""quantity"":1,""unitAmount"":53.95}]",6.99,53.95,0,Lausan,STRIPE_RECEIPT_CUSTOMER,Vicbea,,ZENIROXPAY,
2026-02-06,txn_3SxrmuK3ZXYJSkRp0ne7dfXW,charge,ch_3SxrmuK3ZXYJSkRp0OYrvxWf,46.94,2.04,44.9,usd,2026-02-06 16:21:00,2026-02-11 00:00:00,,46.94,,,TGCFP-060226-L8DCI,,,,,-https://blyne.velorasignature.com/blyne-hardwood-floor-restorer-polish,"[{""name"":""Blyne Floor Restorer & Polish. - Premium (4.06 oz)/Buy 1, Get 1 FREE"",""quantity"":1,""unitAmount"":39.95}]",6.99,39.95,0,Lausan,STRIPE_RECEIPT_CUSTOMER,Vicbea,,ZENIROXPAY,
2026-02-06,txn_3Sxv77K3ZXYJSkRp1lSvVmQf,charge,ch_3Sxv77K3ZXYJSkRp1OW2S9D3,46.94,2.04,44.9,usd,2026-02-06 19:54:00,2026-02-11 00:00:00,,46.94,,,TGCFP-060226-RWBW6,,,,,-https://blyne.velorasignature.com/blyne-hardwood-floor-restorer-polish,"[{""name"":""Blyne Floor Restorer & Polish. - Premium (4.06 oz)/Buy 1, Get 1 FREE"",""quantity"":1,""unitAmount"":39.95}]",6.99,39.95,0,Lausan,STRIPE_RECEIPT_CUSTOMER,Vicbea,,ZENIROXPAY,
2026-02-06,txn_3SxwOIK3ZXYJSkRp1XBVjrOS,charge,ch_3SxwOIK3ZXYJSkRp1l53JLeT,60.94,2.55,58.39,usd,2026-02-06 21:16:00,2026-02-11 00:00:00,,60.94,,,TGCFP-060226-FY2YK,,,,,-https://blyne.velorasignature.com/blyne-hardwood-floor-restorer-polish,"[{""name"":""Blyne Floor Restorer & Polish. - Premium (4.06 oz)/Buy 2, Get 2 FREE (+ Bonus Mop Pad)"",""quantity"":1,""unitAmount"":53.95}]",6.99,53.95,0,Lausan,STRIPE_RECEIPT_CUSTOMER,Vicbea,,ZENIROXPAY,
2026-02-06,txn_3Sxwv2K3ZXYJSkRp0lkzDiu6,charge,ch_3Sxwv2K3ZXYJSkRp0xfuoCgj,60.94,2.55,58.39,usd,2026-02-06 21:50:00,2026-02-11 00:00:00,,60.94,,,TGCFP-060226-94X18,,,,,-https://blyne.velorasignature.com/blyne-hardwood-floor-restorer-polish,"[{""name"":""Blyne Floor Restorer & Polish. - Premium (4.06 oz)/Buy 2, Get 2 FREE (+ Bonus Mop Pad)"",""quantity"":1,""unitAmount"":53.95}]",6.99,53.95,0,Lausan,STRIPE_RECEIPT_CUSTOMER,Vicbea,,ZENIROXPAY,
2026-02-06,txn_3SxyOfK3ZXYJSkRp1ukl7X5l,charge,ch_3SxyOfK3ZXYJSkRp1EfdSCi7,46.94,2.04,44.9,usd,2026-02-06 23:25:00,2026-02-11 00:00:00,,46.94,,,TGCFP-060226-QOA3H,,,,,-https://blyne.velorasignature.com/blyne-hardwood-floor-restorer-polish,"[{""name"":""Blyne Floor Restorer & Polish. - Premium (4.06 oz)/Buy 1, Get 1 FREE"",""quantity"":1,""unitAmount"":39.95}]",6.99,39.95,0,Lausan,STRIPE_RECEIPT_CUSTOMER,Vicbea,,ZENIROXPAY,
2026-02-07,txn_3Sy0kLK3ZXYJSkRp1E1ldJCb,charge,ch_3Sy0kLK3ZXYJSkRp1xrvQSsd,46.94,2.04,44.9,usd,2026-02-07 01:55:00,2026-02-12 00:00:00,,46.94,,,TGCFP-060226-04WVJ,,,,,-https://blyne.velorasignature.com/blyne-hardwood-floor-restorer-polish,"[{""name"":""Blyne Floor Restorer & Polish. - Premium (4.06 oz)/Buy 1, Get 1 FREE"",""quantity"":1,""unitAmount"":39.95}]",6.99,39.95,0,Lausan,STRIPE_RECEIPT_CUSTOMER,Vicbea,,ZENIROXPAY,
2026-02-07,txn_3Sy2tTK3ZXYJSkRp0WbDaAzs,charge,ch_3Sy2tTK3ZXYJSkRp04T5lipF,46.94,2.04,44.9,usd,2026-02-07 04:13:00,2026-02-12 00:00:00,,46.94,,,TGCFP-060226-LQ9NC,,,,,-https://blyne.velorasignature.com/blyne-hardwood-floor-restorer-polish,"[{""name"":""Blyne Floor Restorer & Polish. - Premium (4.06 oz)/Buy 1, Get 1 FREE"",""quantity"":1,""unitAmount"":39.95}]",6.99,39.95,0,Lausan,STRIPE_RECEIPT_CUSTOMER,Vicbea,,ZENIROXPAY,
2026-02-07,txn_3Sy8NJK3ZXYJSkRp0pkBMnnC,charge,ch_3Sy8NJK3ZXYJSkRp09roYBgj,46.94,2.04,44.9,usd,2026-02-07 10:04:00,2026-02-12 00:00:00,,46.94,,,TGCFP-070226-72K2B,,,,,-https://blyne.velorasignature.com/blyne-hardwood-floor-restorer-polish,"[{""name"":""Blyne Floor Restorer & Polish. - Premium (4.06 oz)/Buy 1, Get 1 FREE"",""quantity"":1,""unitAmount"":39.95}]",6.99,39.95,0,Lausan,STRIPE_RECEIPT_CUSTOMER,Vicbea,,ZENIROXPAY,
2026-02-07,txn_3SyAR4K3ZXYJSkRp1mPIJKd2,charge,ch_3SyAR4K3ZXYJSkRp1G5gSRSO,60.94,2.55,58.39,usd,2026-02-07 12:16:00,2026-02-12 00:00:00,,60.94,,,TGCFP-070226-C94Z9,,,,,-https://blyne.velorasignature.com/blyne-hardwood-floor-restorer-polish,"[{""name"":""Blyne Floor Restorer & Polish. - Premium (4.06 oz)/Buy 2, Get 2 FREE (+ Bonus Mop Pad)"",""quantity"":1,""unitAmount"":53.95}]",6.99,53.95,0,Lausan,STRIPE_RECEIPT_CUSTOMER,Vicbea,,ZENIROXPAY,
2026-02-07,txn_1SyEAHK3ZXYJSkRpcYjEvl3V,adjustment,du_1SkQyuK3ZXYJSkRp2ZvuX5hH,34.98,0,34.98,usd,2026-02-07 16:15:00,2026-02-07 16:15:00,,,,,,,,,,,,,,,,STRIPE_ADJUSTMENT,,,ZENIROXPAY,
2026-02-07,txn_3SyFtZK3ZXYJSkRp0Tr7HQNK,charge,ch_3SyFtZK3ZXYJSkRp0X9yqHAc,86.89,3.51,83.38,usd,2026-02-07 18:06:00,2026-02-12 00:00:00,,86.89,,,TGCFP-070226-YOPQN,,,,,-https://blyne.velorasignature.com/blyne-hardwood-floor-restorer-polish,"[{""name"":""Blyne Floor Restorer & Polish. - Premium (4.06 oz)/Buy 1, Get 1 FREE"",""quantity"":2,""unitAmount"":39.95}]",6.99,79.9,0,Lausan,STRIPE_RECEIPT_CUSTOMER,Vicbea,,ZENIROXPAY,
2026-02-07,txn_3SyH3bK3ZXYJSkRp0psjW9ZB,charge,ch_3SyH3bK3ZXYJSkRp0cDMZZqG,60.94,2.55,58.39,usd,2026-02-07 19:20:00,2026-02-12 00:00:00,,60.94,,,TGCFP-070226-654JO,,,,,-https://blyne.velorasignature.com/blyne-hardwood-floor-restorer-polish,"[{""name"":""Blyne Floor Restorer & Polish. - Premium (4.06 oz)/Buy 2, Get 2 FREE (+ Bonus Mop Pad)"",""quantity"":1,""unitAmount"":53.95}]",6.99,53.95,0,Lausan,STRIPE_RECEIPT_CUSTOMER,Vicbea,,ZENIROXPAY,
2026-02-08,txn_3SyNKwK3ZXYJSkRp1Uo1L8Ar,charge,ch_3SyNKwK3ZXYJSkRp13v0CjzL,60.94,2.55,58.39,usd,2026-02-08 02:03:00,2026-02-12 00:00:00,,60.94,,,TGCFP-070226-9ILSN,,,,,-https://blyne.velorasignature.com/blyne-hardwood-floor-restorer-polish,"[{""name"":""Blyne Floor Restorer & Polish. - Premium (4.06 oz)/Buy 2, Get 2 FREE (+ Bonus Mop Pad)"",""quantity"":1,""unitAmount"":53.95}]",6.99,53.95,0,Lausan,STRIPE_RECEIPT_CUSTOMER,Vicbea,,ZENIROXPAY,
2026-02-08,txn_3SyPFEK3ZXYJSkRp1GyjYOUE,charge,ch_3SyPFEK3ZXYJSkRp1GGzmCiu,60.94,2.55,58.39,usd,2026-02-08 04:05:00,2026-02-12 00:00:00,,60.94,,,TGCFP-070226-QRA1Y,,,,,-https://blyne.velorasignature.com/blyne-hardwood-floor-restorer-polish,"[{""name"":""Blyne Floor Restorer & Polish. - Premium (4.06 oz)/Buy 2, Get 2 FREE (+ Bonus Mop Pad)"",""quantity"":1,""unitAmount"":53.95}]",6.99,53.95,0,Lausan,STRIPE_RECEIPT_CUSTOMER,Vicbea,,ZENIROXPAY,
2026-02-08,txn_1SyPreK3ZXYJSkRpMLx83MsF,stripe_fee,,10.95,0,10.95,usd,2026-02-08 04:44:00,2026-02-08 04:44:00,,,,,,,,,,,,,,,,STRIPE_FEE,,,ZENIROXPAY,
2026-02-08,txn_3SyWj7K3ZXYJSkRp1n4EE3vU,charge,ch_3SyWj7K3ZXYJSkRp10gF08UG,46.94,2.04,44.9,usd,2026-02-08 12:04:00,2026-02-12 00:00:00,,46.94,,,TGCFP-080226-LN1VK,,,,,-https://blyne.velorasignature.com/blyne-hardwood-floor-restorer-polish,"[{""name"":""Blyne Floor Restorer & Polish. - Premium (4.06 oz)/Buy 1, Get 1 FREE"",""quantity"":1,""unitAmount"":39.95}]",6.99,39.95,0,Lausan,STRIPE_RECEIPT_CUSTOMER,Vicbea,,ZENIROXPAY,
2026-02-08,txn_1SyYipK3ZXYJSkRpQXUwCFDv,adjustment,du_1SyYidK3ZXYJSkRpP3ibEcnZ,-46.94,15,-61.94,usd,2026-02-08 14:12:00,2026-02-08 14:12:00,,,,,,,,,,,,,,,,STRIPE_ADJUSTMENT,,,ZENIROXPAY,
2026-02-08,txn_3SyaLcK3ZXYJSkRp0vX9JDLc,charge,ch_3SyaLcK3ZXYJSkRp0MoSS2Wi,46.94,2.04,44.9,usd,2026-02-08 15:56:00,2026-02-12 00:00:00,,46.94,,,TGCFP-080226-DHGOZ,,,,,-https://blyne.velorasignature.com/blyne-hardwood-floor-restorer-polish,"[{""name"":""Blyne Floor Restorer & Polish. - Premium (4.06 oz)/Buy 1, Get 1 FREE"",""quantity"":1,""unitAmount"":39.95}]",6.99,39.95,0,Lausan,STRIPE_RECEIPT_CUSTOMER,Vicbea,,ZENIROXPAY,
2026-02-08,txn_3Syb6aK3ZXYJSkRp0eXa6F1P,charge,ch_3Syb6aK3ZXYJSkRp0ylLDTuV,46.94,2.04,44.9,usd,2026-02-08 16:45:00,2026-02-12 00:00:00,,46.94,,,TGCFP-080226-AC01J,,,,,-https://blyne.velorasignature.com/blyne-hardwood-floor-restorer-polish,"[{""name"":""Blyne Floor Restorer & Polish. - Premium (4.06 oz)/Buy 1, Get 1 FREE"",""quantity"":1,""unitAmount"":39.95}]",6.99,39.95,0,Lausan,STRIPE_RECEIPT_CUSTOMER,Vicbea,,ZENIROXPAY,
2026-02-08,txn_3SybZOK3ZXYJSkRp1YaA8C7m,charge,ch_3SybZOK3ZXYJSkRp19RLAiMw,46.94,2.04,44.9,usd,2026-02-08 17:14:00,2026-02-12 00:00:00,,46.94,,,TGCFP-080226-BTPXR,,,,,-https://blyne.velorasignature.com/blyne-hardwood-floor-restorer-polish,"[{""name"":""Blyne Floor Restorer & Polish. - Premium (4.06 oz)/Buy 1, Get 1 FREE"",""quantity"":1,""unitAmount"":39.95}]",6.99,39.95,0,Lausan,STRIPE_RECEIPT_CUSTOMER,Vicbea,,ZENIROXPAY,
2026-02-08,txn_3SydEXK3ZXYJSkRp04bJPGJm,charge,ch_3SydEXK3ZXYJSkRp0s3978N4,46.94,2.04,44.9,usd,2026-02-08 19:01:00,2026-02-12 00:00:00,,46.94,,,TGCFP-080226-DY596,,,,,-https://blyne.velorasignature.com/blyne-hardwood-floor-restorer-polish,"[{""name"":""Blyne Floor Restorer & Polish. - Premium (4.06 oz)/Buy 1, Get 1 FREE"",""quantity"":1,""unitAmount"":39.95}]",6.99,39.95,0,Lausan,STRIPE_RECEIPT_CUSTOMER,Vicbea,,ZENIROXPAY,
2026-02-08,txn_3SydocK3ZXYJSkRp1d4hHX3j,charge,ch_3SydocK3ZXYJSkRp1ohQYE7l,46.94,2.04,44.9,usd,2026-02-08 19:38:00,2026-02-12 00:00:00,,46.94,,,TGCFP-080226-95O43,,,,,-https://blyne.velorasignature.com/blyne-hardwood-floor-restorer-polish,"[{""name"":""Blyne Floor Restorer & Polish. - Premium (4.06 oz)/Buy 1, Get 1 FREE"",""quantity"":1,""unitAmount"":39.95}]",6.99,39.95,0,Lausan,STRIPE_RECEIPT_CUSTOMER,Vicbea,,ZENIROXPAY,
2026-02-08,txn_3Syf4KK3ZXYJSkRp1nM0LEbj,charge,ch_3Syf4KK3ZXYJSkRp1JaUhemK,46.94,2.04,44.9,usd,2026-02-08 20:59:00,2026-02-12 00:00:00,,46.94,,,TGCFP-080226-UORHX,,,,,-https://blyne.velorasignature.com/blyne-hardwood-floor-restorer-polish,"[{""name"":""Blyne Floor Restorer & Polish. - Premium (4.06 oz)/Buy 1, Get 1 FREE"",""quantity"":1,""unitAmount"":39.95}]",6.99,39.95,0,Lausan,STRIPE_RECEIPT_CUSTOMER,Vicbea,,ZENIROXPAY,
2026-02-08,txn_3SyffOK3ZXYJSkRp02x2RCF7,charge,ch_3SyffOK3ZXYJSkRp05poMpDg,46.94,2.04,44.9,usd,2026-02-08 21:37:00,2026-02-12 00:00:00,,46.94,,,TGCFP-080226-8A35U,,,,,-https://blyne.velorasignature.com/blyne-hardwood-floor-restorer-polish,"[{""name"":""Blyne Floor Restorer & Polish. - Premium (4.06 oz)/Buy 1, Get 1 FREE"",""quantity"":1,""unitAmount"":39.95}]",6.99,39.95,0,Lausan,STRIPE_RECEIPT_CUSTOMER,Vicbea,,ZENIROXPAY,
2026-02-08,txn_3Syg01K3ZXYJSkRp1HcD1lJH,charge,ch_3Syg01K3ZXYJSkRp1jYHFxeu,46.94,2.04,44.9,usd,2026-02-08 21:58:00,2026-02-12 00:00:00,,46.94,,,TGCFP-080226-8Z66Z,,,,,-https://blyne.velorasignature.com/blyne-hardwood-floor-restorer-polish,"[{""name"":""Blyne Floor Restorer & Polish. - Premium (4.06 oz)/Buy 1, Get 1 FREE"",""quantity"":1,""unitAmount"":39.95}]",6.99,39.95,0,Lausan,STRIPE_RECEIPT_CUSTOMER,Vicbea,,ZENIROXPAY,
2026-02-09,txn_3Syi8WK3ZXYJSkRp0MRrWio8,charge,ch_3Syi8WK3ZXYJSkRp0ib54QCq,60.94,2.55,58.39,usd,2026-02-09 00:15:00,2026-02-12 00:00:00,,60.94,,,TGCFP-080226-575QS,,,,,-https://blyne.velorasignature.com/blyne-hardwood-floor-restorer-polish,"[{""name"":""Blyne Floor Restorer & Polish. - Premium (4.06 oz)/Buy 2, Get 2 FREE (+ Bonus Mop Pad)"",""quantity"":1,""unitAmount"":53.95}]",6.99,53.95,0,Lausan,STRIPE_RECEIPT_CUSTOMER,Vicbea,,ZENIROXPAY,
2026-02-09,txn_1SylG2K3ZXYJSkRp8WXfWdZH,payout,po_1SylG2K3ZXYJSkRpnLDwDf5k,-4000,0,-4000,usd,2026-02-09 03:35:00,2026-02-09 03:35:00,,,,,,,,,,,,,,,,STRIPE_PAYOUT,,Pingpong ZeniroxPay,ZENIROXPAY,
2026-02-09,txn_3Sw69TK3ZXYJSkRp0Y4NBk2o,refund,ch_3Sw69TK3ZXYJSkRp09zFgtox,-46.94,0,-46.94,usd,2026-02-09 03:41:00,2026-02-09 03:41:00,Customer request - Cancel,46.94,true,Customer request - Cancel,TGCFP-010226-M35HD,,,,,,,,,,,STRIPE_REFUND,,,ZENIROXPAY,
2026-02-09,txn_3SyscjK3ZXYJSkRp0piEOChe,charge,ch_3SyscjK3ZXYJSkRp0J6JwQ5G,60.94,2.55,58.39,usd,2026-02-09 11:27:00,2026-02-12 00:00:00,,60.94,,,TGCFP-090226-SNZ07,,,,,-https://blyne.velorasignature.com/blyne-hardwood-floor-restorer-polish,"[{""name"":""Blyne Floor Restorer & Polish. - Premium (4.06 oz)/Buy 2, Get 2 FREE (+ Bonus Mop Pad)"",""quantity"":1,""unitAmount"":53.95}]",6.99,53.95,0,Lausan,STRIPE_RECEIPT_CUSTOMER,Vicbea,,ZENIROXPAY,
2026-02-09,txn_1SysvgK3ZXYJSkRp0ZMoZfLR,adjustment,du_1SysvRK3ZXYJSkRphOsRfPOQ,-110.89,15,-125.89,usd,2026-02-09 11:46:00,2026-02-09 11:46:00,,,,,,,,,,,,,,,,STRIPE_ADJUSTMENT,,,ZENIROXPAY,
2026-02-09,txn_3SyveuK3ZXYJSkRp0lB13iiS,charge,ch_3SyveuK3ZXYJSkRp073FhfXr,46.94,2.04,44.9,usd,2026-02-09 14:41:00,2026-02-12 00:00:00,,46.94,,,TGCFP-090226-QSXFU,,,,,-https://blyne.velorasignature.com/blyne-hardwood-floor-restorer-polish,"[{""name"":""Blyne Floor Restorer & Polish. - Premium (4.06 oz)/Buy 1, Get 1 FREE"",""quantity"":1,""unitAmount"":39.95}]",6.99,39.95,0,Lausan,STRIPE_RECEIPT_CUSTOMER,Vicbea,,ZENIROXPAY,
2026-02-09,txn_3SywB1K3ZXYJSkRp11huaF40,charge,ch_3SywB1K3ZXYJSkRp19LTfwqh,46.94,2.04,44.9,usd,2026-02-09 15:15:00,2026-02-12 00:00:00,,46.94,,,TGCFP-090226-029GR,,,,,-https://blyne.velorasignature.com/blyne-hardwood-floor-restorer-polish,"[{""name"":""Blyne Floor Restorer & Polish. - Premium (4.06 oz)/Buy 1, Get 1 FREE"",""quantity"":1,""unitAmount"":39.95}]",6.99,39.95,0,Lausan,STRIPE_RECEIPT_CUSTOMER,Vicbea,,ZENIROXPAY,
2026-02-09,txn_3SyyRnK3ZXYJSkRp1lQvBiDx,charge,ch_3SyyRnK3ZXYJSkRp1NsTIvB3,60.94,2.55,58.39,usd,2026-02-09 17:40:00,2026-02-12 00:00:00,,60.94,,,TGCFP-090226-Q79WU,,,,,-https://blyne.velorasignature.com/blyne-hardwood-floor-restorer-polish,"[{""name"":""Blyne Floor Restorer & Polish. - Premium (4.06 oz)/Buy 2, Get 2 FREE (+ Bonus Mop Pad)"",""quantity"":1,""unitAmount"":53.95}]",6.99,53.95,0,Lausan,STRIPE_RECEIPT_CUSTOMER,Vicbea,,ZENIROXPAY,
2026-02-10,txn_3SzGT4K3ZXYJSkRp13WlSgsn,charge,ch_3SzGT4K3ZXYJSkRp1hEumJet,60.94,2.55,58.39,usd,2026-02-10 12:55:00,2026-02-13 00:00:00,,60.94,,,TGCFP-100226-67OAV,,,,,-https://blyne.velorasignature.com/blyne-hardwood-floor-restorer-polish,"[{""name"":""Blyne Floor Restorer & Polish. - Premium (4.06 oz)/Buy 2, Get 2 FREE (+ Bonus Mop Pad)"",""quantity"":1,""unitAmount"":53.95}]",6.99,53.95,0,Lausan,STRIPE_RECEIPT_CUSTOMER,Vicbea,,ZENIROXPAY,
2026-02-10,txn_3SzGfwK3ZXYJSkRp0LrxcCmX,charge,ch_3SzGfwK3ZXYJSkRp0S2L10LK,60.94,2.55,58.39,usd,2026-02-10 13:08:00,2026-02-13 00:00:00,,60.94,,,TGCFP-100226-6UX5Y,,,,,-https://blyne.velorasignature.com/blyne-hardwood-floor-restorer-polish,"[{""name"":""Blyne Floor Restorer & Polish. - Premium (4.06 oz)/Buy 2, Get 2 FREE (+ Bonus Mop Pad)"",""quantity"":1,""unitAmount"":53.95}]",6.99,53.95,0,Lausan,STRIPE_RECEIPT_CUSTOMER,Vicbea,,ZENIROXPAY,
2026-02-10,txn_3SzHMGK3ZXYJSkRp0afyjyYp,charge,ch_3SzHMGK3ZXYJSkRp0eTfOcV3,60.94,2.55,58.39,usd,2026-02-10 13:52:00,2026-02-13 00:00:00,,60.94,,,TGCFP-100226-LOWQB,,,,,-https://blyne.velorasignature.com/blyne-hardwood-floor-restorer-polish,"[{""name"":""Blyne Floor Restorer & Polish. - Premium (4.06 oz)/Buy 2, Get 2 FREE (+ Bonus Mop Pad)"",""quantity"":1,""unitAmount"":53.95}]",6.99,53.95,0,Lausan,STRIPE_RECEIPT_CUSTOMER,Vicbea,,ZENIROXPAY,
2026-02-10,txn_3SzIYXK3ZXYJSkRp1C3ELRHU,charge,ch_3SzIYXK3ZXYJSkRp1uNXFZ0g,46.94,2.04,44.9,usd,2026-02-10 15:08:00,2026-02-13 00:00:00,,46.94,,,TGCFP-100226-UL4HP,,,,,-https://blyne.velorasignature.com/blyne-hardwood-floor-restorer-polish,"[{""name"":""Blyne Floor Restorer & Polish. - Premium (4.06 oz)/Buy 1, Get 1 FREE"",""quantity"":1,""unitAmount"":39.95}]",6.99,39.95,0,Lausan,STRIPE_RECEIPT_CUSTOMER,Vicbea,,ZENIROXPAY,
2026-02-10,txn_3SzKQoK3ZXYJSkRp13iJJYOI,charge,ch_3SzKQoK3ZXYJSkRp1cm7uwrq,46.94,2.04,44.9,usd,2026-02-10 17:08:00,2026-02-13 00:00:00,,46.94,,,TGCFP-100226-HAEHB,,,,,-https://blyne.velorasignature.com/blyne-hardwood-floor-restorer-polish,"[{""name"":""Blyne Floor Restorer & Polish. - Premium (4.06 oz)/Buy 1, Get 1 FREE"",""quantity"":1,""unitAmount"":39.95}]",6.99,39.95,0,Lausan,STRIPE_RECEIPT_CUSTOMER,Vicbea,,ZENIROXPAY,
2026-02-10,txn_3SzKpAK3ZXYJSkRp1Wej2XGW,charge,ch_3SzKpAK3ZXYJSkRp1iVoOP4H,46.94,2.04,44.9,usd,2026-02-10 17:34:00,2026-02-13 00:00:00,,46.94,,,TGCFP-100226-BT0DQ,,,,,-https://blyne.velorasignature.com/blyne-hardwood-floor-restorer-polish,"[{""name"":""Blyne Floor Restorer & Polish. - Premium (4.06 oz)/Buy 1, Get 1 FREE"",""quantity"":1,""unitAmount"":39.95}]",6.99,39.95,0,Lausan,STRIPE_RECEIPT_CUSTOMER,Vicbea,,ZENIROXPAY,
2026-02-10,txn_3SzNPIK3ZXYJSkRp0q49zagX,charge,ch_3SzNPIK3ZXYJSkRp03Wr9WnS,60.94,2.55,58.39,usd,2026-02-10 20:19:00,2026-02-13 00:00:00,,60.94,,,TGCFP-100226-AVECZ,,,,,-https://blyne.velorasignature.com/blyne-hardwood-floor-restorer-polish,"[{""name"":""Blyne Floor Restorer & Polish. - Premium (4.06 oz)/Buy 2, Get 2 FREE (+ Bonus Mop Pad)"",""quantity"":1,""unitAmount"":53.95}]",6.99,53.95,0,Lausan,STRIPE_RECEIPT_CUSTOMER,Vicbea,,ZENIROXPAY,
2026-02-11,txn_1SzTrpK3ZXYJSkRpF8OshoJn,adjustment,du_1SzTrUK3ZXYJSkRpNc9rraff,-60.94,15,-75.94,usd,2026-02-11 03:13:00,2026-02-11 03:13:00,,,,,,,,,,,,,,,,STRIPE_ADJUSTMENT,,,ZENIROXPAY,
2026-02-11,txn_1SzVeqK3ZXYJSkRpeuTQ8EGP,stripe_fee,,-10.95,0,-10.95,usd,2026-02-11 05:08:00,2026-02-11 05:08:00,,,,,,,,,,,,,,,,STRIPE_FEE,,,ZENIROXPAY,
2026-02-11,txn_1SzVeqK3ZXYJSkRpcwKZDiZq,stripe_fee,,-11.02,0,-11.02,usd,2026-02-11 05:08:00,2026-02-11 05:08:00,,,,,,,,,,,,,,,,STRIPE_FEE,,,ZENIROXPAY,
2026-02-11,txn_3SpoW2K3ZXYJSkRp0GSYLobM,refund,ch_3SpoW2K3ZXYJSkRp0Lu0geXE,-30.47,0,-30.47,usd,2026-02-11 07:48:00,2026-02-11 07:48:00,Refund 50% - Aftersales Service,30.47,true,Refund 50% - Aftersales Service,TGCFP-150126-7RPAW,,,,,,,,,,,STRIPE_REFUND,,,ZENIROXPAY,
2026-02-11,txn_3SzbU2K3ZXYJSkRp1Jb0aHdr,charge,ch_3SzbU2K3ZXYJSkRp1dzclY5q,60.94,2.55,58.39,usd,2026-02-11 11:21:00,2026-02-17 00:00:00,,60.94,,,TGCFP-110226-IUHVS,,,,,-https://blyne.velorasignature.com/blyne-hardwood-floor-restorer-polish,"[{""name"":""Blyne Floor Restorer & Polish. - Premium (4.06 oz)/Buy 2, Get 2 FREE (+ Bonus Mop Pad)"",""quantity"":1,""unitAmount"":53.95}]",6.99,53.95,0,Lausan,STRIPE_RECEIPT_CUSTOMER,Vicbea,,ZENIROXPAY,
2026-02-11,txn_3SzeOqK3ZXYJSkRp1Z0VNGxK,charge,ch_3SzeOqK3ZXYJSkRp1JV2Ci0O,46.94,2.04,44.9,usd,2026-02-11 14:28:00,2026-02-17 00:00:00,,46.94,,,TGCFP-110226-QWYI6,,,,,-https://blyne.velorasignature.com/blyne-hardwood-floor-restorer-polish,"[{""name"":""Blyne Floor Restorer & Polish. - Premium (4.06 oz)/Buy 1, Get 1 FREE"",""quantity"":1,""unitAmount"":39.95}]",6.99,39.95,0,Lausan,STRIPE_RECEIPT_CUSTOMER,Vicbea,,ZENIROXPAY,
2026-02-11,txn_3SzfphK3ZXYJSkRp1AJ2eKG0,charge,ch_3SzfphK3ZXYJSkRp1PN2tGIu,60.94,2.55,58.39,usd,2026-02-11 16:00:00,2026-02-17 00:00:00,,60.94,,,TGCFP-110226-DEJBY,,,,,-https://blyne.velorasignature.com/blyne-hardwood-floor-restorer-polish,"[{""name"":""Blyne Floor Restorer & Polish. - Premium (4.06 oz)/Buy 2, Get 2 FREE (+ Bonus Mop Pad)"",""quantity"":1,""unitAmount"":53.95}]",6.99,53.95,0,Lausan,STRIPE_RECEIPT_CUSTOMER,Vicbea,,ZENIROXPAY,
2026-02-11,txn_3SzhJDK3ZXYJSkRp1wuPps6s,charge,ch_3SzhJDK3ZXYJSkRp166WdYmv,60.94,2.55,58.39,usd,2026-02-11 17:34:00,2026-02-17 00:00:00,,60.94,,,TGCFP-110226-24MI0,,,,,-https://blyne.velorasignature.com/blyne-hardwood-floor-restorer-polish,"[{""name"":""Blyne Floor Restorer & Polish. - Premium (4.06 oz)/Buy 2, Get 2 FREE (+ Bonus Mop Pad)"",""quantity"":1,""unitAmount"":53.95}]",6.99,53.95,0,Lausan,STRIPE_RECEIPT_CUSTOMER,Vicbea,,ZENIROXPAY,
2026-02-11,txn_3SzkrDK3ZXYJSkRp0yHS5Vvf,charge,ch_3SzkrDK3ZXYJSkRp0eJnTvSP,60.94,2.55,58.39,usd,2026-02-11 21:22:00,2026-02-17 00:00:00,,60.94,,,TGCFP-110226-HJYJQ,,,,,-https://blyne.velorasignature.com/blyne-hardwood-floor-restorer-polish,"[{""name"":""Blyne Floor Restorer & Polish. - Premium (4.06 oz)/Buy 2, Get 2 FREE (+ Bonus Mop Pad)"",""quantity"":1,""unitAmount"":53.95}]",6.99,53.95,0,Lausan,STRIPE_RECEIPT_CUSTOMER,Vicbea,,ZENIROXPAY,
2026-02-11,txn_3Szkt4K3ZXYJSkRp0iFW8MTO,charge,ch_3Szkt4K3ZXYJSkRp0MhoxQHu,46.94,2.04,44.9,usd,2026-02-11 21:23:00,2026-02-17 00:00:00,,46.94,,,TGCFP-110226-0AM43,,,,,-https://blyne.velorasignature.com/blyne-hardwood-floor-restorer-polish,"[{""name"":""Blyne Floor Restorer & Polish. - Premium (4.06 oz)/Buy 1, Get 1 FREE"",""quantity"":1,""unitAmount"":39.95}]",6.99,39.95,0,Lausan,STRIPE_RECEIPT_CUSTOMER,Vicbea,,ZENIROXPAY,
2026-02-11,txn_3Szn8UK3ZXYJSkRp1mPBZGou,charge,ch_3Szn8UK3ZXYJSkRp1t3U9AlY,46.94,2.04,44.9,usd,2026-02-11 23:47:00,2026-02-17 00:00:00,,46.94,,,TGCFP-110226-BC7YO,,,,,-https://blyne.velorasignature.com/blyne-hardwood-floor-restorer-polish,"[{""name"":""Blyne Floor Restorer & Polish. - Premium (4.06 oz)/Buy 1, Get 1 FREE"",""quantity"":1,""unitAmount"":39.95}]",6.99,39.95,0,Lausan,STRIPE_RECEIPT_CUSTOMER,Vicbea,,ZENIROXPAY,
2026-02-12,txn_3T01xGK3ZXYJSkRp1G3zZL2Y,charge,ch_3T01xGK3ZXYJSkRp1K2GRN17,60.94,2.55,58.39,usd,2026-02-12 15:37:00,2026-02-18 00:00:00,,60.94,,,TGCFP-120226-HA753,,,,,-https://blyne.velorasignature.com/blyne-hardwood-floor-restorer-polish,"[{""name"":""Blyne Floor Restorer & Polish. - Premium (4.06 oz)/Buy 2, Get 2 FREE (+ Bonus Mop Pad)"",""quantity"":1,""unitAmount"":53.95}]",6.99,53.95,0,Lausan,STRIPE_RECEIPT_CUSTOMER,Vicbea,,ZENIROXPAY,
2026-02-12,txn_3T01zKK3ZXYJSkRp18neYN4M,charge,ch_3T01zKK3ZXYJSkRp1O4cynlb,114.89,4.55,110.34,usd,2026-02-12 15:39:00,2026-02-18 00:00:00,,114.89,,,TGCFP-120226-PXQGX,,,,,-https://blyne.velorasignature.com/blyne-hardwood-floor-restorer-polish,"[{""name"":""Blyne Floor Restorer & Polish. - Premium (4.06 oz)/Buy 2, Get 2 FREE (+ Bonus Mop Pad)"",""quantity"":2,""unitAmount"":53.95}]",6.99,107.9,0,Lausan,STRIPE_RECEIPT_CUSTOMER,Vicbea,,ZENIROXPAY,
2026-02-12,txn_3T02RqK3ZXYJSkRp1BQXksgp,charge,ch_3T02RqK3ZXYJSkRp10jvxtPL,60.94,2.55,58.39,usd,2026-02-12 16:09:00,2026-02-18 00:00:00,,60.94,,,TGCFP-120226-15XW7,,,,,-https://blyne.velorasignature.com/blyne-hardwood-floor-restorer-polish,"[{""name"":""Blyne Floor Restorer & Polish. - Premium (4.06 oz)/Buy 2, Get 2 FREE (+ Bonus Mop Pad)"",""quantity"":1,""unitAmount"":53.95}]",6.99,53.95,0,Lausan,STRIPE_RECEIPT_CUSTOMER,Vicbea,,ZENIROXPAY,
2026-02-12,txn_3T05e0K3ZXYJSkRp1pqFc7M8,charge,ch_3T05e0K3ZXYJSkRp11CBHJnx,46.94,2.04,44.9,usd,2026-02-12 19:33:00,2026-02-18 00:00:00,,46.94,,,TGCFP-120226-L20JE,,,,,-https://blyne.velorasignature.com/blyne-hardwood-floor-restorer-polish,"[{""name"":""Blyne Floor Restorer & Polish. - Premium (4.06 oz)/Buy 1, Get 1 FREE"",""quantity"":1,""unitAmount"":39.95}]",6.99,39.95,0,Lausan,STRIPE_RECEIPT_CUSTOMER,Vicbea,,ZENIROXPAY,
2026-02-12,txn_3T08J2K3ZXYJSkRp0n9lmQ9M,charge,ch_3T08J2K3ZXYJSkRp06DUNDIA,46.94,2.04,44.9,usd,2026-02-12 22:24:00,2026-02-18 00:00:00,,46.94,,,TGCFP-120226-53HEC,,,,,-https://blyne.velorasignature.com/blyne-hardwood-floor-restorer-polish,"[{""name"":""Blyne Floor Restorer & Polish. - Premium (4.06 oz)/Buy 1, Get 1 FREE"",""quantity"":1,""unitAmount"":39.95}]",6.99,39.95,0,Lausan,STRIPE_RECEIPT_CUSTOMER,Vicbea,,ZENIROXPAY,
2026-02-12,txn_3T097bK3ZXYJSkRp05YBiXfa,charge,ch_3T097bK3ZXYJSkRp055eqfg0,46.94,2.04,44.9,usd,2026-02-12 23:16:00,2026-02-18 00:00:00,,46.94,,,TGCFP-120226-1RFJJ,,,,,-https://blyne.velorasignature.com/blyne-hardwood-floor-restorer-polish,"[{""name"":""Blyne Floor Restorer & Polish. - Premium (4.06 oz)/Buy 1, Get 1 FREE"",""quantity"":1,""unitAmount"":39.95}]",6.99,39.95,0,Lausan,STRIPE_RECEIPT_CUSTOMER,Vicbea,,ZENIROXPAY,
2026-02-13,txn_3T09zbK3ZXYJSkRp0tWxyxMT,charge,ch_3T09zbK3ZXYJSkRp0shvchhy,86.89,3.51,83.38,usd,2026-02-13 00:12:00,2026-02-19 00:00:00,,86.89,,,TGCFP-120226-3PA8A,,,,,-https://blyne.velorasignature.com/blyne-hardwood-floor-restorer-polish,"[{""name"":""Blyne Floor Restorer & Polish. - Premium (4.06 oz)/Buy 1, Get 1 FREE"",""quantity"":2,""unitAmount"":39.95}]",6.99,79.9,0,Lausan,STRIPE_RECEIPT_CUSTOMER,Vicbea,,ZENIROXPAY,
2026-02-13,txn_1T0BLfK3ZXYJSkRpjOozMO6D,stripe_fee,,-10.99,0,-10.99,usd,2026-02-13 01:39:00,2026-02-13 01:39:00,,,,,,,,,,,,,,,,STRIPE_FEE,,,ZENIROXPAY,
2026-02-13,txn_1T0BLfK3ZXYJSkRp0zNi8ONM,stripe_fee,,-10.97,0,-10.97,usd,2026-02-13 01:39:00,2026-02-13 01:39:00,,,,,,,,,,,,,,,,STRIPE_FEE,,,ZENIROXPAY,
2026-02-13,txn_3T0Cp3K3ZXYJSkRp0QxnZLOf,charge,ch_3T0Cp3K3ZXYJSkRp0j1muLE3,44.94,1.96,42.98,usd,2026-02-13 03:13:00,2026-02-19 00:00:00,,44.94,,,TGCFP-120226-TX602,,,,,-https://blyne.velorasignature.com/blyne-hardwood-floor-restorer-polish,"[{""name"":""Blyne Floor Restorer & Polish. - Standard (4.06 oz)/Buy 1, Get 1 FREE"",""quantity"":1,""unitAmount"":37.95}]",6.99,37.95,0,Lausan,STRIPE_RECEIPT_CUSTOMER,Vicbea,,ZENIROXPAY,
2026-02-13,txn_1T0D2RK3ZXYJSkRp5EBu9TI2,payout,po_1T0D2RK3ZXYJSkRppgv8JZpv,-1500,0,-1500,usd,2026-02-13 03:27:00,2026-02-13 03:27:00,,,,,,,,,,,,,,,,STRIPE_PAYOUT,,Pingpong ZeniroxPay,ZENIROXPAY,
2026-02-13,txn_3T0DflK3ZXYJSkRp1lztuIZv,charge,ch_3T0DflK3ZXYJSkRp1jKdbVrD,60.94,2.55,58.39,usd,2026-02-13 04:08:00,2026-02-19 00:00:00,,60.94,,,TGCFP-120226-G1PBC,,,,,-https://blyne.velorasignature.com/blyne-hardwood-floor-restorer-polish,"[{""name"":""Blyne Floor Restorer & Polish. - Premium (4.06 oz)/Buy 2, Get 2 FREE (+ Bonus Mop Pad)"",""quantity"":1,""unitAmount"":53.95}]",6.99,53.95,0,Lausan,STRIPE_RECEIPT_CUSTOMER,Vicbea,,ZENIROXPAY,
2026-02-13,txn_3T0GAtK3ZXYJSkRp0ieSJJw3,charge,ch_3T0GAtK3ZXYJSkRp0BiZqsdo,46.94,2.04,44.9,usd,2026-02-13 06:48:00,2026-02-19 00:00:00,,46.94,,,TGCFP-120226-9HX6S,,,,,-https://blyne.velorasignature.com/blyne-hardwood-floor-restorer-polish,"[{""name"":""Blyne Floor Restorer & Polish. - Premium (4.06 oz)/Buy 1, Get 1 FREE"",""quantity"":1,""unitAmount"":39.95}]",6.99,39.95,0,Lausan,STRIPE_RECEIPT_CUSTOMER,Vicbea,,ZENIROXPAY,
2026-02-13,txn_3T0LIuK3ZXYJSkRp10tyqx6J,charge,ch_3T0LIuK3ZXYJSkRp1t2Qd4N0,60.94,2.55,58.39,usd,2026-02-13 12:17:00,2026-02-19 00:00:00,,60.94,,,TGCFP-130226-NXUFD,,,,,-https://blyne.velorasignature.com/blyne-hardwood-floor-restorer-polish,"[{""name"":""Blyne Floor Restorer & Polish. - Premium (4.06 oz)/Buy 2, Get 2 FREE (+ Bonus Mop Pad)"",""quantity"":1,""unitAmount"":53.95}]",6.99,53.95,0,Lausan,STRIPE_RECEIPT_CUSTOMER,Vicbea,,ZENIROXPAY,
2026-02-13,txn_3T0MGgK3ZXYJSkRp1PHuxzJm,charge,ch_3T0MGgK3ZXYJSkRp1nyUoK7N,46.94,2.04,44.9,usd,2026-02-13 13:18:00,2026-02-19 00:00:00,,46.94,,,TGCFP-130226-8BCHM,,,,,-https://blyne.velorasignature.com/blyne-hardwood-floor-restorer-polish,"[{""name"":""Blyne Floor Restorer & Polish. - Premium (4.06 oz)/Buy 1, Get 1 FREE"",""quantity"":1,""unitAmount"":39.95}]",6.99,39.95,0,Lausan,STRIPE_RECEIPT_CUSTOMER,Vicbea,,ZENIROXPAY,
2026-02-13,txn_3T0MwUK3ZXYJSkRp00eIyhrr,charge,ch_3T0MwUK3ZXYJSkRp0nekeN3a,46.94,2.04,44.9,usd,2026-02-13 14:01:00,2026-02-19 00:00:00,,46.94,,,TGCFP-130226-DKFIV,,,,,-https://blyne.velorasignature.com/blyne-hardwood-floor-restorer-polish,"[{""name"":""Blyne Floor Restorer & Polish. - Premium (4.06 oz)/Buy 1, Get 1 FREE"",""quantity"":1,""unitAmount"":39.95}]",6.99,39.95,0,Lausan,STRIPE_RECEIPT_CUSTOMER,Vicbea,,ZENIROXPAY,
2026-02-13,txn_3T0PECK3ZXYJSkRp040AhpMr,charge,ch_3T0PECK3ZXYJSkRp0gFGtB9D,44.94,1.96,42.98,usd,2026-02-13 16:28:00,2026-02-19 00:00:00,,44.94,,,TGCFP-130226-914VU,,,,,-https://blyne.velorasignature.com/blyne-hardwood-floor-restorer-polish,"[{""name"":""Blyne Floor Restorer & Polish. - Standard (4.06 oz)/Buy 1, Get 1 FREE"",""quantity"":1,""unitAmount"":37.95}]",6.99,37.95,0,Lausan,STRIPE_RECEIPT_CUSTOMER,Vicbea,,ZENIROXPAY,
2026-02-13,txn_3T0RLVK3ZXYJSkRp1JIDwEcb,charge,ch_3T0RLVK3ZXYJSkRp1dKaZMq1,46.94,2.04,44.9,usd,2026-02-13 18:44:00,2026-02-19 00:00:00,,46.94,,,TGCFP-130226-K4N09,,,,,-https://blyne.velorasignature.com/blyne-hardwood-floor-restorer-polish,"[{""name"":""Blyne Floor Restorer & Polish. - Premium (4.06 oz)/Buy 1, Get 1 FREE"",""quantity"":1,""unitAmount"":39.95}]",6.99,39.95,0,Lausan,STRIPE_RECEIPT_CUSTOMER,Vicbea,,ZENIROXPAY,
2026-02-13,txn_3T0ReIK3ZXYJSkRp13YMrcL6,charge,ch_3T0ReIK3ZXYJSkRp1bewxltC,60.94,2.55,58.39,usd,2026-02-13 19:03:00,2026-02-19 00:00:00,,60.94,,,TGCFP-130226-PF2KU,,,,,-https://blyne.velorasignature.com/blyne-hardwood-floor-restorer-polish,"[{""name"":""Blyne Floor Restorer & Polish. - Premium (4.06 oz)/Buy 2, Get 2 FREE (+ Bonus Mop Pad)"",""quantity"":1,""unitAmount"":53.95}]",6.99,53.95,0,Lausan,STRIPE_RECEIPT_CUSTOMER,Vicbea,,ZENIROXPAY,
2026-02-13,txn_3T0TubK3ZXYJSkRp0OFl7nYH,charge,ch_3T0TubK3ZXYJSkRp03O01IfF,46.94,2.04,44.9,usd,2026-02-13 21:28:00,2026-02-19 00:00:00,,46.94,,,TGCFP-130226-2SP31,,,,,-https://blyne.velorasignature.com/blyne-hardwood-floor-restorer-polish,"[{""name"":""Blyne Floor Restorer & Polish. - Premium (4.06 oz)/Buy 1, Get 1 FREE"",""quantity"":1,""unitAmount"":39.95}]",6.99,39.95,0,Lausan,STRIPE_RECEIPT_CUSTOMER,Vicbea,,ZENIROXPAY,
2026-02-13,txn_3T0Ur7K3ZXYJSkRp1mc4DBPd,charge,ch_3T0Ur7K3ZXYJSkRp1mNvSRr8,44.94,1.96,42.98,usd,2026-02-13 22:28:00,2026-02-19 00:00:00,,44.94,,,TGCFP-130226-R0JR7,,,,,-https://blyne.velorasignature.com/blyne-hardwood-floor-restorer-polish,"[{""name"":""Blyne Floor Restorer & Polish. - Standard (4.06 oz)/Buy 1, Get 1 FREE"",""quantity"":1,""unitAmount"":37.95}]",6.99,37.95,0,Lausan,STRIPE_RECEIPT_CUSTOMER,Vicbea,,ZENIROXPAY,
2026-02-14,txn_3T0XDQK3ZXYJSkRp1YhncGBG,charge,ch_3T0XDQK3ZXYJSkRp1qNKYl43,60.94,2.55,58.39,usd,2026-02-14 01:00:00,2026-02-20 00:00:00,,60.94,,,TGCFP-130226-NJGQM,,,,,-https://blyne.velorasignature.com/blyne-hardwood-floor-restorer-polish,"[{""name"":""Blyne Floor Restorer & Polish. - Premium (4.06 oz)/Buy 2, Get 2 FREE (+ Bonus Mop Pad)"",""quantity"":1,""unitAmount"":53.95}]",6.99,53.95,0,Lausan,STRIPE_RECEIPT_CUSTOMER,Vicbea,,ZENIROXPAY,
2026-02-14,txn_3T0lZ0K3ZXYJSkRp13QF9ECM,charge,ch_3T0lZ0K3ZXYJSkRp14SINogK,46.94,2.04,44.9,usd,2026-02-14 16:19:00,2026-02-20 00:00:00,,46.94,,,TGCFP-140226-S9XPW,,,,,-https://blyne.velorasignature.com/blyne-hardwood-floor-restorer-polish,"[{""name"":""Blyne Floor Restorer & Polish. - Premium (4.06 oz)/Buy 1, Get 1 FREE"",""quantity"":1,""unitAmount"":39.95}]",6.99,39.95,0,Lausan,STRIPE_RECEIPT_CUSTOMER,Vicbea,,ZENIROXPAY,
2026-02-14,txn_3T0oP9K3ZXYJSkRp1Y5AtxVb,charge,ch_3T0oP9K3ZXYJSkRp12HG4Z3P,60.94,2.55,58.39,usd,2026-02-14 19:21:00,2026-02-20 00:00:00,,60.94,,,TGCFP-140226-W4NX2,,,,,-https://blyne.velorasignature.com/blyne-hardwood-floor-restorer-polish,"[{""name"":""Blyne Floor Restorer & Polish. - Premium (4.06 oz)/Buy 2, Get 2 FREE (+ Bonus Mop Pad)"",""quantity"":1,""unitAmount"":53.95}]",6.99,53.95,0,Lausan,STRIPE_RECEIPT_CUSTOMER,Vicbea,,ZENIROXPAY,
2026-02-14,txn_3T0orGK3ZXYJSkRp0TGdxAoS,charge,ch_3T0orGK3ZXYJSkRp03LXjL9g,46.94,2.04,44.9,usd,2026-02-14 19:50:00,2026-02-20 00:00:00,,46.94,,,TGCFP-140226-70SYP,,,,,-https://blyne.velorasignature.com/blyne-hardwood-floor-restorer-polish,"[{""name"":""Blyne Floor Restorer & Polish. - Premium (4.06 oz)/Buy 1, Get 1 FREE"",""quantity"":1,""unitAmount"":39.95}]",6.99,39.95,0,Lausan,STRIPE_RECEIPT_CUSTOMER,Vicbea,,ZENIROXPAY,
2026-02-15,txn_3T16I8K3ZXYJSkRp1nRNzkk0,charge,ch_3T16I8K3ZXYJSkRp15KvWQe3,166.79,6.47,160.32,usd,2026-02-15 14:27:00,2026-02-20 00:00:00,,166.79,,,TGCFP-150226-ZLZ5M,,,,,-https://blyne.velorasignature.com/blyne-hardwood-floor-restorer-polish,"[{""name"":""Blyne Floor Restorer & Polish. - Premium (4.06 oz)/Buy 1, Get 1 FREE"",""quantity"":4,""unitAmount"":39.95}]",6.99,159.8,0,Lausan,STRIPE_RECEIPT_CUSTOMER,Vicbea,,ZENIROXPAY,
2026-02-15,txn_3T16sSK3ZXYJSkRp1FMXCxaf,charge,ch_3T16sSK3ZXYJSkRp1PeQftxH,46.94,2.04,44.9,usd,2026-02-15 15:04:00,2026-02-20 00:00:00,,46.94,,,TGCFP-150226-LKECG,,,,,-https://blyne.velorasignature.com/blyne-hardwood-floor-restorer-polish,"[{""name"":""Blyne Floor Restorer & Polish. - Premium (4.06 oz)/Buy 1, Get 1 FREE"",""quantity"":1,""unitAmount"":39.95}]",6.99,39.95,0,Lausan,STRIPE_RECEIPT_CUSTOMER,Vicbea,,ZENIROXPAY,
2026-02-15,txn_3T17bpK3ZXYJSkRp0DmMI66H,charge,ch_3T17bpK3ZXYJSkRp0V1Emi3X,46.94,2.04,44.9,usd,2026-02-15 15:51:00,2026-02-20 00:00:00,,46.94,,,TGCFP-150226-JTXAI,,,,,-https://blyne.velorasignature.com/blyne-hardwood-floor-restorer-polish,"[{""name"":""Blyne Floor Restorer & Polish. - Premium (4.06 oz)/Buy 1, Get 1 FREE"",""quantity"":1,""unitAmount"":39.95}]",6.99,39.95,0,Lausan,STRIPE_RECEIPT_CUSTOMER,Vicbea,,ZENIROXPAY,
2026-02-15,txn_3T19mAK3ZXYJSkRp0Lb2flB2,charge,ch_3T19mAK3ZXYJSkRp0ihzdSyw,60.94,2.55,58.39,usd,2026-02-15 18:10:00,2026-02-20 00:00:00,,60.94,,,TGCFP-150226-SAJT8,,,,,-https://blyne.velorasignature.com/blyne-hardwood-floor-restorer-polish,"[{""name"":""Blyne Floor Restorer & Polish. - Premium (4.06 oz)/Buy 2, Get 2 FREE (+ Bonus Mop Pad)"",""quantity"":1,""unitAmount"":53.95}]",6.99,53.95,0,Lausan,STRIPE_RECEIPT_CUSTOMER,Vicbea,,ZENIROXPAY,
2026-02-15,txn_3T1ELxK3ZXYJSkRp0ZSb7rLL,charge,ch_3T1ELxK3ZXYJSkRp0F40bL96,46.94,2.04,44.9,usd,2026-02-15 23:03:00,2026-02-20 00:00:00,,46.94,,,TGCFP-150226-0FBC6,,,,,-https://blyne.velorasignature.com/blyne-hardwood-floor-restorer-polish,"[{""name"":""Blyne Floor Restorer & Polish. - Premium (4.06 oz)/Buy 1, Get 1 FREE"",""quantity"":1,""unitAmount"":39.95}]",6.99,39.95,0,Lausan,STRIPE_RECEIPT_CUSTOMER,Vicbea,,ZENIROXPAY,
2026-02-15,txn_3T1EljK3ZXYJSkRp0oSrqRO1,charge,ch_3T1EljK3ZXYJSkRp0RcpdzKT,46.94,2.04,44.9,usd,2026-02-15 23:30:00,2026-02-20 00:00:00,,46.94,,,TGCFP-150226-HYU3H,,,,,-https://blyne.velorasignature.com/blyne-hardwood-floor-restorer-polish,"[{""name"":""Blyne Floor Restorer & Polish. - Premium (4.06 oz)/Buy 1, Get 1 FREE"",""quantity"":1,""unitAmount"":39.95}]",6.99,39.95,0,Lausan,STRIPE_RECEIPT_CUSTOMER,Vicbea,,ZENIROXPAY,
2026-02-16,txn_3T1HF8K3ZXYJSkRp02RXiGEU,charge,ch_3T1HF8K3ZXYJSkRp02N7m0rz,60.94,2.55,58.39,usd,2026-02-16 02:08:00,2026-02-20 00:00:00,,60.94,,,TGCFP-150226-RZU8Q,,,,,-https://blyne.velorasignature.com/blyne-hardwood-floor-restorer-polish,"[{""name"":""Blyne Floor Restorer & Polish. - Premium (4.06 oz)/Buy 2, Get 2 FREE (+ Bonus Mop Pad)"",""quantity"":1,""unitAmount"":53.95}]",6.99,53.95,0,Lausan,STRIPE_RECEIPT_CUSTOMER,Vicbea,,ZENIROXPAY,
2026-02-16,txn_3T1U8IK3ZXYJSkRp0tWSSJ8a,charge,ch_3T1U8IK3ZXYJSkRp0mbqtL31,46.94,2.04,44.9,usd,2026-02-16 15:54:00,2026-02-20 00:00:00,,46.94,,,TGCFP-160226-N026N,,,,,-https://blyne.velorasignature.com/blyne-hardwood-floor-restorer-polish,"[{""name"":""Blyne Floor Restorer & Polish. - Premium (4.06 oz)/Buy 1, Get 1 FREE"",""quantity"":1,""unitAmount"":39.95}]",6.99,39.95,0,Lausan,STRIPE_RECEIPT_CUSTOMER,Vicbea,,ZENIROXPAY,
2026-02-16,txn_3T1V0fK3ZXYJSkRp18wjPM2T,charge,ch_3T1V0fK3ZXYJSkRp1tAyvpcI,46.94,2.04,44.9,usd,2026-02-16 16:51:00,2026-02-20 00:00:00,,46.94,,,TGCFP-160226-6038J,,,,,-https://blyne.velorasignature.com/blyne-hardwood-floor-restorer-polish,"[{""name"":""Blyne Floor Restorer & Polish. - Premium (4.06 oz)/Buy 1, Get 1 FREE"",""quantity"":1,""unitAmount"":39.95}]",6.99,39.95,0,Lausan,STRIPE_RECEIPT_CUSTOMER,Vicbea,,ZENIROXPAY,
2026-02-16,txn_1T1VaVK3ZXYJSkRpy7T7gJxW,adjustment,du_1Sp7D4K3ZXYJSkRpJq64XbGF,34.98,0,34.98,usd,2026-02-16 17:27:00,2026-02-16 17:27:00,,,,,,,,,,,,,,,,STRIPE_ADJUSTMENT,,,ZENIROXPAY,
2026-02-16,txn_3T1W21K3ZXYJSkRp12uR0yFS,charge,ch_3T1W21K3ZXYJSkRp1IyAUGcX,46.94,2.04,44.9,usd,2026-02-16 17:56:00,2026-02-20 00:00:00,,46.94,,,TGCFP-160226-G3FXZ,,,,,-https://blyne.velorasignature.com/blyne-hardwood-floor-restorer-polish,"[{""name"":""Blyne Floor Restorer & Polish. - Premium (4.06 oz)/Buy 1, Get 1 FREE"",""quantity"":1,""unitAmount"":39.95}]",6.99,39.95,0,Lausan,STRIPE_RECEIPT_CUSTOMER,Vicbea,,ZENIROXPAY,
2026-02-16,txn_3T1WCYK3ZXYJSkRp0OKz0nXV,charge,ch_3T1WCYK3ZXYJSkRp0rvvBqtX,60.94,2.55,58.39,usd,2026-02-16 18:07:00,2026-02-20 00:00:00,,60.94,,,TGCFP-160226-G7XQ3,,,,,-https://blyne.velorasignature.com/blyne-hardwood-floor-restorer-polish,"[{""name"":""Blyne Floor Restorer & Polish. - Premium (4.06 oz)/Buy 2, Get 2 FREE (+ Bonus Mop Pad)"",""quantity"":1,""unitAmount"":53.95}]",6.99,53.95,0,Lausan,STRIPE_RECEIPT_CUSTOMER,Vicbea,,ZENIROXPAY,
2026-02-16,txn_3T1WbPK3ZXYJSkRp1Ay5uglY,charge,ch_3T1WbPK3ZXYJSkRp1mu73ycf,46.94,2.04,44.9,usd,2026-02-16 18:33:00,2026-02-20 00:00:00,,46.94,,,TGCFP-160226-GO3V5,,,,,-https://blyne.velorasignature.com/blyne-hardwood-floor-restorer-polish,"[{""name"":""Blyne Floor Restorer & Polish. - Premium (4.06 oz)/Buy 1, Get 1 FREE"",""quantity"":1,""unitAmount"":39.95}]",6.99,39.95,0,Lausan,STRIPE_RECEIPT_CUSTOMER,Vicbea,,ZENIROXPAY,
2026-02-17,txn_3T1cWgK3ZXYJSkRp0uditcjj,charge,ch_3T1cWgK3ZXYJSkRp0MEOrzeh,60.94,2.55,58.39,usd,2026-02-17 00:52:00,2026-02-20 00:00:00,,60.94,,,TGCFP-160226-4BY4U,,,,,-https://blyne.velorasignature.com/blyne-hardwood-floor-restorer-polish,"[{""name"":""Blyne Floor Restorer & Polish. - Premium (4.06 oz)/Buy 2, Get 2 FREE (+ Bonus Mop Pad)"",""quantity"":1,""unitAmount"":53.95}]",6.99,53.95,0,Lausan,STRIPE_RECEIPT_CUSTOMER,Vicbea,,ZENIROXPAY,
2026-02-17,txn_1T1dFDK3ZXYJSkRpDX9Yde0d,stripe_fee,,10.81,0,10.81,usd,2026-02-17 01:38:00,2026-02-17 01:38:00,,,,,,,,,,,,,,,,STRIPE_FEE,,,ZENIROXPAY,
2026-02-17,txn_3T1nP8K3ZXYJSkRp0qoYkJtj,charge,ch_3T1nP8K3ZXYJSkRp0hRrLh3b,46.94,2.04,44.9,usd,2026-02-17 12:29:00,2026-02-20 00:00:00,,46.94,,,TGCFP-170226-KLQEK,,,,,-https://blyne.velorasignature.com/blyne-hardwood-floor-restorer-polish,"[{""name"":""Blyne Floor Restorer & Polish. - Premium (4.06 oz)/Buy 1, Get 1 FREE"",""quantity"":1,""unitAmount"":39.95}]",6.99,39.95,0,Lausan,STRIPE_RECEIPT_CUSTOMER,Vicbea,,ZENIROXPAY,
2026-02-17,txn_3T1qGWK3ZXYJSkRp1dKIs3kK,charge,ch_3T1qGWK3ZXYJSkRp18yyGxvl,46.94,2.04,44.9,usd,2026-02-17 15:32:00,2026-02-20 00:00:00,,46.94,,,TGCFP-170226-4LYUN,,,,,-https://blyne.velorasignature.com/blyne-hardwood-floor-restorer-polish,"[{""name"":""Blyne Floor Restorer & Polish. - Premium (4.06 oz)/Buy 1, Get 1 FREE"",""quantity"":1,""unitAmount"":39.95}]",6.99,39.95,0,Lausan,STRIPE_RECEIPT_CUSTOMER,Vicbea,,ZENIROXPAY,
2026-02-17,txn_3T1w9lK3ZXYJSkRp0izBxYl4,charge,ch_3T1w9lK3ZXYJSkRp0sd61T36,46.94,2.04,44.9,usd,2026-02-17 21:50:00,2026-02-20 00:00:00,,46.94,,,TGCFP-170226-X72E0,,,,,-https://blyne.velorasignature.com/blyne-hardwood-floor-restorer-polish,"[{""name"":""Blyne Floor Restorer & Polish. - Premium (4.06 oz)/Buy 1, Get 1 FREE"",""quantity"":1,""unitAmount"":39.95}]",6.99,39.95,0,Lausan,STRIPE_RECEIPT_CUSTOMER,Vicbea,,ZENIROXPAY,
2026-02-18,txn_3T22SqK3ZXYJSkRp1Bx6aqrQ,charge,ch_3T22SqK3ZXYJSkRp13nSco0M,60.94,2.55,58.39,usd,2026-02-18 04:34:00,2026-02-23 00:00:00,,60.94,,,TGCFP-170226-WHBCO,,,,,-https://blyne.velorasignature.com/blyne-hardwood-floor-restorer-polish,"[{""name"":""Blyne Floor Restorer & Polish. - Premium (4.06 oz)/Buy 2, Get 2 FREE (+ Bonus Mop Pad)"",""quantity"":1,""unitAmount"":53.95}]",6.99,53.95,0,Lausan,STRIPE_RECEIPT_CUSTOMER,Vicbea,,ZENIROXPAY,
2026-02-18,txn_1T24SwK3ZXYJSkRptrxmgGEZ,adjustment,du_1T24SiK3ZXYJSkRpcEZrDbNd,-50.98,15,-65.98,usd,2026-02-18 06:42:00,2026-02-18 06:42:00,,,,,,,,,,,,,,,,STRIPE_ADJUSTMENT,,,ZENIROXPAY,
2026-02-18,txn_3T2ANuK3ZXYJSkRp0fFaVI16,charge,ch_3T2ANuK3ZXYJSkRp0JMWs2XI,46.94,2.04,44.9,usd,2026-02-18 13:01:00,2026-02-23 00:00:00,,46.94,,,TGCFP-180226-SBFVQ,,,,,-https://blyne.velorasignature.com/blyne-hardwood-floor-restorer-polish,"[{""name"":""Blyne Floor Restorer & Polish. - Premium (4.06 oz)/Buy 1, Get 1 FREE"",""quantity"":1,""unitAmount"":39.95}]",6.99,39.95,0,Lausan,STRIPE_RECEIPT_CUSTOMER,Vicbea,,ZENIROXPAY,
2026-02-18,txn_3T2EiVK3ZXYJSkRp1AZdCy9L,charge,ch_3T2EiVK3ZXYJSkRp1GZbyLd8,46.94,2.04,44.9,usd,2026-02-18 17:39:00,2026-02-23 00:00:00,,46.94,,,TGCFP-180226-77TX6,,,,,-https://blyne.velorasignature.com/blyne-hardwood-floor-restorer-polish,"[{""name"":""Blyne Floor Restorer & Polish. - Premium (4.06 oz)/Buy 1, Get 1 FREE"",""quantity"":1,""unitAmount"":39.95}]",6.99,39.95,0,Lausan,STRIPE_RECEIPT_CUSTOMER,Vicbea,,ZENIROXPAY,
2026-02-18,txn_3T2ItxK3ZXYJSkRp140UuhfW,charge,ch_3T2ItxK3ZXYJSkRp17OUWvUQ,46.94,2.04,44.9,usd,2026-02-18 22:07:00,2026-02-23 00:00:00,,46.94,,,TGCFP-180226-I834O,,,,,-https://blyne.velorasignature.com/blyne-hardwood-floor-restorer-polish,"[{""name"":""Blyne Floor Restorer & Polish. - Premium (4.06 oz)/Buy 1, Get 1 FREE"",""quantity"":1,""unitAmount"":39.95}]",6.99,39.95,0,Lausan,STRIPE_RECEIPT_CUSTOMER,Vicbea,,ZENIROXPAY,
2026-02-18,txn_3T2Iu7K3ZXYJSkRp1T7jjAJc,charge,ch_3T2Iu7K3ZXYJSkRp1r8sXW1u,46.94,2.04,44.9,usd,2026-02-18 22:08:00,2026-02-23 00:00:00,,46.94,,,TGCFP-180226-G9YGO,,,,,-https://blyne.velorasignature.com/blyne-hardwood-floor-restorer-polish,"[{""name"":""Blyne Floor Restorer & Polish. - Premium (4.06 oz)/Buy 1, Get 1 FREE"",""quantity"":1,""unitAmount"":39.95}]",6.99,39.95,0,Lausan,STRIPE_RECEIPT_CUSTOMER,Vicbea,,ZENIROXPAY,
2026-02-19,txn_3T2Mx8K3ZXYJSkRp074XKlrx,charge,ch_3T2Mx8K3ZXYJSkRp0VZdUCYs,46.94,2.04,44.9,usd,2026-02-19 02:26:00,2026-02-24 00:00:00,,46.94,,,TGCFP-180226-DEKGX,,,,,-https://blyne.velorasignature.com/ts-theme,"[{""name"":""Theme of Blyne Floor Restorer & Polish. - Premium (4.06 oz)/Buy 1, Get 1 FREE"",""quantity"":1,""unitAmount"":39.95}]",6.99,39.95,0,Lausan,STRIPE_RECEIPT_CUSTOMER,Vicbea,,ZENIROXPAY,
2026-02-19,txn_3T2NHMK3ZXYJSkRp1b0ew4eI,charge,ch_3T2NHMK3ZXYJSkRp11zMNlhD,46.94,2.04,44.9,usd,2026-02-19 02:47:00,2026-02-24 00:00:00,,46.94,,,TGCFP-180226-4PI0I,,,,,-https://blyne.velorasignature.com/blyne-hardwood-floor-restorer-polish,"[{""name"":""Blyne Floor Restorer & Polish. - Premium (4.06 oz)/Buy 1, Get 1 FREE"",""quantity"":1,""unitAmount"":39.95}]",6.99,39.95,0,Lausan,STRIPE_RECEIPT_CUSTOMER,Vicbea,,ZENIROXPAY,
2026-02-19,txn_3T2axqK3ZXYJSkRp1pOCiLM2,charge,ch_3T2axqK3ZXYJSkRp1kbuNXEj,60.94,2.55,58.39,usd,2026-02-19 17:24:00,2026-02-24 00:00:00,,60.94,,,TGCFP-190226-IGJUN,,,,,-https://blyne.velorasignature.com/blyne-hardwood-floor-restorer-polish,"[{""name"":""Blyne Floor Restorer & Polish. - Premium (4.06 oz)/Buy 2, Get 2 FREE (+ Bonus Mop Pad)"",""quantity"":1,""unitAmount"":53.95}]",6.99,53.95,0,Lausan,STRIPE_RECEIPT_CUSTOMER,Vicbea,,ZENIROXPAY,
2026-02-19,txn_3T2ctyK3ZXYJSkRp1RMy1qdR,charge,ch_3T2ctyK3ZXYJSkRp1rg9YzfK,46.94,2.04,44.9,usd,2026-02-19 19:28:00,2026-02-24 00:00:00,,46.94,,,TGCFP-190226-RL2BE,,,,,-https://blyne.velorasignature.com/blyne-hardwood-floor-restorer-polish,"[{""name"":""Blyne Floor Restorer & Polish. - Premium (4.06 oz)/Buy 1, Get 1 FREE"",""quantity"":1,""unitAmount"":39.95}]",6.99,39.95,0,Lausan,STRIPE_RECEIPT_CUSTOMER,Vicbea,,ZENIROXPAY,
2026-02-19,txn_3T2dNrK3ZXYJSkRp1VE9veRY,charge,ch_3T2dNrK3ZXYJSkRp1mrJKGyD,46.94,2.04,44.9,usd,2026-02-19 19:59:00,2026-02-24 00:00:00,,46.94,,,TGCFP-190226-4KU5Q,,,,,-https://blyne.velorasignature.com/blyne-hardwood-floor-restorer-polish,"[{""name"":""Blyne Floor Restorer & Polish. - Premium (4.06 oz)/Buy 1, Get 1 FREE"",""quantity"":1,""unitAmount"":39.95}]",6.99,39.95,0,Lausan,STRIPE_RECEIPT_CUSTOMER,Vicbea,,ZENIROXPAY,
2026-02-19,txn_3T2do4K3ZXYJSkRp16TqW5rg,charge,ch_3T2do4K3ZXYJSkRp1mPxsK1r,60.94,2.55,58.39,usd,2026-02-19 20:26:00,2026-02-24 00:00:00,,60.94,,,TGCFP-190226-HLODO,,,,,-https://blyne.velorasignature.com/blyne-hardwood-floor-restorer-polish,"[{""name"":""Blyne Floor Restorer & Polish. - Premium (4.06 oz)/Buy 2, Get 2 FREE (+ Bonus Mop Pad)"",""quantity"":1,""unitAmount"":53.95}]",6.99,53.95,0,Lausan,STRIPE_RECEIPT_CUSTOMER,Vicbea,,ZENIROXPAY,
2026-02-19,txn_3T2dpTK3ZXYJSkRp06Wjd9S3,charge,ch_3T2dpTK3ZXYJSkRp0uhcDf2Z,60.94,2.55,58.39,usd,2026-02-19 20:28:00,2026-02-24 00:00:00,,60.94,,,TGCFP-190226-V7PIW,,,,,-https://blyne.velorasignature.com/blyne-hardwood-floor-restorer-polish,"[{""name"":""Blyne Floor Restorer & Polish. - Premium (4.06 oz)/Buy 2, Get 2 FREE (+ Bonus Mop Pad)"",""quantity"":1,""unitAmount"":53.95}]",6.99,53.95,0,Lausan,STRIPE_RECEIPT_CUSTOMER,Vicbea,,ZENIROXPAY,
2026-02-19,txn_3T2dyjK3ZXYJSkRp1jdwOETv,charge,ch_3T2dyjK3ZXYJSkRp1maSXjFu,46.94,2.04,44.9,usd,2026-02-19 20:37:00,2026-02-24 00:00:00,,46.94,,,TGCFP-190226-CQS75,,,,,-https://blyne.velorasignature.com/blyne-hardwood-floor-restorer-polish,"[{""name"":""Blyne Floor Restorer & Polish. - Premium (4.06 oz)/Buy 1, Get 1 FREE"",""quantity"":1,""unitAmount"":39.95}]",6.99,39.95,0,Lausan,STRIPE_RECEIPT_CUSTOMER,Vicbea,,ZENIROXPAY,
2026-02-19,txn_3T2gcXK3ZXYJSkRp01l4vMjM,charge,ch_3T2gcXK3ZXYJSkRp0P89eNXU,60.94,2.55,58.39,usd,2026-02-19 23:26:00,2026-02-24 00:00:00,,60.94,,,TGCFP-190226-B6FFD,,,,,-https://blyne.velorasignature.com/blyne-hardwood-floor-restorer-polish,"[{""name"":""Blyne Floor Restorer & Polish. - Premium (4.06 oz)/Buy 2, Get 2 FREE (+ Bonus Mop Pad)"",""quantity"":1,""unitAmount"":53.95}]",6.99,53.95,0,Lausan,STRIPE_RECEIPT_CUSTOMER,Vicbea,,ZENIROXPAY,
2026-02-19,txn_3T2gqBK3ZXYJSkRp0MQZzOqw,charge,ch_3T2gqBK3ZXYJSkRp0CeIMmuO,60.94,2.55,58.39,usd,2026-02-19 23:41:00,2026-02-24 00:00:00,,60.94,,,TGCFP-190226-D5VN6,,,,,-https://blyne.velorasignature.com/blyne-hardwood-floor-restorer-polish,"[{""name"":""Blyne Floor Restorer & Polish. - Premium (4.06 oz)/Buy 2, Get 2 FREE (+ Bonus Mop Pad)"",""quantity"":1,""unitAmount"":53.95}]",6.99,53.95,0,Lausan,STRIPE_RECEIPT_CUSTOMER,Vicbea,,ZENIROXPAY,
2026-02-20,txn_3T2hcNK3ZXYJSkRp1HgWEDZk,charge,ch_3T2hcNK3ZXYJSkRp1mL3knMv,46.94,2.04,44.9,usd,2026-02-20 00:30:00,2026-02-25 00:00:00,,46.94,,,TGCFP-190226-62IS2,,,,,-https://blyne.velorasignature.com/blyne-hardwood-floor-restorer-polish,"[{""name"":""Blyne Floor Restorer & Polish. - Premium (4.06 oz)/Buy 1, Get 1 FREE"",""quantity"":1,""unitAmount"":39.95}]",6.99,39.95,0,Lausan,STRIPE_RECEIPT_CUSTOMER,Vicbea,,ZENIROXPAY,
2026-02-20,txn_3T2rMQK3ZXYJSkRp1lgnf9lM,charge,ch_3T2rMQK3ZXYJSkRp1u1QbdjN,60.94,2.55,58.39,usd,2026-02-20 10:55:00,2026-02-25 00:00:00,,60.94,,,TGCFP-200226-01Q4Z,,,,,-https://blyne.velorasignature.com/blyne-hardwood-floor-restorer-polish,"[{""name"":""Blyne Floor Restorer & Polish. - Premium (4.06 oz)/Buy 2, Get 2 FREE (+ Bonus Mop Pad)"",""quantity"":1,""unitAmount"":53.95}]",6.99,53.95,0,Lausan,STRIPE_RECEIPT_CUSTOMER,Vicbea,,ZENIROXPAY,
2026-02-20,txn_3T2uIHK3ZXYJSkRp0OaEYpne,charge,ch_3T2uIHK3ZXYJSkRp05IU3y3D,46.94,2.04,44.9,usd,2026-02-20 14:02:00,2026-02-25 00:00:00,,46.94,,,TGCFP-200226-UHEI7,,,,,-https://blyne.velorasignature.com/blyne-hardwood-floor-restorer-polish,"[{""name"":""Blyne Floor Restorer & Polish. - Premium (4.06 oz)/Buy 1, Get 1 FREE"",""quantity"":1,""unitAmount"":39.95}]",6.99,39.95,0,Lausan,STRIPE_RECEIPT_CUSTOMER,Vicbea,,ZENIROXPAY,
2026-02-20,txn_3T2uTsK3ZXYJSkRp1oaT0LF0,charge,ch_3T2uTsK3ZXYJSkRp1QZrlecr,46.94,2.04,44.9,usd,2026-02-20 14:14:00,2026-02-25 00:00:00,,46.94,,,TGCFP-200226-O5JW0,,,,,-https://blyne.velorasignature.com/blyne-hardwood-floor-restorer-polish,"[{""name"":""Blyne Floor Restorer & Polish. - Premium (4.06 oz)/Buy 1, Get 1 FREE"",""quantity"":1,""unitAmount"":39.95}]",6.99,39.95,0,Lausan,STRIPE_RECEIPT_CUSTOMER,Vicbea,,ZENIROXPAY,
2026-02-20,txn_3T2w9SK3ZXYJSkRp0lgZOmGU,charge,ch_3T2w9SK3ZXYJSkRp0TU9qSOL,60.94,2.55,58.39,usd,2026-02-20 16:01:00,2026-02-25 00:00:00,,60.94,,,TGCFP-200226-SQPIE,,,,,-https://blyne.velorasignature.com/blyne-hardwood-floor-restorer-polish,"[{""name"":""Blyne Floor Restorer & Polish. - Premium (4.06 oz)/Buy 2, Get 2 FREE (+ Bonus Mop Pad)"",""quantity"":1,""unitAmount"":53.95}]",6.99,53.95,0,Lausan,STRIPE_RECEIPT_CUSTOMER,Vicbea,,ZENIROXPAY,
2026-02-20,txn_3T2wnzK3ZXYJSkRp0rEAmKkU,charge,ch_3T2wnzK3ZXYJSkRp0M9JY9R9,60.94,2.55,58.39,usd,2026-02-20 16:43:00,2026-02-25 00:00:00,,60.94,,,TGCFP-200226-XVB8B,,,,,-https://blyne.velorasignature.com/blyne-hardwood-floor-restorer-polish,"[{""name"":""Blyne Floor Restorer & Polish. - Premium (4.06 oz)/Buy 2, Get 2 FREE (+ Bonus Mop Pad)"",""quantity"":1,""unitAmount"":53.95}]",6.99,53.95,0,Lausan,STRIPE_RECEIPT_CUSTOMER,Vicbea,,ZENIROXPAY,
2026-02-20,txn_3T2x9rK3ZXYJSkRp1FqRpvpr,charge,ch_3T2x9rK3ZXYJSkRp1mrcGgy4,60.94,2.55,58.39,usd,2026-02-20 17:06:00,2026-02-25 00:00:00,,60.94,,,TGCFP-200226-AMX27,,,,,-https://blyne.velorasignature.com/blyne-hardwood-floor-restorer-polish,"[{""name"":""Blyne Floor Restorer & Polish. - Premium (4.06 oz)/Buy 2, Get 2 FREE (+ Bonus Mop Pad)"",""quantity"":1,""unitAmount"":53.95}]",6.99,53.95,0,Lausan,STRIPE_RECEIPT_CUSTOMER,Vicbea,,ZENIROXPAY,
2026-02-20,txn_3T2xoXK3ZXYJSkRp10SmtYJ2,charge,ch_3T2xoXK3ZXYJSkRp1FUAAcfv,60.94,2.55,58.39,usd,2026-02-20 17:48:00,2026-02-25 00:00:00,,60.94,,,TGCFP-200226-GWX35,,,,,-https://blyne.velorasignature.com/blyne-hardwood-floor-restorer-polish,"[{""name"":""Blyne Floor Restorer & Polish. - Premium (4.06 oz)/Buy 2, Get 2 FREE (+ Bonus Mop Pad)"",""quantity"":1,""unitAmount"":53.95}]",6.99,53.95,0,Lausan,STRIPE_RECEIPT_CUSTOMER,Vicbea,,ZENIROXPAY,
2026-02-20,txn_3T30XvK3ZXYJSkRp0nWG0yBA,charge,ch_3T30XvK3ZXYJSkRp0rxIe2jK,46.94,2.04,44.9,usd,2026-02-20 20:43:00,2026-02-25 00:00:00,,46.94,,,TGCFP-200226-LMMOQ,,,,,-https://blyne.velorasignature.com/blyne-hardwood-floor-restorer-polish,"[{""name"":""Blyne Floor Restorer & Polish. - Premium (4.06 oz)/Buy 1, Get 1 FREE"",""quantity"":1,""unitAmount"":39.95}]",6.99,39.95,0,Lausan,STRIPE_RECEIPT_CUSTOMER,Vicbea,,ZENIROXPAY,
2026-02-20,txn_3T320AK3ZXYJSkRp0ddmUTwl,charge,ch_3T320AK3ZXYJSkRp003m088R,46.94,2.04,44.9,usd,2026-02-20 22:16:00,2026-02-25 00:00:00,,46.94,,,TGCFP-200226-B9LED,,,,,-https://blyne.velorasignature.com/blyne-hardwood-floor-restorer-polish,"[{""name"":""Blyne Floor Restorer & Polish. - Premium (4.06 oz)/Buy 1, Get 1 FREE"",""quantity"":1,""unitAmount"":39.95}]",6.99,39.95,0,Lausan,STRIPE_RECEIPT_CUSTOMER,Vicbea,,ZENIROXPAY,
2026-02-21,txn_3T3IgXK3ZXYJSkRp1Z1HCfq4,charge,ch_3T3IgXK3ZXYJSkRp1iJoaZIe,46.94,2.04,44.9,usd,2026-02-21 16:05:00,2026-02-26 00:00:00,,46.94,,,TGCFP-210226-BJ0C3,,,,,-https://blyne.velorasignature.com/blyne-hardwood-floor-restorer-polish,"[{""name"":""Blyne Floor Restorer & Polish. - Premium (4.06 oz)/Buy 1, Get 1 FREE"",""quantity"":1,""unitAmount"":39.95}]",6.99,39.95,0,Lausan,STRIPE_RECEIPT_CUSTOMER,Vicbea,,ZENIROXPAY,
2026-02-21,txn_3T3JFzK3ZXYJSkRp0yinwxh0,charge,ch_3T3JFzK3ZXYJSkRp0sdkqBSm,46.94,2.04,44.9,usd,2026-02-21 16:42:00,2026-02-26 00:00:00,,46.94,,,TGCFP-210226-Y6635,,,,,-https://blyne.velorasignature.com/blyne-hardwood-floor-restorer-polish,"[{""name"":""Blyne Floor Restorer & Polish. - Premium (4.06 oz)/Buy 1, Get 1 FREE"",""quantity"":1,""unitAmount"":39.95}]",6.99,39.95,0,Lausan,STRIPE_RECEIPT_CUSTOMER,Vicbea,,ZENIROXPAY,
2026-02-21,txn_3T3KDGK3ZXYJSkRp1zvFjSRJ,charge,ch_3T3KDGK3ZXYJSkRp1QMqlH8b,114.89,4.55,110.34,usd,2026-02-21 17:43:00,2026-02-26 00:00:00,,114.89,,,TGCFP-210226-D0S3K,,,,,-https://blyne.velorasignature.com/blyne-hardwood-floor-restorer-polish,"[{""name"":""Blyne Floor Restorer & Polish. - Premium (4.06 oz)/Buy 2, Get 2 FREE (+ Bonus Mop Pad)"",""quantity"":2,""unitAmount"":53.95}]",6.99,107.9,0,Lausan,STRIPE_RECEIPT_CUSTOMER,Vicbea,,ZENIROXPAY,
2026-02-21,txn_3T3KjWK3ZXYJSkRp05ukZRPJ,charge,ch_3T3KjWK3ZXYJSkRp06BDXQ6k,46.94,2.04,44.9,usd,2026-02-21 18:16:00,2026-02-26 00:00:00,,46.94,,,TGCFP-210226-1KCYL,,,,,-https://blyne.velorasignature.com/blyne-hardwood-floor-restorer-polish,"[{""name"":""Blyne Floor Restorer & Polish. - Premium (4.06 oz)/Buy 1, Get 1 FREE"",""quantity"":1,""unitAmount"":39.95}]",6.99,39.95,0,Lausan,STRIPE_RECEIPT_CUSTOMER,Vicbea,,ZENIROXPAY,
2026-02-21,txn_3T3PISK3ZXYJSkRp0x1Xhpcy,charge,ch_3T3PISK3ZXYJSkRp0KBF5pUd,46.94,2.04,44.9,usd,2026-02-21 23:09:00,2026-02-26 00:00:00,,46.94,,,TGCFP-210226-OQDW3,,,,,-https://blyne.velorasignature.com/blyne-hardwood-floor-restorer-polish,"[{""name"":""Blyne Floor Restorer & Polish. - Premium (4.06 oz)/Buy 1, Get 1 FREE"",""quantity"":1,""unitAmount"":39.95}]",6.99,39.95,0,Lausan,STRIPE_RECEIPT_CUSTOMER,Vicbea,,ZENIROXPAY,
2026-02-22,txn_3T3dO0K3ZXYJSkRp1RQG6tkR,charge,ch_3T3dO0K3ZXYJSkRp1SJGUNt7,60.94,2.55,58.39,usd,2026-02-22 14:11:00,2026-02-26 00:00:00,,60.94,,,TGCFP-220226-7MOZ9,,,,,-https://blyne.velorasignature.com/blyne-hardwood-floor-restorer-polish,"[{""name"":""Blyne Floor Restorer & Polish. - Premium (4.06 oz)/Buy 2, Get 2 FREE (+ Bonus Mop Pad)"",""quantity"":1,""unitAmount"":53.95}]",6.99,53.95,0,Lausan,STRIPE_RECEIPT_CUSTOMER,Vicbea,,ZENIROXPAY,
2026-02-22,txn_3T3dhTK3ZXYJSkRp0bVqfkSH,charge,ch_3T3dhTK3ZXYJSkRp0aS5rkHJ,60.94,2.55,58.39,usd,2026-02-22 14:32:00,2026-02-26 00:00:00,,60.94,,,TGCFP-220226-OGZ79,,,,,-https://blyne.velorasignature.com/blyne-hardwood-floor-restorer-polish,"[{""name"":""Blyne Floor Restorer & Polish. - Premium (4.06 oz)/Buy 2, Get 2 FREE (+ Bonus Mop Pad)"",""quantity"":1,""unitAmount"":53.95}]",6.99,53.95,0,Lausan,STRIPE_RECEIPT_CUSTOMER,Vicbea,,ZENIROXPAY,
2026-02-22,txn_3T3eI7K3ZXYJSkRp1fg7XTSR,charge,ch_3T3eI7K3ZXYJSkRp1dZ2FBhK,46.94,2.04,44.9,usd,2026-02-22 15:09:00,2026-02-26 00:00:00,,46.94,,,TGCFP-220226-OM0CC,,,,,-https://blyne.velorasignature.com/blyne-hardwood-floor-restorer-polish,"[{""name"":""Blyne Floor Restorer & Polish. - Premium (4.06 oz)/Buy 1, Get 1 FREE"",""quantity"":1,""unitAmount"":39.95}]",6.99,39.95,0,Lausan,STRIPE_RECEIPT_CUSTOMER,Vicbea,,ZENIROXPAY,
2026-02-22,txn_3T3gDpK3ZXYJSkRp1ENfNYy2,charge,ch_3T3gDpK3ZXYJSkRp1TundkuP,46.94,2.04,44.9,usd,2026-02-22 17:13:00,2026-02-26 00:00:00,,46.94,,,TGCFP-220226-THYOA,,,,,-https://blyne.velorasignature.com/blyne-hardwood-floor-restorer-polish,"[{""name"":""Blyne Floor Restorer & Polish. - Premium (4.06 oz)/Buy 1, Get 1 FREE"",""quantity"":1,""unitAmount"":39.95}]",6.99,39.95,0,Lausan,STRIPE_RECEIPT_CUSTOMER,Vicbea,,ZENIROXPAY,
2026-02-22,txn_3T3iRvK3ZXYJSkRp1FRDRo8h,charge,ch_3T3iRvK3ZXYJSkRp1Ci4IV8f,46.94,2.04,44.9,usd,2026-02-22 19:36:00,2026-02-26 00:00:00,,46.94,,,TGCFP-220226-5OQ7X,,,,,-https://blyne.velorasignature.com/blyne-hardwood-floor-restorer-polish,"[{""name"":""Blyne Floor Restorer & Polish. - Premium (4.06 oz)/Buy 1, Get 1 FREE"",""quantity"":1,""unitAmount"":39.95}]",6.99,39.95,0,Lausan,STRIPE_RECEIPT_CUSTOMER,Vicbea,,ZENIROXPAY,
2026-02-22,txn_3T3mNfK3ZXYJSkRp1rOav8fc,charge,ch_3T3mNfK3ZXYJSkRp1C0mJTMj,44.94,1.96,42.98,usd,2026-02-22 23:48:00,2026-02-26 00:00:00,,44.94,,,TGCFP-220226-QOE9E,,,,,-https://blyne.velorasignature.com/blyne-hardwood-floor-restorer-polish,"[{""name"":""Blyne Floor Restorer & Polish. - Standard (4.06 oz)/Buy 1, Get 1 FREE"",""quantity"":1,""unitAmount"":37.95}]",6.99,37.95,0,Lausan,STRIPE_RECEIPT_CUSTOMER,Vicbea,,ZENIROXPAY,
2026-02-23,txn_3T3yudK3ZXYJSkRp0URTsSOT,charge,ch_3T3yudK3ZXYJSkRp0rADT0wP,46.94,2.04,44.9,usd,2026-02-23 13:11:00,2026-02-26 00:00:00,,46.94,,,TGCFP-230226-3RM8M,,,,,-https://blyne.velorasignature.com/blyne-hardwood-floor-restorer-polish,"[{""name"":""Blyne Floor Restorer & Polish. - Premium (4.06 oz)/Buy 1, Get 1 FREE"",""quantity"":1,""unitAmount"":39.95}]",6.99,39.95,0,Lausan,STRIPE_RECEIPT_CUSTOMER,Vicbea,,ZENIROXPAY,
2026-02-23,txn_3T3z6hK3ZXYJSkRp1AnDkP9t,charge,ch_3T3z6hK3ZXYJSkRp1L8klfin,46.94,2.04,44.9,usd,2026-02-23 13:23:00,2026-02-26 00:00:00,,46.94,,,TGCFP-230226-Y6I0R,,,,,-https://blyne.velorasignature.com/blyne-hardwood-floor-restorer-polish,"[{""name"":""Blyne Floor Restorer & Polish. - Premium (4.06 oz)/Buy 1, Get 1 FREE"",""quantity"":1,""unitAmount"":39.95}]",6.99,39.95,0,Lausan,STRIPE_RECEIPT_CUSTOMER,Vicbea,,ZENIROXPAY,
2026-02-23,txn_3T41h5K3ZXYJSkRp1IJpY1hw,charge,ch_3T41h5K3ZXYJSkRp1BRsy9NN,44.94,1.96,42.98,usd,2026-02-23 16:09:00,2026-02-26 00:00:00,,44.94,,,TGCFP-230226-9YXNR,,,,,-https://blyne.velorasignature.com/blyne-hardwood-floor-restorer-polish,"[{""name"":""Blyne Floor Restorer & Polish. - Standard (4.06 oz)/Buy 1, Get 1 FREE"",""quantity"":1,""unitAmount"":37.95}]",6.99,37.95,0,Lausan,STRIPE_RECEIPT_CUSTOMER,Vicbea,,ZENIROXPAY,
2026-02-23,txn_3T43DqK3ZXYJSkRp1xPgt0z1,charge,ch_3T43DqK3ZXYJSkRp1NQBfW1b,46.94,2.04,44.9,usd,2026-02-23 17:47:00,2026-02-26 00:00:00,,46.94,,,TGCFP-230226-JI3AH,,,,,-https://blyne.velorasignature.com/blyne-hardwood-floor-restorer-polish,"[{""name"":""Blyne Floor Restorer & Polish. - Premium (4.06 oz)/Buy 1, Get 1 FREE"",""quantity"":1,""unitAmount"":39.95}]",6.99,39.95,0,Lausan,STRIPE_RECEIPT_CUSTOMER,Vicbea,,ZENIROXPAY,
2026-02-23,txn_3T43fKK3ZXYJSkRp1ppIPXGU,charge,ch_3T43fKK3ZXYJSkRp11ZeF3Bz,46.94,2.04,44.9,usd,2026-02-23 18:15:00,2026-02-26 00:00:00,,46.94,,,TGCFP-230226-WB38J,,,,,-https://blyne.velorasignature.com/blyne-hardwood-floor-restorer-polish,"[{""name"":""Blyne Floor Restorer & Polish. - Premium (4.06 oz)/Buy 1, Get 1 FREE"",""quantity"":1,""unitAmount"":39.95}]",6.99,39.95,0,Lausan,STRIPE_RECEIPT_CUSTOMER,Vicbea,,ZENIROXPAY,
2026-02-23,txn_3T43kuK3ZXYJSkRp1fC1QOUS,charge,ch_3T43kuK3ZXYJSkRp1rZ7dgiK,46.94,2.04,44.9,usd,2026-02-23 18:21:00,2026-02-26 00:00:00,,46.94,,,TGCFP-230226-F7KJG,,,,,-https://blyne.velorasignature.com/blyne-hardwood-floor-restorer-polish,"[{""name"":""Blyne Floor Restorer & Polish. - Premium (4.06 oz)/Buy 1, Get 1 FREE"",""quantity"":1,""unitAmount"":39.95}]",6.99,39.95,0,Lausan,STRIPE_RECEIPT_CUSTOMER,Vicbea,,ZENIROXPAY,
2026-02-23,txn_3T443xK3ZXYJSkRp0B4UUarc,charge,ch_3T443xK3ZXYJSkRp0LnQqYBO,46.94,2.04,44.9,usd,2026-02-23 18:40:00,2026-02-26 00:00:00,,46.94,,,TGCFP-230226-P4B81,,,,,-https://blyne.velorasignature.com/blyne-hardwood-floor-restorer-polish,"[{""name"":""Blyne Floor Restorer & Polish. - Premium (4.06 oz)/Buy 1, Get 1 FREE"",""quantity"":1,""unitAmount"":39.95}]",6.99,39.95,0,Lausan,STRIPE_RECEIPT_CUSTOMER,Vicbea,,ZENIROXPAY,
2026-02-23,txn_3T46YuK3ZXYJSkRp1dAc67VC,charge,ch_3T46YuK3ZXYJSkRp1DS2yXGK,86.89,3.51,83.38,usd,2026-02-23 21:21:00,2026-02-26 00:00:00,,86.89,,,TGCFP-230226-0QVBD,,,,,-https://blyne.velorasignature.com/blyne-hardwood-floor-restorer-polish,"[{""name"":""Blyne Floor Restorer & Polish. - Premium (4.06 oz)/Buy 1, Get 1 FREE"",""quantity"":2,""unitAmount"":39.95}]",6.99,79.9,0,Lausan,STRIPE_RECEIPT_CUSTOMER,Vicbea,,ZENIROXPAY,
2026-02-23,txn_3T473rK3ZXYJSkRp0UhECRn4,charge,ch_3T473rK3ZXYJSkRp0LsE0NvS,46.94,2.04,44.9,usd,2026-02-23 21:53:00,2026-02-26 00:00:00,,46.94,,,TGCFP-230226-7FAV5,,,,,-https://blyne.velorasignature.com/blyne-hardwood-floor-restorer-polish,"[{""name"":""Blyne Floor Restorer & Polish. - Premium (4.06 oz)/Buy 1, Get 1 FREE"",""quantity"":1,""unitAmount"":39.95}]",6.99,39.95,0,Lausan,STRIPE_RECEIPT_CUSTOMER,Vicbea,,ZENIROXPAY,
2026-02-23,txn_3T48GeK3ZXYJSkRp1EXIEjdU,charge,ch_3T48GeK3ZXYJSkRp1qhywnLi,60.94,2.55,58.39,usd,2026-02-23 23:10:00,2026-02-26 00:00:00,,60.94,,,TGCFP-230226-3PJID,,,,,-https://blyne.velorasignature.com/blyne-hardwood-floor-restorer-polish,"[{""name"":""Blyne Floor Restorer & Polish. - Premium (4.06 oz)/Buy 2, Get 2 FREE (+ Bonus Mop Pad)"",""quantity"":1,""unitAmount"":53.95}]",6.99,53.95,0,Lausan,STRIPE_RECEIPT_CUSTOMER,Vicbea,,ZENIROXPAY,
2026-02-24,txn_3T49KDK3ZXYJSkRp0JfC3yM4,charge,ch_3T49KDK3ZXYJSkRp09BTeTN8,46.94,2.04,44.9,usd,2026-02-24 00:18:00,2026-02-27 00:00:00,,46.94,,,TGCFP-230226-OHQH0,,,,,-https://blyne.velorasignature.com/blyne-hardwood-floor-restorer-polish,"[{""name"":""Blyne Floor Restorer & Polish. - Premium (4.06 oz)/Buy 1, Get 1 FREE"",""quantity"":1,""unitAmount"":39.95}]",6.99,39.95,0,Lausan,STRIPE_RECEIPT_CUSTOMER,Vicbea,,ZENIROXPAY,
2026-02-24,txn_3T4CdZK3ZXYJSkRp1gKSkPFg,charge,ch_3T4CdZK3ZXYJSkRp1M3JqUuQ,46.94,2.04,44.9,usd,2026-02-24 03:50:00,2026-02-27 00:00:00,,46.94,,,TGCFP-230226-1GYHV,,,,,-https://blyne.velorasignature.com/blyne-hardwood-floor-restorer-polish,"[{""name"":""Blyne Floor Restorer & Polish. - Premium (4.06 oz)/Buy 1, Get 1 FREE"",""quantity"":1,""unitAmount"":39.95}]",6.99,39.95,0,Lausan,STRIPE_RECEIPT_CUSTOMER,Vicbea,,ZENIROXPAY,
2026-02-24,txn_3T4MhMK3ZXYJSkRp1uyZswKM,charge,ch_3T4MhMK3ZXYJSkRp1CKc2Siv,46.94,2.04,44.9,usd,2026-02-24 14:34:00,2026-02-27 00:00:00,,46.94,,,TGCFP-240226-2H048,,,,,-https://blyne.velorasignature.com/blyne-hardwood-floor-restorer-polish,"[{""name"":""Blyne Floor Restorer & Polish. - Premium (4.06 oz)/Buy 1, Get 1 FREE"",""quantity"":1,""unitAmount"":39.95}]",6.99,39.95,0,Lausan,STRIPE_RECEIPT_CUSTOMER,Vicbea,,ZENIROXPAY,
2026-02-24,txn_3T4OD5K3ZXYJSkRp0ug3TXWo,charge,ch_3T4OD5K3ZXYJSkRp0gg9PFZZ,46.94,2.04,44.9,usd,2026-02-24 16:11:00,2026-02-27 00:00:00,,46.94,,,TGCFP-240226-HWVQG,,,,,-https://blyne.velorasignature.com/blyne-hardwood-floor-restorer-polish,"[{""name"":""Blyne Floor Restorer & Polish. - Premium (4.06 oz)/Buy 1, Get 1 FREE"",""quantity"":1,""unitAmount"":39.95}]",6.99,39.95,0,Lausan,STRIPE_RECEIPT_CUSTOMER,Vicbea,,ZENIROXPAY,
2026-02-24,txn_3T4PbCK3ZXYJSkRp1tqqBBTA,charge,ch_3T4PbCK3ZXYJSkRp17NQVJY2,114.89,4.55,110.34,usd,2026-02-24 17:40:00,2026-02-27 00:00:00,,114.89,,,TGCFP-240226-KJDN1,,,,,-https://blyne.velorasignature.com/blyne-hardwood-floor-restorer-polish,"[{""name"":""Blyne Floor Restorer & Polish. - Premium (4.06 oz)/Buy 2, Get 2 FREE (+ Bonus Mop Pad)"",""quantity"":2,""unitAmount"":53.95}]",6.99,107.9,0,Lausan,STRIPE_RECEIPT_CUSTOMER,Vicbea,,ZENIROXPAY,
2026-02-24,txn_3T4Rw8K3ZXYJSkRp0i2TgNWO,charge,ch_3T4Rw8K3ZXYJSkRp0dfw51R4,60.94,2.55,58.39,usd,2026-02-24 20:10:00,2026-02-27 00:00:00,,60.94,,,TGCFP-240226-R3IBB,,,,,-https://blyne.velorasignature.com/blyne-hardwood-floor-restorer-polish,"[{""name"":""Blyne Floor Restorer & Polish. - Premium (4.06 oz)/Buy 2, Get 2 FREE (+ Bonus Mop Pad)"",""quantity"":1,""unitAmount"":53.95}]",6.99,53.95,0,Lausan,STRIPE_RECEIPT_CUSTOMER,Vicbea,,ZENIROXPAY,
2026-02-24,txn_3T4SQbK3ZXYJSkRp1y7hLUtb,charge,ch_3T4SQbK3ZXYJSkRp1IGCykcz,46.94,2.04,44.9,usd,2026-02-24 20:41:00,2026-02-27 00:00:00,,46.94,,,TGCFP-240226-F80GT,,,,,-https://blyne.velorasignature.com/blyne-hardwood-floor-restorer-polish,"[{""name"":""Blyne Floor Restorer & Polish. - Premium (4.06 oz)/Buy 1, Get 1 FREE"",""quantity"":1,""unitAmount"":39.95}]",6.99,39.95,0,Lausan,STRIPE_RECEIPT_CUSTOMER,Vicbea,,ZENIROXPAY,
2026-02-24,txn_3T4Sd9K3ZXYJSkRp1WB4k5Ap,charge,ch_3T4Sd9K3ZXYJSkRp18xd0SiZ,46.94,2.04,44.9,usd,2026-02-24 20:54:00,2026-02-27 00:00:00,,46.94,,,TGCFP-240226-AZHVP,,,,,-https://blyne.velorasignature.com/blyne-hardwood-floor-restorer-polish,"[{""name"":""Blyne Floor Restorer & Polish. - Premium (4.06 oz)/Buy 1, Get 1 FREE"",""quantity"":1,""unitAmount"":39.95}]",6.99,39.95,0,Lausan,STRIPE_RECEIPT_CUSTOMER,Vicbea,,ZENIROXPAY,
2026-02-24,txn_3T4SpXK3ZXYJSkRp1FWH18gp,charge,ch_3T4SpXK3ZXYJSkRp1EKkuyeo,46.94,2.04,44.9,usd,2026-02-24 21:07:00,2026-02-27 00:00:00,,46.94,,,TGCFP-240226-MO9WV,,,,,-https://blyne.velorasignature.com/blyne-hardwood-floor-restorer-polish,"[{""name"":""Blyne Floor Restorer & Polish. - Premium (4.06 oz)/Buy 1, Get 1 FREE"",""quantity"":1,""unitAmount"":39.95}]",6.99,39.95,0,Lausan,STRIPE_RECEIPT_CUSTOMER,Vicbea,,ZENIROXPAY,
2026-02-25,txn_3T4X3kK3ZXYJSkRp0HuhZtv0,charge,ch_3T4X3kK3ZXYJSkRp061TLpSy,46.94,2.04,44.9,usd,2026-02-25 01:38:00,2026-03-02 00:00:00,,46.94,,,TGCFP-240226-35LM0,,,,,-https://blyne.velorasignature.com/blyne-hardwood-floor-restorer-polish,"[{""name"":""Blyne Floor Restorer & Polish. - Premium (4.06 oz)/Buy 1, Get 1 FREE"",""quantity"":1,""unitAmount"":39.95}]",6.99,39.95,0,Lausan,STRIPE_RECEIPT_CUSTOMER,Vicbea,,ZENIROXPAY,
2026-02-25,txn_1T4YScK3ZXYJSkRpr77AXJAc,payout,po_1T4YScK3ZXYJSkRpuQW0KLCh,-3000,0,-3000,usd,2026-02-25 03:08:00,2026-02-25 03:08:00,,,,,,,,,,,,,,,,STRIPE_PAYOUT,,Pingpong ZeniroxPay,ZENIROXPAY,
2026-02-25,txn_3T4hSLK3ZXYJSkRp09bahjFN,charge,ch_3T4hSLK3ZXYJSkRp0ORWGCYB,60.94,2.55,58.39,usd,2026-02-25 12:44:00,2026-03-02 00:00:00,,60.94,,,TGCFP-250226-IEOCX,,,,,-https://blyne.velorasignature.com/blyne-hardwood-floor-restorer-polish,"[{""name"":""Blyne Floor Restorer & Polish. - Premium (4.06 oz)/Buy 2, Get 2 FREE (+ Bonus Mop Pad)"",""quantity"":1,""unitAmount"":53.95}]",6.99,53.95,0,Lausan,STRIPE_RECEIPT_CUSTOMER,Vicbea,,ZENIROXPAY,
2026-02-25,txn_3T4hYGK3ZXYJSkRp0wMvodjX,charge,ch_3T4hYGK3ZXYJSkRp05XhR8pB,60.94,2.55,58.39,usd,2026-02-25 12:50:00,2026-03-02 00:00:00,,60.94,,,TGCFP-250226-BAZTO,,,,,-https://blyne.velorasignature.com/blyne-hardwood-floor-restorer-polish,"[{""name"":""Blyne Floor Restorer & Polish. - Premium (4.06 oz)/Buy 2, Get 2 FREE (+ Bonus Mop Pad)"",""quantity"":1,""unitAmount"":53.95}]",6.99,53.95,0,Lausan,STRIPE_RECEIPT_CUSTOMER,Vicbea,,ZENIROXPAY,
2026-02-25,txn_3T4m0NK3ZXYJSkRp1phOtFsy,charge,ch_3T4m0NK3ZXYJSkRp1feECUCN,46.94,2.04,44.9,usd,2026-02-25 17:36:00,2026-03-02 00:00:00,,46.94,,,TGCFP-250226-215HU,,,,,-https://blyne.velorasignature.com/blyne-hardwood-floor-restorer-polish,"[{""name"":""Blyne Floor Restorer & Polish. - Premium (4.06 oz)/Buy 1, Get 1 FREE"",""quantity"":1,""unitAmount"":39.95}]",6.99,39.95,0,Lausan,STRIPE_RECEIPT_CUSTOMER,Vicbea,,ZENIROXPAY,
2026-02-25,txn_3T4o1gK3ZXYJSkRp0cjGQDDI,charge,ch_3T4o1gK3ZXYJSkRp0LKv2mtm,60.94,2.55,58.39,usd,2026-02-25 19:45:00,2026-03-02 00:00:00,,60.94,,,TGCFP-250226-HN9EE,,,,,-https://blyne.velorasignature.com/blyne-hardwood-floor-restorer-polish,"[{""name"":""Blyne Floor Restorer & Polish. - Premium (4.06 oz)/Buy 2, Get 2 FREE (+ Bonus Mop Pad)"",""quantity"":1,""unitAmount"":53.95}]",6.99,53.95,0,Lausan,STRIPE_RECEIPT_CUSTOMER,Vicbea,,ZENIROXPAY,
2026-02-25,txn_3T4qKMK3ZXYJSkRp14ZjuNcK,charge,ch_3T4qKMK3ZXYJSkRp1YSviLzc,46.94,2.04,44.9,usd,2026-02-25 22:13:00,2026-03-02 00:00:00,,46.94,,,TGCFP-250226-WVSR1,,,,,-https://blyne.velorasignature.com/blyne-hardwood-floor-restorer-polish,"[{""name"":""Blyne Floor Restorer & Polish. - Premium (4.06 oz)/Buy 1, Get 1 FREE"",""quantity"":1,""unitAmount"":39.95}]",6.99,39.95,0,Lausan,STRIPE_RECEIPT_CUSTOMER,Vicbea,,ZENIROXPAY,
2026-02-25,txn_3T4qoCK3ZXYJSkRp0SmcdjOt,charge,ch_3T4qoCK3ZXYJSkRp0oeRhmel,46.94,2.04,44.9,usd,2026-02-25 22:43:00,2026-03-02 00:00:00,,46.94,,,TGCFP-250226-972GQ,,,,,-https://blyne.velorasignature.com/blyne-hardwood-floor-restorer-polish,"[{""name"":""Blyne Floor Restorer & Polish. - Premium (4.06 oz)/Buy 1, Get 1 FREE"",""quantity"":1,""unitAmount"":39.95}]",6.99,39.95,0,Lausan,STRIPE_RECEIPT_CUSTOMER,Vicbea,,ZENIROXPAY,
2026-02-26,txn_3T4tRUK3ZXYJSkRp0gP40AeA,charge,ch_3T4tRUK3ZXYJSkRp0bMRQFar,114.89,4.55,110.34,usd,2026-02-26 01:32:00,2026-03-03 00:00:00,,114.89,,,TGCFP-250226-F1ECC,,,,,-https://blyne.velorasignature.com/blyne-hardwood-floor-restorer-polish,"[{""name"":""Blyne Floor Restorer & Polish. - Premium (4.06 oz)/Buy 2, Get 2 FREE (+ Bonus Mop Pad)"",""quantity"":2,""unitAmount"":53.95}]",6.99,107.9,0,Lausan,STRIPE_RECEIPT_CUSTOMER,Vicbea,,ZENIROXPAY,
2026-02-26,txn_1T4um0K3ZXYJSkRpyFmtOdVU,adjustment,du_1T4uloK3ZXYJSkRpXkSHG4SD,-60.94,15,-75.94,usd,2026-02-26 02:57:00,2026-02-26 02:57:00,,,,,,,,,,,,,,,,STRIPE_ADJUSTMENT,,,ZENIROXPAY,
2026-02-26,txn_3T4vtNK3ZXYJSkRp1SX7Pdpt,charge,ch_3T4vtNK3ZXYJSkRp1ObdRAQ3,60.94,2.55,58.39,usd,2026-02-26 04:09:00,2026-03-03 00:00:00,,60.94,,,TGCFP-250226-RKZ3J,,,,,-https://blyne.velorasignature.com/blyne-hardwood-floor-restorer-polish,"[{""name"":""Blyne Floor Restorer & Polish. - Premium (4.06 oz)/Buy 2, Get 2 FREE (+ Bonus Mop Pad)"",""quantity"":1,""unitAmount"":53.95}]",6.99,53.95,0,Lausan,STRIPE_RECEIPT_CUSTOMER,Vicbea,,ZENIROXPAY,
2026-02-26,txn_3T55o7K3ZXYJSkRp13WuRJVm,charge,ch_3T55o7K3ZXYJSkRp1K1SaqhM,46.94,2.04,44.9,usd,2026-02-26 14:44:00,2026-03-03 00:00:00,,46.94,,,TGCFP-260226-O06I7,,,,,-https://blyne.velorasignature.com/blyne-hardwood-floor-restorer-polish,"[{""name"":""Blyne Floor Restorer & Polish. - Premium (4.06 oz)/Buy 1, Get 1 FREE"",""quantity"":1,""unitAmount"":39.95}]",6.99,39.95,0,Lausan,STRIPE_RECEIPT_CUSTOMER,Vicbea,,ZENIROXPAY,
2026-02-26,txn_3T57rVK3ZXYJSkRp0k8hWQG1,charge,ch_3T57rVK3ZXYJSkRp0hisHQGt,60.94,2.55,58.39,usd,2026-02-26 16:56:00,2026-03-03 00:00:00,,60.94,,,TGCFP-260226-DD2U5,,,,,-https://blyne.velorasignature.com/blyne-hardwood-floor-restorer-polish,"[{""name"":""Blyne Floor Restorer & Polish. - Premium (4.06 oz)/Buy 2, Get 2 FREE (+ Bonus Mop Pad)"",""quantity"":1,""unitAmount"":53.95}]",6.99,53.95,0,Lausan,STRIPE_RECEIPT_CUSTOMER,Vicbea,,ZENIROXPAY,
2026-02-26,txn_3T5DI8K3ZXYJSkRp04N7u4dS,charge,ch_3T5DI8K3ZXYJSkRp0RoIqYWq,46.94,2.04,44.9,usd,2026-02-26 22:44:00,2026-03-03 00:00:00,,46.94,,,TGCFP-260226-264ZP,,,,,-https://blyne.velorasignature.com/blyne-hardwood-floor-restorer-polish,"[{""name"":""Blyne Floor Restorer & Polish. - Premium (4.06 oz)/Buy 1, Get 1 FREE"",""quantity"":1,""unitAmount"":39.95}]",6.99,39.95,0,Lausan,STRIPE_RECEIPT_CUSTOMER,Vicbea,,ZENIROXPAY,
2026-02-27,txn_3T5EZ4K3ZXYJSkRp00zmzqMu,charge,ch_3T5EZ4K3ZXYJSkRp03KAKwou,46.94,2.04,44.9,usd,2026-02-27 00:05:00,2026-03-04 00:00:00,,46.94,,,TGCFP-260226-KGJN2,,,,,-https://blyne.velorasignature.com/blyne-hardwood-floor-restorer-polish,"[{""name"":""Blyne Floor Restorer & Polish. - Premium (4.06 oz)/Buy 1, Get 1 FREE"",""quantity"":1,""unitAmount"":39.95}]",6.99,39.95,0,Lausan,STRIPE_RECEIPT_CUSTOMER,Vicbea,,ZENIROXPAY,
2026-02-27,txn_3T5ExsK3ZXYJSkRp1RWT9Odd,charge,ch_3T5ExsK3ZXYJSkRp11iyZBKv,60.94,2.55,58.39,usd,2026-02-27 00:31:00,2026-03-04 00:00:00,,60.94,,,TGCFP-260226-KF0QN,,,,,-https://blyne.velorasignature.com/blyne-hardwood-floor-restorer-polish,"[{""name"":""Blyne Floor Restorer & Polish. - Premium (4.06 oz)/Buy 2, Get 2 FREE (+ Bonus Mop Pad)"",""quantity"":1,""unitAmount"":53.95}]",6.99,53.95,0,Lausan,STRIPE_RECEIPT_CUSTOMER,Vicbea,,ZENIROXPAY,
2026-02-27,txn_1T5GA7K3ZXYJSkRpAz4AyBy3,stripe_fee,,-11.09,0,-11.09,usd,2026-02-27 01:48:00,2026-02-27 01:48:00,,,,,,,,,,,,,,,,STRIPE_FEE,,,ZENIROXPAY,
2026-02-27,txn_1T5HKyK3ZXYJSkRpY5aldIAw,payout,po_1T5HKyK3ZXYJSkRpYZfjQvF2,-2000,0,-2000,usd,2026-02-27 03:03:00,2026-02-27 03:03:00,,,,,,,,,,,,,,,,STRIPE_PAYOUT,,Pingpong ZeniroxPay,ZENIROXPAY,
2026-02-27,txn_3T5HRdK3ZXYJSkRp0PL8lcWG,charge,ch_3T5HRdK3ZXYJSkRp0GX7T6VT,60.94,2.55,58.39,usd,2026-02-27 03:10:00,2026-03-04 00:00:00,,60.94,,,TGCFP-260226-O18DF,,,,,-https://blyne.velorasignature.com/blyne-hardwood-floor-restorer-polish,"[{""name"":""Blyne Floor Restorer & Polish. - Premium (4.06 oz)/Buy 2, Get 2 FREE (+ Bonus Mop Pad)"",""quantity"":1,""unitAmount"":53.95}]",6.99,53.95,0,Lausan,STRIPE_RECEIPT_CUSTOMER,Vicbea,,ZENIROXPAY,
2026-02-27,txn_3T5IMjK3ZXYJSkRp1qauSICc,charge,ch_3T5IMjK3ZXYJSkRp1GQl7fn3,46.94,2.04,44.9,usd,2026-02-27 04:09:00,2026-03-04 00:00:00,,46.94,,,TGCFP-260226-NF8CB,,,,,-https://blyne.velorasignature.com/blyne-hardwood-floor-restorer-polish,"[{""name"":""Blyne Floor Restorer & Polish. - Premium (4.06 oz)/Buy 1, Get 1 FREE"",""quantity"":1,""unitAmount"":39.95}]",6.99,39.95,0,Lausan,STRIPE_RECEIPT_CUSTOMER,Vicbea,,ZENIROXPAY,
2026-02-27,txn_3T5Jm1K3ZXYJSkRp00juMJz0,charge,ch_3T5Jm1K3ZXYJSkRp03agBWXX,46.94,2.04,44.9,usd,2026-02-27 05:39:00,2026-03-04 00:00:00,,46.94,,,TGCFP-260226-CUTFI,,,,,-https://blyne.velorasignature.com/blyne-hardwood-floor-restorer-polish,"[{""name"":""Blyne Floor Restorer & Polish. - Premium (4.06 oz)/Buy 1, Get 1 FREE"",""quantity"":1,""unitAmount"":39.95}]",6.99,39.95,0,Lausan,STRIPE_RECEIPT_CUSTOMER,Vicbea,,ZENIROXPAY,
2026-02-27,txn_3T5T4tK3ZXYJSkRp0YyVqGai,charge,ch_3T5T4tK3ZXYJSkRp0gAB2wyH,46.94,2.04,44.9,usd,2026-02-27 15:35:00,2026-03-04 00:00:00,,46.94,,,TGCFP-270226-74Y8P,,,,,-https://blyne.velorasignature.com/blyne-hardwood-floor-restorer-polish,"[{""name"":""Blyne Floor Restorer & Polish. - Premium (4.06 oz)/Buy 1, Get 1 FREE"",""quantity"":1,""unitAmount"":39.95}]",6.99,39.95,0,Lausan,STRIPE_RECEIPT_CUSTOMER,Vicbea,,ZENIROXPAY,
2026-02-27,txn_3T5VZYK3ZXYJSkRp0tionxjK,charge,ch_3T5VZYK3ZXYJSkRp0FRLB7rK,46.94,2.04,44.9,usd,2026-02-27 18:15:00,2026-03-04 00:00:00,,46.94,,,TGCFP-270226-HXKNH,,,,,-https://blyne.velorasignature.com/blyne-hardwood-floor-restorer-polish,"[{""name"":""Blyne Floor Restorer & Polish. - Premium (4.06 oz)/Buy 1, Get 1 FREE"",""quantity"":1,""unitAmount"":39.95}]",6.99,39.95,0,Lausan,STRIPE_RECEIPT_CUSTOMER,Vicbea,,ZENIROXPAY,
2026-02-27,txn_3T5W2TK3ZXYJSkRp0ozPx78u,charge,ch_3T5W2TK3ZXYJSkRp04xsm3yn,46.94,2.04,44.9,usd,2026-02-27 18:45:00,2026-03-04 00:00:00,,46.94,,,TGCFP-270226-RWO1W,,,,,-https://blyne.velorasignature.com/blyne-hardwood-floor-restorer-polish,"[{""name"":""Blyne Floor Restorer & Polish. - Premium (4.06 oz)/Buy 1, Get 1 FREE"",""quantity"":1,""unitAmount"":39.95}]",6.99,39.95,0,Lausan,STRIPE_RECEIPT_CUSTOMER,Vicbea,,ZENIROXPAY,
2026-02-27,txn_3T5X5JK3ZXYJSkRp1YA1mHZm,charge,ch_3T5X5JK3ZXYJSkRp1iv36YZS,60.94,2.55,58.39,usd,2026-02-27 19:52:00,2026-03-04 00:00:00,,60.94,,,TGCFP-270226-E5068,,,,,-https://blyne.velorasignature.com/blyne-hardwood-floor-restorer-polish,"[{""name"":""Blyne Floor Restorer & Polish. - Premium (4.06 oz)/Buy 2, Get 2 FREE (+ Bonus Mop Pad)"",""quantity"":1,""unitAmount"":53.95}]",6.99,53.95,0,Lausan,STRIPE_RECEIPT_CUSTOMER,Vicbea,,ZENIROXPAY,
2026-02-28,txn_3T5bJQK3ZXYJSkRp03T4l95L,charge,ch_3T5bJQK3ZXYJSkRp0530o8aZ,60.94,2.55,58.39,usd,2026-02-28 00:23:00,2026-03-05 00:00:00,,60.94,,,TGCFP-270226-EQCSF,,,,,-https://blyne.velorasignature.com/blyne-hardwood-floor-restorer-polish,"[{""name"":""Blyne Floor Restorer & Polish. - Premium (4.06 oz)/Buy 2, Get 2 FREE (+ Bonus Mop Pad)"",""quantity"":1,""unitAmount"":53.95}]",6.99,53.95,0,Lausan,STRIPE_RECEIPT_CUSTOMER,Vicbea,,ZENIROXPAY,
2026-02-28,txn_1T5cSwK3ZXYJSkRp5fx758GA,stripe_fee,,-10.99,0,-10.99,usd,2026-02-28 01:37:00,2026-02-28 01:37:00,,,,,,,,,,,,,,,,STRIPE_FEE,,,ZENIROXPAY,
2026-02-28,txn_3T5cfIK3ZXYJSkRp1wEYGXUR,charge,ch_3T5cfIK3ZXYJSkRp1ihXcN7q,46.94,2.04,44.9,usd,2026-02-28 01:49:00,2026-03-05 00:00:00,,46.94,,,TGCFP-270226-O2CAH,,,,,-https://blyne.velorasignature.com/blyne-hardwood-floor-restorer-polish,"[{""name"":""Blyne Floor Restorer & Polish. - Premium (4.06 oz)/Buy 1, Get 1 FREE"",""quantity"":1,""unitAmount"":39.95}]",6.99,39.95,0,Lausan,STRIPE_RECEIPT_CUSTOMER,Vicbea,,ZENIROXPAY,
2026-02-28,txn_3T5dkiK3ZXYJSkRp0g9Rn7Uv,charge,ch_3T5dkiK3ZXYJSkRp0orOzlQN,46.94,2.04,44.9,usd,2026-02-28 02:59:00,2026-03-05 00:00:00,,46.94,,,TGCFP-270226-BPRTK,,,,,-https://blyne.velorasignature.com/blyne-hardwood-floor-restorer-polish,"[{""name"":""Blyne Floor Restorer & Polish. - Premium (4.06 oz)/Buy 1, Get 1 FREE"",""quantity"":1,""unitAmount"":39.95}]",6.99,39.95,0,Lausan,STRIPE_RECEIPT_CUSTOMER,Vicbea,,ZENIROXPAY,
2026-02-28,txn_3T5eM7K3ZXYJSkRp1nUYKEQS,charge,ch_3T5eM7K3ZXYJSkRp1DxX4DR9,46.94,2.04,44.9,usd,2026-02-28 03:38:00,2026-03-05 00:00:00,,46.94,,,TGCFP-270226-24MO7,,,,,-https://blyne.velorasignature.com/blyne-hardwood-floor-restorer-polish,"[{""name"":""Blyne Floor Restorer & Polish. - Premium (4.06 oz)/Buy 1, Get 1 FREE"",""quantity"":1,""unitAmount"":39.95}]",6.99,39.95,0,Lausan,STRIPE_RECEIPT_CUSTOMER,Vicbea,,ZENIROXPAY,
2026-02-28,txn_3T5lPEK3ZXYJSkRp0b1ua8cy,charge,ch_3T5lPEK3ZXYJSkRp0amzUAUJ,46.94,2.04,44.9,usd,2026-02-28 11:09:00,2026-03-05 00:00:00,,46.94,,,TGCFP-280226-55HB1,,,,,-https://blyne.velorasignature.com/blyne-hardwood-floor-restorer-polish,"[{""name"":""Blyne Floor Restorer & Polish. - Premium (4.06 oz)/Buy 1, Get 1 FREE"",""quantity"":1,""unitAmount"":39.95}]",6.99,39.95,0,Lausan,STRIPE_RECEIPT_CUSTOMER,Vicbea,,ZENIROXPAY,
2026-02-28,txn_3T5nAUK3ZXYJSkRp0kNr73BZ,charge,ch_3T5nAUK3ZXYJSkRp0HuvrIuC,46.94,2.04,44.9,usd,2026-02-28 13:02:00,2026-03-05 00:00:00,,46.94,,,TGCFP-280226-XQHCF,,,,,-https://blyne.velorasignature.com/blyne-hardwood-floor-restorer-polish,"[{""name"":""Blyne Floor Restorer & Polish. - Premium (4.06 oz)/Buy 1, Get 1 FREE"",""quantity"":1,""unitAmount"":39.95}]",6.99,39.95,0,Lausan,STRIPE_RECEIPT_CUSTOMER,Vicbea,,ZENIROXPAY,
2026-02-28,txn_3T5oRBK3ZXYJSkRp1LHSV41s,charge,ch_3T5oRBK3ZXYJSkRp1QHgm6do,46.94,2.04,44.9,usd,2026-02-28 14:24:00,2026-03-05 00:00:00,,46.94,,,TGCFP-280226-B4HV9,,,,,-https://blyne.velorasignature.com/blyne-hardwood-floor-restorer-polish,"[{""name"":""Blyne Floor Restorer & Polish. - Premium (4.06 oz)/Buy 1, Get 1 FREE"",""quantity"":1,""unitAmount"":39.95}]",6.99,39.95,0,Lausan,STRIPE_RECEIPT_CUSTOMER,Vicbea,,ZENIROXPAY,
2026-02-28,txn_3T5qLVK3ZXYJSkRp1zbFPA61,charge,ch_3T5qLVK3ZXYJSkRp1mCRRzN0,46.94,2.04,44.9,usd,2026-02-28 16:26:00,2026-03-05 00:00:00,,46.94,,,TGCFP-280226-6I9JN,,,,,-https://blyne.velorasignature.com/blyne-hardwood-floor-restorer-polish,"[{""name"":""Blyne Floor Restorer & Polish. - Premium (4.06 oz)/Buy 1, Get 1 FREE"",""quantity"":1,""unitAmount"":39.95}]",6.99,39.95,0,Lausan,STRIPE_RECEIPT_CUSTOMER,Vicbea,,ZENIROXPAY,
2026-02-28,txn_3T5rEIK3ZXYJSkRp1vrckPbp,charge,ch_3T5rEIK3ZXYJSkRp1oQsw8pX,46.94,2.04,44.9,usd,2026-02-28 17:23:00,2026-03-05 00:00:00,,46.94,,,TGCFP-280226-GJ33M,,,,,-https://blyne.velorasignature.com/blyne-hardwood-floor-restorer-polish,"[{""name"":""Blyne Floor Restorer & Polish. - Premium (4.06 oz)/Buy 1, Get 1 FREE"",""quantity"":1,""unitAmount"":39.95}]",6.99,39.95,0,Lausan,STRIPE_RECEIPT_CUSTOMER,Vicbea,,ZENIROXPAY,
2026-02-28,txn_3T5tSOK3ZXYJSkRp19VkY3GK,charge,ch_3T5tSOK3ZXYJSkRp17ovef23,46.94,2.04,44.9,usd,2026-02-28 19:45:00,2026-03-05 00:00:00,,46.94,,,TGCFP-280226-C3NY0,,,,,-https://blyne.velorasignature.com/blyne-hardwood-floor-restorer-polish,"[{""name"":""Blyne Floor Restorer & Polish. - Premium (4.06 oz)/Buy 1, Get 1 FREE"",""quantity"":1,""unitAmount"":39.95}]",6.99,39.95,0,Lausan,STRIPE_RECEIPT_CUSTOMER,Vicbea,,ZENIROXPAY,
2026-02-28,txn_3T69ruK3ZXYJSkRp0weQNE5l,charge,ch_3T69ruK3ZXYJSkRp0NuXEcL7,46.94,2.04,44.9,usd,2026-03-01 13:17:00,2026-03-05 00:00:00,,46.94,,,TGCFP-010326-3513S,,,,,-https://blyne.velorasignature.com/blyne-hardwood-floor-restorer-polish,"[{""name"":""Blyne Floor Restorer & Polish. - Premium (4.06 oz)/Buy 1, Get 1 FREE"",""quantity"":1,""unitAmount"":39.95}]",6.99,39.95,0,Lausan,STRIPE_RECEIPT_CUSTOMER,Vicbea,,ZENIROXPAY,
2026-03-01,txn_3T6ABaK3ZXYJSkRp13yLPjpV,charge,ch_3T6ABaK3ZXYJSkRp1WsBGcIe,46.94,2.04,44.9,usd,2026-03-01 13:37:00,2026-03-05 00:00:00,,46.94,,,TGCFP-010326-OGCEH,,,,,-https://blyne.velorasignature.com/blyne-hardwood-floor-restorer-polish,"[{""name"":""Blyne Floor Restorer & Polish. - Premium (4.06 oz)/Buy 1, Get 1 FREE"",""quantity"":1,""unitAmount"":39.95}]",6.99,39.95,0,Lausan,STRIPE_RECEIPT_CUSTOMER,Vicbea,,ZENIROXPAY,
2026-03-01,txn_3T6BkeK3ZXYJSkRp02ogvpMf,charge,ch_3T6BkeK3ZXYJSkRp0MIzCxlr,46.94,2.04,44.9,usd,2026-03-01 15:17:00,2026-03-05 00:00:00,,46.94,,,TGCFP-010326-HYESL,,,,,-https://blyne.velorasignature.com/blyne-hardwood-floor-restorer-polish,"[{""name"":""Blyne Floor Restorer & Polish. - Premium (4.06 oz)/Buy 1, Get 1 FREE"",""quantity"":1,""unitAmount"":39.95}]",6.99,39.95,0,Lausan,STRIPE_RECEIPT_CUSTOMER,Vicbea,,ZENIROXPAY,
2026-03-01,txn_3T6Bm4K3ZXYJSkRp1QfkLHee,charge,ch_3T6Bm4K3ZXYJSkRp1SIT8qZb,60.94,2.55,58.39,usd,2026-03-01 15:19:00,2026-03-05 00:00:00,,60.94,,,TGCFP-010326-VJ51I,,,,,-https://blyne.velorasignature.com/blyne-hardwood-floor-restorer-polish,"[{""name"":""Blyne Floor Restorer & Polish. - Premium (4.06 oz)/Buy 2, Get 2 FREE (+ Bonus Mop Pad)"",""quantity"":1,""unitAmount"":53.95}]",6.99,53.95,0,Lausan,STRIPE_RECEIPT_CUSTOMER,Vicbea,,ZENIROXPAY,
2026-03-01,txn_3T6E98K3ZXYJSkRp1sKLPVtv,charge,ch_3T6E98K3ZXYJSkRp1HcrVJpX,60.94,2.55,58.39,usd,2026-03-01 17:51:00,2026-03-05 00:00:00,,60.94,,,TGCFP-010326-5Z37Z,,,,,-https://blyne.velorasignature.com/blyne-hardwood-floor-restorer-polish,"[{""name"":""Blyne Floor Restorer & Polish. - Premium (4.06 oz)/Buy 2, Get 2 FREE (+ Bonus Mop Pad)"",""quantity"":1,""unitAmount"":53.95}]",6.99,53.95,0,Lausan,STRIPE_RECEIPT_CUSTOMER,Vicbea,,ZENIROXPAY,
2026-03-01,txn_3T6FheK3ZXYJSkRp1RmP901I,charge,ch_3T6FheK3ZXYJSkRp1q2nM9wW,114.89,4.55,110.34,usd,2026-03-01 19:31:00,2026-03-05 00:00:00,,114.89,,,TGCFP-010326-YGT4Y,,,,,-https://blyne.velorasignature.com/blyne-hardwood-floor-restorer-polish,"[{""name"":""Blyne Floor Restorer & Polish. - Premium (4.06 oz)/Buy 2, Get 2 FREE (+ Bonus Mop Pad)"",""quantity"":2,""unitAmount"":53.95}]",6.99,107.9,0,Lausan,STRIPE_RECEIPT_CUSTOMER,Vicbea,,ZENIROXPAY,
2026-03-01,txn_3T6FpIK3ZXYJSkRp1KO3HMnX,charge,ch_3T6FpIK3ZXYJSkRp1FwDGxat,46.94,2.04,44.9,usd,2026-03-01 19:38:00,2026-03-05 00:00:00,,46.94,,,TGCFP-010326-52VQM,,,,,-https://blyne.velorasignature.com/blyne-hardwood-floor-restorer-polish,"[{""name"":""Blyne Floor Restorer & Polish. - Premium (4.06 oz)/Buy 1, Get 1 FREE"",""quantity"":1,""unitAmount"":39.95}]",6.99,39.95,0,Lausan,STRIPE_RECEIPT_CUSTOMER,Vicbea,,ZENIROXPAY,
2026-03-01,txn_3T6GFbK3ZXYJSkRp0lJZ393F,charge,ch_3T6GFbK3ZXYJSkRp0bZNbgBA,60.94,2.55,58.39,usd,2026-03-01 20:06:00,2026-03-05 00:00:00,,60.94,,,TGCFP-010326-4Z3RW,,,,,-https://blyne.velorasignature.com/blyne-hardwood-floor-restorer-polish,"[{""name"":""Blyne Floor Restorer & Polish. - Premium (4.06 oz)/Buy 2, Get 2 FREE (+ Bonus Mop Pad)"",""quantity"":1,""unitAmount"":53.95}]",6.99,53.95,0,Lausan,STRIPE_RECEIPT_CUSTOMER,Vicbea,,ZENIROXPAY,
2026-03-01,txn_3T6J6vK3ZXYJSkRp1YH4PvNb,charge,ch_3T6J6vK3ZXYJSkRp10nhUfK3,60.94,2.55,58.39,usd,2026-03-01 23:09:00,2026-03-05 00:00:00,,60.94,,,TGCFP-010326-YLT57,,,,,-https://blyne.velorasignature.com/blyne-hardwood-floor-restorer-polish,"[{""name"":""Blyne Floor Restorer & Polish. - Premium (4.06 oz)/Buy 2, Get 2 FREE (+ Bonus Mop Pad)"",""quantity"":1,""unitAmount"":53.95}]",6.99,53.95,0,Lausan,STRIPE_RECEIPT_CUSTOMER,Vicbea,,ZENIROXPAY,
2026-03-02,txn_3T6VkvK3ZXYJSkRp16v0tCbI,charge,ch_3T6VkvK3ZXYJSkRp1Xb5uxUn,46.94,2.04,44.9,usd,2026-03-02 12:39:00,2026-03-05 00:00:00,,46.94,,,TGCFP-020326-34V2C,,,,,-https://blyne.velorasignature.com/blyne-hardwood-floor-restorer-polish,"[{""name"":""Blyne Floor Restorer & Polish. - Premium (4.06 oz)/Buy 1, Get 1 FREE"",""quantity"":1,""unitAmount"":39.95}]",6.99,39.95,0,Lausan,STRIPE_RECEIPT_CUSTOMER,Vicbea,,ZENIROXPAY,
2026-03-02,txn_3T6VrXK3ZXYJSkRp1kk1Yq4x,charge,ch_3T6VrXK3ZXYJSkRp1xkJ4BR4,46.94,2.04,44.9,usd,2026-03-02 12:46:00,2026-03-05 00:00:00,,46.94,,,TGCFP-020326-1X09Z,,,,,-https://blyne.velorasignature.com/blyne-hardwood-floor-restorer-polish,"[{""name"":""Blyne Floor Restorer & Polish. - Premium (4.06 oz)/Buy 1, Get 1 FREE"",""quantity"":1,""unitAmount"":39.95}]",6.99,39.95,0,Lausan,STRIPE_RECEIPT_CUSTOMER,Vicbea,,ZENIROXPAY,
2026-03-02,txn_3T6XeGK3ZXYJSkRp1Hr0OdCQ,charge,ch_3T6XeGK3ZXYJSkRp1HugQX2k,46.94,2.04,44.9,usd,2026-03-02 14:40:00,2026-03-05 00:00:00,,46.94,,,TGCFP-020326-91MAU,,,,,-https://blyne.velorasignature.com/blyne-hardwood-floor-restorer-polish,"[{""name"":""Blyne Floor Restorer & Polish. - Premium (4.06 oz)/Buy 1, Get 1 FREE"",""quantity"":1,""unitAmount"":39.95}]",6.99,39.95,0,Lausan,STRIPE_RECEIPT_CUSTOMER,Vicbea,,ZENIROXPAY,
2026-03-02,txn_3T6Yc3K3ZXYJSkRp0JcqlCgl,charge,ch_3T6Yc3K3ZXYJSkRp0vVZOyBJ,60.94,2.55,58.39,usd,2026-03-02 15:42:00,2026-03-05 00:00:00,,60.94,,,TGCFP-020326-EAB50,,,,,-https://blyne.velorasignature.com/blyne-hardwood-floor-restorer-polish,"[{""name"":""Blyne Floor Restorer & Polish. - Premium (4.06 oz)/Buy 2, Get 2 FREE (+ Bonus Mop Pad)"",""quantity"":1,""unitAmount"":53.95}]",6.99,53.95,0,Lausan,STRIPE_RECEIPT_CUSTOMER,Vicbea,,ZENIROXPAY,
2026-03-02,txn_3T6ZchK3ZXYJSkRp0DTcKHJS,charge,ch_3T6ZchK3ZXYJSkRp0MotE4WA,46.94,2.04,44.9,usd,2026-03-02 16:47:00,2026-03-05 00:00:00,,46.94,,,TGCFP-020326-T7KA2,,,,,-https://blyne.velorasignature.com/blyne-hardwood-floor-restorer-polish,"[{""name"":""Blyne Floor Restorer & Polish. - Premium (4.06 oz)/Buy 1, Get 1 FREE"",""quantity"":1,""unitAmount"":39.95}]",6.99,39.95,0,Lausan,STRIPE_RECEIPT_CUSTOMER,Vicbea,,ZENIROXPAY,
2026-03-02,txn_3T6aMhK3ZXYJSkRp022s20Dt,charge,ch_3T6aMhK3ZXYJSkRp0pEY2muD,114.89,4.55,110.34,usd,2026-03-02 17:34:00,2026-03-05 00:00:00,,114.89,,,TGCFP-020326-YCGEQ,,,,,-https://blyne.velorasignature.com/blyne-hardwood-floor-restorer-polish,"[{""name"":""Blyne Floor Restorer & Polish. - Premium (4.06 oz)/Buy 2, Get 2 FREE (+ Bonus Mop Pad)"",""quantity"":2,""unitAmount"":53.95}]",6.99,107.9,0,Lausan,STRIPE_RECEIPT_CUSTOMER,Vicbea,,ZENIROXPAY,
2026-03-02,txn_3T6b5iK3ZXYJSkRp1CjmEQ5A,charge,ch_3T6b5iK3ZXYJSkRp1AaeBcRo,84.89,3.44,81.45,usd,2026-03-02 18:21:00,2026-03-05 00:00:00,,84.89,,,TGCFP-020326-C0YSJ,,,,,-https://blyne.velorasignature.com/blyne-hardwood-floor-restorer-polish,"[{""name"":""Blyne Floor Restorer & Polish. - Standard (4.06 oz)/Buy 1, Get 1 FREE"",""quantity"":1,""unitAmount"":37.95},{""name"":""Blyne Floor Restorer & Polish. - Premium (4.06 oz)/Buy 1, Get 1 FREE"",""quantity"":1,""unitAmount"":39.95}]",6.99,77.9,0,Lausan,STRIPE_RECEIPT_CUSTOMER,Vicbea,,ZENIROXPAY,
2026-03-02,txn_3T6bucK3ZXYJSkRp1NQYDMBW,charge,ch_3T6bucK3ZXYJSkRp1AoYihjJ,46.94,2.04,44.9,usd,2026-03-02 19:13:00,2026-03-05 00:00:00,,46.94,,,TGCFP-020326-C4V4F,,,,,-https://blyne.velorasignature.com/blyne-hardwood-floor-restorer-polish,"[{""name"":""Blyne Floor Restorer & Polish. - Premium (4.06 oz)/Buy 1, Get 1 FREE"",""quantity"":1,""unitAmount"":39.95}]",6.99,39.95,0,Lausan,STRIPE_RECEIPT_CUSTOMER,Vicbea,,ZENIROXPAY,
2026-03-02,txn_3T6dnqK3ZXYJSkRp0L2ksCc1,charge,ch_3T6dnqK3ZXYJSkRp08duRRgr,60.94,2.55,58.39,usd,2026-03-02 21:14:00,2026-03-05 00:00:00,,60.94,,,TGCFP-020326-QP9CT,,,,,-https://blyne.velorasignature.com/blyne-hardwood-floor-restorer-polish,"[{""name"":""Blyne Floor Restorer & Polish. - Premium (4.06 oz)/Buy 2, Get 2 FREE (+ Bonus Mop Pad)"",""quantity"":1,""unitAmount"":53.95}]",6.99,53.95,0,Lausan,STRIPE_RECEIPT_CUSTOMER,Vicbea,,ZENIROXPAY,
2026-03-02,txn_3T6dzKK3ZXYJSkRp1ePxOSPf,charge,ch_3T6dzKK3ZXYJSkRp1cULDQXM,46.94,2.04,44.9,usd,2026-03-02 21:26:00,2026-03-05 00:00:00,,46.94,,,TGCFP-020326-NF9W6,,,,,-https://blyne.velorasignature.com/blyne-hardwood-floor-restorer-polish,"[{""name"":""Blyne Floor Restorer & Polish. - Premium (4.06 oz)/Buy 1, Get 1 FREE"",""quantity"":1,""unitAmount"":39.95}]",6.99,39.95,0,Lausan,STRIPE_RECEIPT_CUSTOMER,Vicbea,,ZENIROXPAY,
2026-03-02,txn_3T6g0gK3ZXYJSkRp1Wy4ItbC,charge,ch_3T6g0gK3ZXYJSkRp1987hw2o,46.94,2.04,44.9,usd,2026-03-02 23:36:00,2026-03-05 00:00:00,,46.94,,,TGCFP-020326-347QD,,,,,-https://blyne.velorasignature.com/blyne-hardwood-floor-restorer-polish,"[{""name"":""Blyne Floor Restorer & Polish. - Premium (4.06 oz)/Buy 1, Get 1 FREE"",""quantity"":1,""unitAmount"":39.95}]",6.99,39.95,0,Lausan,STRIPE_RECEIPT_CUSTOMER,Vicbea,,ZENIROXPAY,
2026-03-03,txn_3T6gZXK3ZXYJSkRp06c2HxX0,charge,ch_3T6gZXK3ZXYJSkRp0b0yAxyX,60.94,2.55,58.39,usd,2026-03-03 00:12:00,2026-03-06 00:00:00,,60.94,,,TGCFP-020326-ZITYO,,,,,-https://blyne.velorasignature.com/blyne-hardwood-floor-restorer-polish,"[{""name"":""Blyne Floor Restorer & Polish. - Premium (4.06 oz)/Buy 2, Get 2 FREE (+ Bonus Mop Pad)"",""quantity"":1,""unitAmount"":53.95}]",6.99,53.95,0,Lausan,STRIPE_RECEIPT_CUSTOMER,Vicbea,,ZENIROXPAY,
2026-03-03,txn_3T6rWYK3ZXYJSkRp1WqTYHku,charge,ch_3T6rWYK3ZXYJSkRp1jKnLR4F,46.94,2.04,44.9,usd,2026-03-03 11:54:00,2026-03-06 00:00:00,,46.94,,,TGCFP-030326-Y1NUW,,,,,-https://blyne.velorasignature.com/blyne-hardwood-floor-restorer-polish,"[{""name"":""Blyne Floor Restorer & Polish. - Premium (4.06 oz)/Buy 1, Get 1 FREE"",""quantity"":1,""unitAmount"":39.95}]",6.99,39.95,0,Lausan,STRIPE_RECEIPT_CUSTOMER,Vicbea,,ZENIROXPAY,
2026-03-03,txn_3T6tKnK3ZXYJSkRp04mtay1f,charge,ch_3T6tKnK3ZXYJSkRp0wrBAZHI,46.94,2.04,44.9,usd,2026-03-03 13:50:00,2026-03-06 00:00:00,,46.94,,,TGCFP-030326-UU0VR,,,,,-https://blyne.velorasignature.com/blyne-hardwood-floor-restorer-polish,"[{""name"":""Blyne Floor Restorer & Polish. - Premium (4.06 oz)/Buy 1, Get 1 FREE"",""quantity"":1,""unitAmount"":39.95}]",6.99,39.95,0,Lausan,STRIPE_RECEIPT_CUSTOMER,Vicbea,,ZENIROXPAY,
2026-03-03,txn_3T6vaiK3ZXYJSkRp0QOKXbEN,charge,ch_3T6vaiK3ZXYJSkRp04sJW48O,46.94,2.04,44.9,usd,2026-03-03 16:14:00,2026-03-06 00:00:00,,46.94,,,TGCFP-030326-43FNM,,,,,-https://blyne.velorasignature.com/blyne-hardwood-floor-restorer-polish,"[{""name"":""Blyne Floor Restorer & Polish. - Premium (4.06 oz)/Buy 1, Get 1 FREE"",""quantity"":1,""unitAmount"":39.95}]",6.99,39.95,0,Lausan,STRIPE_RECEIPT_CUSTOMER,Vicbea,,ZENIROXPAY,
2026-03-04,txn_3T75nEK3ZXYJSkRp0G89VMNX,charge,ch_3T75nEK3ZXYJSkRp06pkqnoY,60.94,2.55,58.39,usd,2026-03-04 03:08:00,2026-03-09 00:00:00,,60.94,,,TGCFP-030326-ZJDYP,,,,,-https://blyne.velorasignature.com/blyne-hardwood-floor-restorer-polish,"[{""name"":""Blyne Floor Restorer & Polish. - Premium (4.06 oz)/Buy 2, Get 2 FREE (+ Bonus Mop Pad)"",""quantity"":1,""unitAmount"":53.95}]",6.99,53.95,0,Lausan,STRIPE_RECEIPT_CUSTOMER,Vicbea,,ZENIROXPAY,
2026-03-04,txn_1T77PyK3ZXYJSkRpqpIVFiD5,payout,po_1T77PyK3ZXYJSkRpXJPvxcos,-1500,0,-1500,usd,2026-03-04 04:52:00,2026-03-04 04:52:00,,,,,,,,,,,,,,,,STRIPE_PAYOUT,,Pingpong ZeniroxPay,ZENIROXPAY,
2026-03-04,txn_3T7D1fK3ZXYJSkRp1AUSlat9,charge,ch_3T7D1fK3ZXYJSkRp1055RoeW,46.94,2.04,44.9,usd,2026-03-04 10:51:00,2026-03-09 00:00:00,,46.94,,,TGCFP-040326-KDV0X,,,,,-https://blyne.velorasignature.com/blyne-hardwood-floor-restorer-polish,"[{""name"":""Blyne Floor Restorer & Polish. - Premium (4.06 oz)/Buy 1, Get 1 FREE"",""quantity"":1,""unitAmount"":39.95}]",6.99,39.95,0,Lausan,STRIPE_RECEIPT_CUSTOMER,Vicbea,,ZENIROXPAY,
2026-03-04,txn_3T7EqyK3ZXYJSkRp0eblFPrn,charge,ch_3T7EqyK3ZXYJSkRp0pY5chpt,46.94,2.04,44.9,usd,2026-03-04 12:48:00,2026-03-09 00:00:00,,46.94,,,TGCFP-040326-V5403,,,,,-https://blyne.velorasignature.com/blyne-hardwood-floor-restorer-polish,"[{""name"":""Blyne Floor Restorer & Polish. - Premium (4.06 oz)/Buy 1, Get 1 FREE"",""quantity"":1,""unitAmount"":39.95}]",6.99,39.95,0,Lausan,STRIPE_RECEIPT_CUSTOMER,Vicbea,,ZENIROXPAY,
2026-03-04,txn_3T7FeoK3ZXYJSkRp0nxi9i4L,charge,ch_3T7FeoK3ZXYJSkRp0sEG4N45,60.94,2.55,58.39,usd,2026-03-04 13:40:00,2026-03-09 00:00:00,,60.94,,,TGCFP-040326-A45SY,,,,,-https://blyne.velorasignature.com/blyne-hardwood-floor-restorer-polish,"[{""name"":""Blyne Floor Restorer & Polish. - Premium (4.06 oz)/Buy 2, Get 2 FREE (+ Bonus Mop Pad)"",""quantity"":1,""unitAmount"":53.95}]",6.99,53.95,0,Lausan,STRIPE_RECEIPT_CUSTOMER,Vicbea,,ZENIROXPAY,
2026-03-04,txn_3T7GGNK3ZXYJSkRp0Xsmz9Ur,charge,ch_3T7GGNK3ZXYJSkRp0tQEqaT5,60.94,2.55,58.39,usd,2026-03-04 14:19:00,2026-03-09 00:00:00,,60.94,,,TGCFP-040326-7V3EF,,,,,-https://blyne.velorasignature.com/blyne-hardwood-floor-restorer-polish,"[{""name"":""Blyne Floor Restorer & Polish. - Premium (4.06 oz)/Buy 2, Get 2 FREE (+ Bonus Mop Pad)"",""quantity"":1,""unitAmount"":53.95}]",6.99,53.95,0,Lausan,STRIPE_RECEIPT_CUSTOMER,Vicbea,,ZENIROXPAY,
2026-03-04,txn_3T7NJWK3ZXYJSkRp06Cd0n5q,charge,ch_3T7NJWK3ZXYJSkRp0zI9v3dc,60.94,2.55,58.39,usd,2026-03-04 21:50:00,2026-03-09 00:00:00,,60.94,,,TGCFP-040326-TCCQD,,,,,-https://blyne.velorasignature.com/blyne-hardwood-floor-restorer-polish,"[{""name"":""Blyne Floor Restorer & Polish. - Premium (4.06 oz)/Buy 2, Get 2 FREE (+ Bonus Mop Pad)"",""quantity"":1,""unitAmount"":53.95}]",6.99,53.95,0,Lausan,STRIPE_RECEIPT_CUSTOMER,Vicbea,,ZENIROXPAY,
2026-03-04,txn_3T7P2KK3ZXYJSkRp09B4lPju,charge,ch_3T7P2KK3ZXYJSkRp0jS64O51,60.94,2.55,58.39,usd,2026-03-04 23:41:00,2026-03-09 00:00:00,,60.94,,,TGCFP-040326-RBSBD,,,,,-https://blyne.velorasignature.com/blyne-hardwood-floor-restorer-polish,"[{""name"":""Blyne Floor Restorer & Polish. - Premium (4.06 oz)/Buy 2, Get 2 FREE (+ Bonus Mop Pad)"",""quantity"":1,""unitAmount"":53.95}]",6.99,53.95,0,Lausan,STRIPE_RECEIPT_CUSTOMER,Vicbea,,ZENIROXPAY,
2026-03-05,txn_1T7S4yK3ZXYJSkRpaFeBQHPN,adjustment,du_1T4uloK3ZXYJSkRpXkSHG4SD,60.94,0,60.94,usd,2026-03-05 02:55:00,2026-03-05 02:55:00,,,,,,,,,,,,,,,,STRIPE_ADJUSTMENT,,,ZENIROXPAY,
2026-03-05,txn_3T7SGJK3ZXYJSkRp1Tic8RkN,charge,ch_3T7SGJK3ZXYJSkRp12Y4pK0A,46.94,2.04,44.9,usd,2026-03-05 03:07:00,2026-03-10 00:00:00,,46.94,,,TGCFP-040326-U0RCM,,,,,-https://blyne.velorasignature.com/blyne-hardwood-floor-restorer-polish,"[{""name"":""Blyne Floor Restorer & Polish. - Premium (4.06 oz)/Buy 1, Get 1 FREE"",""quantity"":1,""unitAmount"":39.95}]",6.99,39.95,0,Lausan,STRIPE_RECEIPT_CUSTOMER,Vicbea,,ZENIROXPAY,
2026-03-05,txn_3T7c4TK3ZXYJSkRp0xJm15d6,charge,ch_3T7c4TK3ZXYJSkRp0BGFgBUP,46.94,2.04,44.9,usd,2026-03-05 13:36:00,2026-03-10 00:00:00,,46.94,,,TGCFP-050326-5ZBKI,,,,,-https://blyne.velorasignature.com/blyne-hardwood-floor-restorer-polish,"[{""name"":""Blyne Floor Restorer & Polish. - Premium (4.06 oz)/Buy 1, Get 1 FREE"",""quantity"":1,""unitAmount"":39.95}]",6.99,39.95,0,Lausan,STRIPE_RECEIPT_CUSTOMER,Vicbea,,ZENIROXPAY,
2026-03-05,txn_3T7dy0K3ZXYJSkRp0ixOKjKd,charge,ch_3T7dy0K3ZXYJSkRp02Ft5tR9,46.94,2.04,44.9,usd,2026-03-05 15:37:00,2026-03-10 00:00:00,,46.94,,,TGCFP-050326-VFHVS,,,,,-https://blyne.velorasignature.com/blyne-hardwood-floor-restorer-polish,"[{""name"":""Blyne Floor Restorer & Polish. - Premium (4.06 oz)/Buy 1, Get 1 FREE"",""quantity"":1,""unitAmount"":39.95}]",6.99,39.95,0,Lausan,STRIPE_RECEIPT_CUSTOMER,Vicbea,,ZENIROXPAY,
2026-03-05,txn_3T7jpdK3ZXYJSkRp16XvGcdQ,charge,ch_3T7jpdK3ZXYJSkRp1O63KIVb,46.94,2.04,44.9,usd,2026-03-05 21:53:00,2026-03-10 00:00:00,,46.94,,,TGCFP-050326-4K19N,,,,,-https://blyne.velorasignature.com/blyne-hardwood-floor-restorer-polish,"[{""name"":""Blyne Floor Restorer & Polish. - Premium (4.06 oz)/Buy 1, Get 1 FREE"",""quantity"":1,""unitAmount"":39.95}]",6.99,39.95,0,Lausan,STRIPE_RECEIPT_CUSTOMER,Vicbea,,ZENIROXPAY,
2026-03-05,txn_3T7lDkK3ZXYJSkRp0MlKeer0,charge,ch_3T7lDkK3ZXYJSkRp09dnzgYG,60.94,2.55,58.39,usd,2026-03-05 23:22:00,2026-03-10 00:00:00,,60.94,,,TGCFP-050326-44TJK,,,,,-https://blyne.velorasignature.com/blyne-hardwood-floor-restorer-polish,"[{""name"":""Blyne Floor Restorer & Polish. - Premium (4.06 oz)/Buy 2, Get 2 FREE (+ Bonus Mop Pad)"",""quantity"":1,""unitAmount"":53.95}]",6.99,53.95,0,Lausan,STRIPE_RECEIPT_CUSTOMER,Vicbea,,ZENIROXPAY,
2026-03-06,txn_1T7lzTK3ZXYJSkRpI17uPHO1,adjustment,du_1Sn9CkK3ZXYJSkRpfvosEmi8,64.97,0,64.97,usd,2026-03-06 00:11:00,2026-03-06 00:11:00,,,,,,,,,,,,,,,,STRIPE_ADJUSTMENT,,,ZENIROXPAY,
2026-03-06,txn_3T7oPqK3ZXYJSkRp0i6T1pOi,charge,ch_3T7oPqK3ZXYJSkRp0fguKhag,156.84,6.1,150.74,usd,2026-03-06 02:47:00,2026-03-11 00:00:00,,156.84,,,TGCFP-050326-BHD28,,,,,-https://blyne.velorasignature.com/blyne-hardwood-floor-restorer-polish,"[{""name"":""Blyne Floor Restorer & Polish. - Standard (4.06 oz)/Buy 2, Get 2 FREE (+ Bonus Mop Pad)"",""quantity"":3,""unitAmount"":49.95}]",6.99,149.85,0,Lausan,STRIPE_RECEIPT_CUSTOMER,Vicbea,,ZENIROXPAY,
2026-03-06,txn_3Ss7iIK3ZXYJSkRp17jfnEB2,refund,ch_3Ss7iIK3ZXYJSkRp1fKfPYOa,-15.24,0,-15.24,usd,2026-03-06 07:24:00,2026-03-06 07:24:00,Refund 25% - Aftersales Service,15.24,true,Refund 25% - Aftersales Service,TGCFP-210126-TT0FD,,,,,,,,,,,STRIPE_REFUND,,,ZENIROXPAY,
2026-03-06,txn_3SsTcwK3ZXYJSkRp03U7lFmy,refund,ch_3SsTcwK3ZXYJSkRp09AC6MJR,-14.08,0,-14.08,usd,2026-03-06 07:25:00,2026-03-06 07:25:00,Refund 30% - Aftersales Service,14.08,true,Refund 30% - Aftersales Service,TGCFP-220126-8WOC9,,,,,,,,,,,STRIPE_REFUND,,,ZENIROXPAY,
2026-03-06,txn_1T80ZgK3ZXYJSkRpMiQcCl6f,adjustment,du_1T80ZUK3ZXYJSkRp9YF15zog,-59.94,15,-74.94,usd,2026-03-06 15:45:00,2026-03-06 15:45:00,,,,,,,,,,,,,,,,STRIPE_ADJUSTMENT,,,ZENIROXPAY,
2026-03-06,txn_3T81bHK3ZXYJSkRp1tsUIkxg,charge,ch_3T81bHK3ZXYJSkRp1flKsT6z,46.94,2.04,44.9,usd,2026-03-06 16:51:00,2026-03-11 00:00:00,,46.94,,,TGCFP-060326-1XX5H,,,,,-https://blyne.velorasignature.com/blyne-hardwood-floor-restorer-polish,"[{""name"":""Blyne Floor Restorer & Polish. - Premium (4.06 oz)/Buy 1, Get 1 FREE"",""quantity"":1,""unitAmount"":39.95}]",6.99,39.95,0,Lausan,STRIPE_RECEIPT_CUSTOMER,Vicbea,,ZENIROXPAY,
2026-03-06,txn_3T81dlK3ZXYJSkRp0ZXvFtBu,charge,ch_3T81dlK3ZXYJSkRp0gYt9l44,46.94,2.04,44.9,usd,2026-03-06 16:54:00,2026-03-11 00:00:00,,46.94,,,TGCFP-060326-9U2NA,,,,,-https://blyne.velorasignature.com/blyne-hardwood-floor-restorer-polish,"[{""name"":""Blyne Floor Restorer & Polish. - Premium (4.06 oz)/Buy 1, Get 1 FREE"",""quantity"":1,""unitAmount"":39.95}]",6.99,39.95,0,Lausan,STRIPE_RECEIPT_CUSTOMER,Vicbea,,ZENIROXPAY,
2026-03-06,txn_3T82VWK3ZXYJSkRp01m3f7Em,charge,ch_3T82VWK3ZXYJSkRp0n1gkebw,114.89,4.55,110.34,usd,2026-03-06 17:49:00,2026-03-11 00:00:00,,114.89,,,TGCFP-060326-F4N0I,,,,,-https://blyne.velorasignature.com/blyne-hardwood-floor-restorer-polish,"[{""name"":""Blyne Floor Restorer & Polish. - Premium (4.06 oz)/Buy 2, Get 2 FREE (+ Bonus Mop Pad)"",""quantity"":2,""unitAmount"":53.95}]",6.99,107.9,0,Lausan,STRIPE_RECEIPT_CUSTOMER,Vicbea,,ZENIROXPAY,
2026-03-06,txn_1T83vfK3ZXYJSkRpGbfDdUlG,adjustment,du_1T83vTK3ZXYJSkRpDLKnnza0,-46.94,15,-61.94,usd,2026-03-06 19:20:00,2026-03-06 19:20:00,,,,,,,,,,,,,,,,STRIPE_ADJUSTMENT,,,ZENIROXPAY,
2026-03-06,txn_3T83xnK3ZXYJSkRp0wTG4OYf,charge,ch_3T83xnK3ZXYJSkRp0fpBQrX7,46.94,2.04,44.9,usd,2026-03-06 19:23:00,2026-03-11 00:00:00,,46.94,,,TGCFP-060326-TCIZ2,,,,,-https://blyne.velorasignature.com/blyne-hardwood-floor-restorer-polish,"[{""name"":""Blyne Floor Restorer & Polish. - Premium (4.06 oz)/Buy 1, Get 1 FREE"",""quantity"":1,""unitAmount"":39.95}]",6.99,39.95,0,Lausan,STRIPE_RECEIPT_CUSTOMER,Vicbea,,ZENIROXPAY,
2026-03-06,txn_3T85WrK3ZXYJSkRp0LvvcssO,charge,ch_3T85WrK3ZXYJSkRp01oF1m7y,60.94,2.55,58.39,usd,2026-03-06 21:03:00,2026-03-11 00:00:00,,60.94,,,TGCFP-060326-92EXB,,,,,-https://blyne.velorasignature.com/blyne-hardwood-floor-restorer-polish,"[{""name"":""Blyne Floor Restorer & Polish. - Premium (4.06 oz)/Buy 2, Get 2 FREE (+ Bonus Mop Pad)"",""quantity"":1,""unitAmount"":53.95}]",6.99,53.95,0,Lausan,STRIPE_RECEIPT_CUSTOMER,Vicbea,,ZENIROXPAY,
2026-03-06,txn_3T87dHK3ZXYJSkRp077v6h9i,charge,ch_3T87dHK3ZXYJSkRp0L5a4ST7,46.94,2.04,44.9,usd,2026-03-06 23:18:00,2026-03-11 00:00:00,,46.94,,,TGCFP-060326-R0F01,,,,,-https://blyne.velorasignature.com/blyne-hardwood-floor-restorer-polish,"[{""name"":""Blyne Floor Restorer & Polish. - Premium (4.06 oz)/Buy 1, Get 1 FREE"",""quantity"":1,""unitAmount"":39.95}]",6.99,39.95,0,Lausan,STRIPE_RECEIPT_CUSTOMER,Vicbea,,ZENIROXPAY,
2026-03-07,txn_1T89r1K3ZXYJSkRpjfUUQ6sw,stripe_fee,,10.82,0,10.82,usd,2026-03-07 01:40:00,2026-03-07 01:40:00,,,,,,,,,,,,,,,,STRIPE_FEE,,,ZENIROXPAY,
2026-03-07,txn_1T8JOOK3ZXYJSkRprJ09xUhh,adjustment,du_1T8JODK3ZXYJSkRp5Dle1Pf3,-46.94,15,-61.94,usd,2026-03-07 11:51:00,2026-03-07 11:51:00,,,,,,,,,,,,,,,,STRIPE_ADJUSTMENT,,,ZENIROXPAY,
2026-03-07,txn_3T8KAjK3ZXYJSkRp18G83nRr,charge,ch_3T8KAjK3ZXYJSkRp111ANXPn,46.94,2.04,44.9,usd,2026-03-07 12:41:00,2026-03-12 00:00:00,,46.94,,,TGCFP-070326-7BSUV,,,,,-https://blyne.velorasignature.com/blyne-hardwood-floor-restorer-polish,"[{""name"":""Blyne Floor Restorer & Polish. - Premium (4.06 oz)/Buy 1, Get 1 FREE"",""quantity"":1,""unitAmount"":39.95}]",6.99,39.95,0,Lausan,STRIPE_RECEIPT_CUSTOMER,Vicbea,,ZENIROXPAY,
2026-03-07,txn_3T8MJqK3ZXYJSkRp1DaCvhbK,charge,ch_3T8MJqK3ZXYJSkRp1O479H8q,46.94,2.04,44.9,usd,2026-03-07 14:59:00,2026-03-12 00:00:00,,46.94,,,7AY65-070326-35U29,,,,,-https://luxebare.reurm.com/luxebare-hair-removal-cream,"[{""name"":""LUXEBARE | Sensitive Skin Hair Removal Cream For Face, Body & Intimate Areas - LuxeSensitivity (For Face & Body)/150 ml (Buy 1 "",""quantity"":1,""unitAmount"":39.95}]",6.99,39.95,0,LUXEBARE - N,STRIPE_RECEIPT_CUSTOMER,Vicbea,,ZENIROXPAY,
2026-03-07,txn_3T8N8zK3ZXYJSkRp1y6Jua32,charge,ch_3T8N8zK3ZXYJSkRp1If9PsZs,60.94,2.55,58.39,usd,2026-03-07 15:51:00,2026-03-12 00:00:00,,60.94,,,TGCFP-070326-US06E,,,,,-https://blyne.velorasignature.com/blyne-hardwood-floor-restorer-polish,"[{""name"":""Blyne Floor Restorer & Polish. - Premium (4.06 oz)/Buy 2, Get 2 FREE (+ Bonus Mop Pad)"",""quantity"":1,""unitAmount"":53.95}]",6.99,53.95,0,Lausan,STRIPE_RECEIPT_CUSTOMER,Vicbea,,ZENIROXPAY,
2026-03-07,txn_3T8On5K3ZXYJSkRp0onmTc0B,charge,ch_3T8On5K3ZXYJSkRp09Dmlihh,46.94,2.04,44.9,usd,2026-03-07 17:37:00,2026-03-12 00:00:00,,46.94,,,TGCFP-070326-DUROV,,,,,-https://blyne.velorasignature.com/blyne-hardwood-floor-restorer-polish,"[{""name"":""Blyne Floor Restorer & Polish. - Premium (4.06 oz)/Buy 1, Get 1 FREE"",""quantity"":1,""unitAmount"":39.95}]",6.99,39.95,0,Lausan,STRIPE_RECEIPT_CUSTOMER,Vicbea,,ZENIROXPAY,
2026-03-07,txn_3T8OzHK3ZXYJSkRp0arTZZPl,charge,ch_3T8OzHK3ZXYJSkRp0412UVeZ,60.94,2.55,58.39,usd,2026-03-07 17:50:00,2026-03-12 00:00:00,,60.94,,,TGCFP-070326-BP1BZ,,,,,-https://blyne.velorasignature.com/blyne-hardwood-floor-restorer-polish,"[{""name"":""Blyne Floor Restorer & Polish. - Premium (4.06 oz)/Buy 2, Get 2 FREE (+ Bonus Mop Pad)"",""quantity"":1,""unitAmount"":53.95}]",6.99,53.95,0,Lausan,STRIPE_RECEIPT_CUSTOMER,Vicbea,,ZENIROXPAY,
2026-03-07,txn_3T8RLDK3ZXYJSkRp0VIPtc68,charge,ch_3T8RLDK3ZXYJSkRp02YcbCgB,46.94,2.04,44.9,usd,2026-03-07 20:20:00,2026-03-12 00:00:00,,46.94,,,TGCFP-070326-PAUJB,,,,,-https://blyne.velorasignature.com/blyne-hardwood-floor-restorer-polish,"[{""name"":""Blyne Floor Restorer & Polish. - Premium (4.06 oz)/Buy 1, Get 1 FREE"",""quantity"":1,""unitAmount"":39.95}]",6.99,39.95,0,Lausan,STRIPE_RECEIPT_CUSTOMER,Vicbea,,ZENIROXPAY,
2026-03-07,txn_3T8SCfK3ZXYJSkRp0EuOlTzD,charge,ch_3T8SCfK3ZXYJSkRp0Z7ynbx6,46.94,2.04,44.9,usd,2026-03-07 21:16:00,2026-03-12 00:00:00,,46.94,,,TGCFP-070326-9BB22,,,,,-https://blyne.velorasignature.com/blyne-hardwood-floor-restorer-polish,"[{""name"":""Blyne Floor Restorer & Polish. - Premium (4.06 oz)/Buy 1, Get 1 FREE"",""quantity"":1,""unitAmount"":39.95}]",6.99,39.95,0,Lausan,STRIPE_RECEIPT_CUSTOMER,Vicbea,,ZENIROXPAY,
2026-03-07,txn_3T8SaDK3ZXYJSkRp1KxgWe8D,charge,ch_3T8SaDK3ZXYJSkRp1h75mm1o,46.94,2.04,44.9,usd,2026-03-07 21:40:00,2026-03-12 00:00:00,,46.94,,,TGCFP-070326-Y4DN3,,,,,-https://blyne.velorasignature.com/blyne-hardwood-floor-restorer-polish,"[{""name"":""Blyne Floor Restorer & Polish. - Premium (4.06 oz)/Buy 1, Get 1 FREE"",""quantity"":1,""unitAmount"":39.95}]",6.99,39.95,0,Lausan,STRIPE_RECEIPT_CUSTOMER,Vicbea,,ZENIROXPAY,
2026-03-08,txn_3T8WMkK3ZXYJSkRp0J7Lhaf9,charge,ch_3T8WMkK3ZXYJSkRp0yydof6z,60.94,2.55,58.39,usd,2026-03-08 01:42:00,2026-03-12 00:00:00,,60.94,,,TGCFP-070326-WX4R6,,,,,-https://blyne.velorasignature.com/blyne-hardwood-floor-restorer-polish,"[{""name"":""Blyne Floor Restorer & Polish. - Premium (4.06 oz)/Buy 2, Get 2 FREE (+ Bonus Mop Pad)"",""quantity"":1,""unitAmount"":53.95}]",6.99,53.95,0,Lausan,STRIPE_RECEIPT_CUSTOMER,Vicbea,,ZENIROXPAY,
2026-03-08,txn_3T8i7OK3ZXYJSkRp0RBhUNPF,charge,ch_3T8i7OK3ZXYJSkRp0XNuXUPU,46.94,2.04,44.9,usd,2026-03-08 14:15:00,2026-03-12 00:00:00,,46.94,,,TGCFP-080326-QVY0G,,,,,-https://blyne.velorasignature.com/blyne-hardwood-floor-restorer-polish,"[{""name"":""Blyne Floor Restorer & Polish. - Premium (4.06 oz)/Buy 1, Get 1 FREE"",""quantity"":1,""unitAmount"":39.95}]",6.99,39.95,0,Lausan,STRIPE_RECEIPT_CUSTOMER,Vicbea,,ZENIROXPAY,
2026-03-08,txn_3T8iQrK3ZXYJSkRp03v4BeyK,charge,ch_3T8iQrK3ZXYJSkRp0Us0PwJ2,60.94,2.55,58.39,usd,2026-03-08 14:35:00,2026-03-12 00:00:00,,60.94,,,TGCFP-080326-PCBWL,,,,,-https://blyne.velorasignature.com/blyne-hardwood-floor-restorer-polish,"[{""name"":""Blyne Floor Restorer & Polish. - Premium (4.06 oz)/Buy 2, Get 2 FREE (+ Bonus Mop Pad)"",""quantity"":1,""unitAmount"":53.95}]",6.99,53.95,0,Lausan,STRIPE_RECEIPT_CUSTOMER,Vicbea,,ZENIROXPAY,
2026-03-08,txn_3T8k4BK3ZXYJSkRp15lxmNa8,charge,ch_3T8k4BK3ZXYJSkRp1YHyZEG0,44.94,1.96,42.98,usd,2026-03-08 16:20:00,2026-03-12 00:00:00,,44.94,,,TGCFP-080326-N3L1C,,,,,-https://blyne.velorasignature.com/blyne-hardwood-floor-restorer-polish,"[{""name"":""Blyne Floor Restorer & Polish. - Standard (4.06 oz)/Buy 1, Get 1 FREE"",""quantity"":1,""unitAmount"":37.95}]",6.99,37.95,0,Lausan,STRIPE_RECEIPT_CUSTOMER,Vicbea,,ZENIROXPAY,
2026-03-08,txn_3T8lKQK3ZXYJSkRp0O011ABH,charge,ch_3T8lKQK3ZXYJSkRp0bStsBq6,46.94,2.04,44.9,usd,2026-03-08 17:41:00,2026-03-12 00:00:00,,46.94,,,TGCFP-080326-O6C8J,,,,,-https://blyne.velorasignature.com/blyne-hardwood-floor-restorer-polish,"[{""name"":""Blyne Floor Restorer & Polish. - Premium (4.06 oz)/Buy 1, Get 1 FREE"",""quantity"":1,""unitAmount"":39.95}]",6.99,39.95,0,Lausan,STRIPE_RECEIPT_CUSTOMER,Vicbea,,ZENIROXPAY,
2026-03-08,txn_3T8mYGK3ZXYJSkRp1b6thH9q,charge,ch_3T8mYGK3ZXYJSkRp1j7CLdgg,60.94,2.55,58.39,usd,2026-03-08 19:00:00,2026-03-12 00:00:00,,60.94,,,TGCFP-080326-3YJSV,,,,,-https://blyne.velorasignature.com/blyne-hardwood-floor-restorer-polish,"[{""name"":""Blyne Floor Restorer & Polish. - Premium (4.06 oz)/Buy 2, Get 2 FREE (+ Bonus Mop Pad)"",""quantity"":1,""unitAmount"":53.95}]",6.99,53.95,0,Lausan,STRIPE_RECEIPT_CUSTOMER,Vicbea,,ZENIROXPAY,
2026-03-08,txn_3T8oqXK3ZXYJSkRp1By9C5wp,charge,ch_3T8oqXK3ZXYJSkRp1H43M1se,46.94,2.04,44.9,usd,2026-03-08 21:26:00,2026-03-12 00:00:00,,46.94,,,TGCFP-080326-8UUG4,,,,,-https://blyne.velorasignature.com/blyne-hardwood-floor-restorer-polish,"[{""name"":""Blyne Floor Restorer & Polish. - Premium (4.06 oz)/Buy 1, Get 1 FREE"",""quantity"":1,""unitAmount"":39.95}]",6.99,39.95,0,Lausan,STRIPE_RECEIPT_CUSTOMER,Vicbea,,ZENIROXPAY,
2026-03-08,txn_3T8p2lK3ZXYJSkRp1afxZrbt,charge,ch_3T8p2lK3ZXYJSkRp1K7hlM95,46.94,2.04,44.9,usd,2026-03-08 21:39:00,2026-03-12 00:00:00,,46.94,,,TGCFP-080326-NP07L,,,,,-https://blyne.velorasignature.com/blyne-hardwood-floor-restorer-polish,"[{""name"":""Blyne Floor Restorer & Polish. - Premium (4.06 oz)/Buy 1, Get 1 FREE"",""quantity"":1,""unitAmount"":39.95}]",6.99,39.95,0,Lausan,STRIPE_RECEIPT_CUSTOMER,Vicbea,,ZENIROXPAY,
2026-03-09,txn_3T8svUK3ZXYJSkRp0ydbnWw7,charge,ch_3T8svUK3ZXYJSkRp0AlcxnMi,46.94,2.04,44.9,usd,2026-03-09 01:48:00,2026-03-12 00:00:00,,46.94,,,TGCFP-080326-BTCJH,,,,,-https://blyne.velorasignature.com/blyne-hardwood-floor-restorer-polish,"[{""name"":""Blyne Floor Restorer & Polish. - Premium (4.06 oz)/Buy 1, Get 1 FREE"",""quantity"":1,""unitAmount"":39.95}]",6.99,39.95,0,Lausan,STRIPE_RECEIPT_CUSTOMER,Vicbea,,ZENIROXPAY,
2026-03-09,txn_3T94UgK3ZXYJSkRp0y6Gk7kh,charge,ch_3T94UgK3ZXYJSkRp0NX0rAff,60.94,2.55,58.39,usd,2026-03-09 14:09:00,2026-03-12 00:00:00,,60.94,,,TGCFP-090326-II49R,,,,,-https://blyne.velorasignature.com/blyne-hardwood-floor-restorer-polish,"[{""name"":""Blyne Floor Restorer & Polish. - Premium (4.06 oz)/Buy 2, Get 2 FREE (+ Bonus Mop Pad)"",""quantity"":1,""unitAmount"":53.95}]",6.99,53.95,0,Lausan,STRIPE_RECEIPT_CUSTOMER,Vicbea,,ZENIROXPAY,
2026-03-09,txn_1T95tNK3ZXYJSkRp7SbUg3Ag,adjustment,du_1T95tBK3ZXYJSkRpNfKe6tIM,-34.98,15,-49.98,usd,2026-03-09 15:38:00,2026-03-09 15:38:00,,,,,,,,,,,,,,,,STRIPE_ADJUSTMENT,,,ZENIROXPAY,
2026-03-09,txn_3T978eK3ZXYJSkRp0EhoS36z,charge,ch_3T978eK3ZXYJSkRp0EAIn9BZ,46.94,2.04,44.9,usd,2026-03-09 16:58:00,2026-03-12 00:00:00,,46.94,,,TGCFP-090326-XKKF0,,,,,-https://blyne.velorasignature.com/blyne-hardwood-floor-restorer-polish,"[{""name"":""Blyne Floor Restorer & Polish. - Premium (4.06 oz)/Buy 1, Get 1 FREE"",""quantity"":1,""unitAmount"":39.95}]",6.99,39.95,0,Lausan,STRIPE_RECEIPT_CUSTOMER,Vicbea,,ZENIROXPAY,
2026-03-09,txn_3T98rjK3ZXYJSkRp1OCh4b9y,charge,ch_3T98rjK3ZXYJSkRp1K8tufwi,46.94,2.04,44.9,usd,2026-03-09 18:49:00,2026-03-12 00:00:00,,46.94,,,TGCFP-090326-WOJGX,,,,,-https://blyne.velorasignature.com/blyne-hardwood-floor-restorer-polish,"[{""name"":""Blyne Floor Restorer & Polish. - Premium (4.06 oz)/Buy 1, Get 1 FREE"",""quantity"":1,""unitAmount"":39.95}]",6.99,39.95,0,Lausan,STRIPE_RECEIPT_CUSTOMER,Vicbea,,ZENIROXPAY,
2026-03-09,txn_3T99I6K3ZXYJSkRp1xEZI5N7,charge,ch_3T99I6K3ZXYJSkRp1eDATHVX,60.94,2.55,58.39,usd,2026-03-09 19:16:00,2026-03-12 00:00:00,,60.94,,,TGCFP-090326-7WKJY,,,,,-https://blyne.velorasignature.com/blyne-hardwood-floor-restorer-polish,"[{""name"":""Blyne Floor Restorer & Polish. - Premium (4.06 oz)/Buy 2, Get 2 FREE (+ Bonus Mop Pad)"",""quantity"":1,""unitAmount"":53.95}]",6.99,53.95,0,Lausan,STRIPE_RECEIPT_CUSTOMER,Vicbea,,ZENIROXPAY,
2026-03-10,txn_1T9G3JK3ZXYJSkRpG7hBnHjD,adjustment,du_1T20vTK3ZXYJSkRp2u3PUCzR,-60.94,15,-75.94,usd,2026-03-10 02:29:00,2026-03-10 02:29:00,,,,,,,,,,,,,,,,STRIPE_ADJUSTMENT,,,ZENIROXPAY,
2026-03-10,txn_1T9GLxK3ZXYJSkRpbYuDE3cR,adjustment,du_1T9GLmK3ZXYJSkRp2Rpc03UG,-60.94,15,-75.94,usd,2026-03-10 02:49:00,2026-03-10 02:49:00,,,,,,,,,,,,,,,,STRIPE_ADJUSTMENT,,,ZENIROXPAY,
2026-03-10,txn_3T9SKvK3ZXYJSkRp09wyUAeX,charge,ch_3T9SKvK3ZXYJSkRp00WDbXKI,86.89,3.51,83.38,usd,2026-03-10 15:36:00,2026-03-13 00:00:00,,86.89,,,TGCFP-100326-3Y2OD,,,,,-https://blyne.velorasignature.com/blyne-hardwood-floor-restorer-polish,"[{""name"":""Blyne Floor Restorer & Polish. - Premium (4.06 oz)/Buy 1, Get 1 FREE"",""quantity"":2,""unitAmount"":39.95}]",6.99,79.9,0,Lausan,STRIPE_RECEIPT_CUSTOMER,Vicbea,,ZENIROXPAY,
2026-03-10,txn_3T9Vi8K3ZXYJSkRp1ndqgRTW,charge,ch_3T9Vi8K3ZXYJSkRp15E6CH21,60.94,2.55,58.39,usd,2026-03-10 19:12:00,2026-03-13 00:00:00,,60.94,,,TGCFP-100326-7WR07,,,,,-https://blyne.velorasignature.com/blyne-hardwood-floor-restorer-polish,"[{""name"":""Blyne Floor Restorer & Polish. - Premium (4.06 oz)/Buy 2, Get 2 FREE (+ Bonus Mop Pad)"",""quantity"":1,""unitAmount"":53.95}]",6.99,53.95,0,Lausan,STRIPE_RECEIPT_CUSTOMER,Vicbea,,ZENIROXPAY,
2026-03-11,txn_1T9dTEK3ZXYJSkRpaI0Pv6f9,payout,po_1T9dTEK3ZXYJSkRpMSd0aRdE,-2500,0,-2500,usd,2026-03-11 03:30:00,2026-03-11 03:30:00,,,,,,,,,,,,,,,,STRIPE_PAYOUT,,Pingpong ZeniroxPay,ZENIROXPAY,
2026-03-11,txn_3SuEATK3ZXYJSkRp0ZfvoJcw,refund,ch_3SuEATK3ZXYJSkRp07rG3Wh7,-46.94,0,-46.94,usd,2026-03-11 08:45:00,2026-03-11 08:45:00,,,,,,,,,,,,,,,,STRIPE_REFUND,,,ZENIROXPAY,
2026-03-11,txn_3T9juZK3ZXYJSkRp0598QRJ1,charge,ch_3T9juZK3ZXYJSkRp0oi80m9F,60.94,2.55,58.39,usd,2026-03-11 10:22:00,2026-03-16 00:00:00,,60.94,,,TGCFP-110326-LCZNG,,,,,-https://blyne.velorasignature.com/blyne-hardwood-floor-restorer-polish,"[{""name"":""Blyne Floor Restorer & Polish. - Premium (4.06 oz)/Buy 2, Get 2 FREE (+ Bonus Mop Pad)"",""quantity"":1,""unitAmount"":53.95}]",6.99,53.95,0,Lausan,STRIPE_RECEIPT_CUSTOMER,Vicbea,,ZENIROXPAY,
2026-03-11,txn_3T9oWRK3ZXYJSkRp0oSPYMg1,charge,ch_3T9oWRK3ZXYJSkRp01eIxjVw,46.94,2.04,44.9,usd,2026-03-11 15:18:00,2026-03-16 00:00:00,,46.94,,,TGCFP-110326-4VIEE,,,,,-https://blyne.velorasignature.com/blyne-hardwood-floor-restorer-polish,"[{""name"":""Blyne Floor Restorer & Polish. - Premium (4.06 oz)/Buy 1, Get 1 FREE"",""quantity"":1,""unitAmount"":39.95}]",6.99,39.95,0,Lausan,STRIPE_RECEIPT_CUSTOMER,Vicbea,,ZENIROXPAY,
2026-03-11,txn_1T9pJ2K3ZXYJSkRpgtDX8IMO,adjustment,du_1SyYidK3ZXYJSkRpP3ibEcnZ,46.94,0,46.94,usd,2026-03-11 16:08:00,2026-03-11 16:08:00,,,,,,,,,,,,,,,,STRIPE_ADJUSTMENT,,,ZENIROXPAY,
2026-03-11,txn_1T9sylK3ZXYJSkRpr5ofnMYw,adjustment,du_1T9syZK3ZXYJSkRpmpWaUqBs,-46.94,15,-61.94,usd,2026-03-11 20:03:00,2026-03-11 20:03:00,,,,,,,,,,,,,,,,STRIPE_ADJUSTMENT,,,ZENIROXPAY,
2026-03-11,txn_3T9tuRK3ZXYJSkRp0f2HItsb,charge,ch_3T9tuRK3ZXYJSkRp0D82pbtI,46.94,2.04,44.9,usd,2026-03-11 21:03:00,2026-03-16 00:00:00,,46.94,,,TGCFP-110326-PCGVP,,,,,-https://blyne.velorasignature.com/blyne-hardwood-floor-restorer-polish,"[{""name"":""Blyne Floor Restorer & Polish. - Premium (4.06 oz)/Buy 1, Get 1 FREE"",""quantity"":1,""unitAmount"":39.95}]",6.99,39.95,0,Lausan,STRIPE_RECEIPT_CUSTOMER,Vicbea,,ZENIROXPAY,
2026-03-12,txn_3T9x0bK3ZXYJSkRp0gu4NwvM,charge,ch_3T9x0bK3ZXYJSkRp0Ga5FSK9,60.94,2.55,58.39,usd,2026-03-12 00:21:00,2026-03-17 00:00:00,,60.94,,,TGCFP-110326-P6JDV,,,,,-https://blyne.velorasignature.com/blyne-hardwood-floor-restorer-polish,"[{""name"":""Blyne Floor Restorer & Polish. - Premium (4.06 oz)/Buy 2, Get 2 FREE (+ Bonus Mop Pad)"",""quantity"":1,""unitAmount"":53.95}]",6.99,53.95,0,Lausan,STRIPE_RECEIPT_CUSTOMER,Vicbea,,ZENIROXPAY,
2026-03-12,txn_3T9xP0K3ZXYJSkRp1z8dMFFz,charge,ch_3T9xP0K3ZXYJSkRp1BYDtfBG,46.94,2.04,44.9,usd,2026-03-12 00:47:00,2026-03-17 00:00:00,,46.94,,,TGCFP-110326-JVU2Z,,,,,-https://blyne.velorasignature.com/blyne-hardwood-floor-restorer-polish,"[{""name"":""Blyne Floor Restorer & Polish. - Premium (4.06 oz)/Buy 1, Get 1 FREE"",""quantity"":1,""unitAmount"":39.95}]",6.99,39.95,0,Lausan,STRIPE_RECEIPT_CUSTOMER,Vicbea,,ZENIROXPAY,
2026-03-12,txn_1T9yHMK3ZXYJSkRpBRXE2ixN,stripe_fee,,-10.99,0,-10.99,usd,2026-03-12 01:43:00,2026-03-12 01:43:00,,,,,,,,,,,,,,,,STRIPE_FEE,,,ZENIROXPAY,
2026-03-12,txn_1T9yHMK3ZXYJSkRpZIrd1jTb,stripe_fee,,10.97,0,10.97,usd,2026-03-12 01:43:00,2026-03-12 01:43:00,,,,,,,,,,,,,,,,STRIPE_FEE,,,ZENIROXPAY,
2026-03-12,txn_1T9yHMK3ZXYJSkRpaAL71hZs,stripe_fee,,-11.05,0,-11.05,usd,2026-03-12 01:43:00,2026-03-12 01:43:00,,,,,,,,,,,,,,,,STRIPE_FEE,,,ZENIROXPAY,
2026-03-12,txn_1T9yHNK3ZXYJSkRpof45TdrU,stripe_fee,,-11.05,0,-11.05,usd,2026-03-12 01:43:00,2026-03-12 01:43:00,,,,,,,,,,,,,,,,STRIPE_FEE,,,ZENIROXPAY,
2026-03-12,txn_3TA0J3K3ZXYJSkRp0ia65Hq0,charge,ch_3TA0J3K3ZXYJSkRp0iICiGAZ,86.89,3.51,83.38,usd,2026-03-12 03:53:00,2026-03-17 00:00:00,,86.89,,,7AY65-110326-5P84V,,,,,-https://luxebare.reurm.com/luxebare-hair-removal-cream,"[{""name"":""LUXEBARE | Sensitive Skin Hair Removal Cream For Face, Body & Intimate Areas - LuxeSensitivity (For Face & Body)/150 ml (Buy 1 "",""quantity"":2,""unitAmount"":39.95}]",6.99,79.9,0,LUXEBARE - N,STRIPE_RECEIPT_CUSTOMER,Vicbea,,ZENIROXPAY,
2026-03-12,txn_3TA0RkK3ZXYJSkRp0FujHJQ8,charge,ch_3TA0RkK3ZXYJSkRp0jc5CRnN,46.94,2.04,44.9,usd,2026-03-12 04:02:00,2026-03-17 00:00:00,,46.94,,,TGCFP-110326-MPTD4,,,,,-https://blyne.velorasignature.com/blyne-hardwood-floor-restorer-polish,"[{""name"":""Blyne Floor Restorer & Polish. - Premium (4.06 oz)/Buy 1, Get 1 FREE"",""quantity"":1,""unitAmount"":39.95}]",6.99,39.95,0,Lausan,STRIPE_RECEIPT_CUSTOMER,Vicbea,,ZENIROXPAY,
2026-03-12,txn_3TAC9kK3ZXYJSkRp1WcPgG3G,charge,ch_3TAC9kK3ZXYJSkRp1jrhmHBZ,60.94,2.55,58.39,usd,2026-03-12 16:32:00,2026-03-17 00:00:00,,60.94,,,TGCFP-120326-JIQ8U,,,,,-https://blyne.velorasignature.com/blyne-hardwood-floor-restorer-polish,"[{""name"":""Blyne Floor Restorer & Polish. - Premium (4.06 oz)/Buy 2, Get 2 FREE (+ Bonus Mop Pad)"",""quantity"":1,""unitAmount"":53.95}]",6.99,53.95,0,Lausan,STRIPE_RECEIPT_CUSTOMER,Vicbea,,ZENIROXPAY,
2026-03-13,txn_3TAJKpK3ZXYJSkRp1VXSQuIp,charge,ch_3TAJKpK3ZXYJSkRp1BRnTVOE,46.94,2.04,44.9,usd,2026-03-13 00:12:00,2026-03-18 00:00:00,,46.94,,,TGCFP-120326-D3CJC,,,,,-https://blyne.velorasignature.com/blyne-hardwood-floor-restorer-polish,"[{""name"":""Blyne Floor Restorer & Polish. - Premium (4.06 oz)/Buy 1, Get 1 FREE"",""quantity"":1,""unitAmount"":39.95}]",6.99,39.95,0,Lausan,STRIPE_RECEIPT_CUSTOMER,Vicbea,,ZENIROXPAY,
2026-03-13,txn_3TAMv5K3ZXYJSkRp1pvp9xJF,charge,ch_3TAMv5K3ZXYJSkRp1yNEuQJS,46.94,2.04,44.9,usd,2026-03-13 04:01:00,2026-03-18 00:00:00,,46.94,,,TGCFP-120326-ZR8WQ,,,,,-https://blyne.velorasignature.com/blyne-hardwood-floor-restorer-polish,"[{""name"":""Blyne Floor Restorer & Polish. - Premium (4.06 oz)/Buy 1, Get 1 FREE"",""quantity"":1,""unitAmount"":39.95}]",6.99,39.95,0,Lausan,STRIPE_RECEIPT_CUSTOMER,Vicbea,,ZENIROXPAY,
2026-03-14,txn_1TAhOJK3ZXYJSkRp6K6XgOnp,stripe_fee,,-11.04,0,-11.04,usd,2026-03-14 01:53:00,2026-03-14 01:53:00,,,,,,,,,,,,,,,,STRIPE_FEE,,,ZENIROXPAY,
2026-03-14,txn_3TAw4ZK3ZXYJSkRp13whhygf,charge,ch_3TAw4ZK3ZXYJSkRp1N7CuBeW,46.94,2.04,44.9,usd,2026-03-14 17:34:00,2026-03-19 00:00:00,,46.94,,,TGCFP-140326-2ZQ8J,,,,,-https://blyne.velorasignature.com/blyne-hardwood-floor-restorer-polish,"[{""name"":""Blyne Floor Restorer & Polish. - Premium (4.06 oz)/Buy 1, Get 1 FREE"",""quantity"":1,""unitAmount"":39.95}]",6.99,39.95,0,Lausan,STRIPE_RECEIPT_CUSTOMER,Vicbea,,ZENIROXPAY,
2026-03-14,txn_1TAxCEK3ZXYJSkRpS21gD6pA,adjustment,du_1TAxC2K3ZXYJSkRpj5dLYeiT,-46.94,15,-61.94,usd,2026-03-14 18:45:00,2026-03-14 18:45:00,,,,,,,,,,,,,,,,STRIPE_ADJUSTMENT,,,ZENIROXPAY,
2026-03-14,txn_3TAy96K3ZXYJSkRp01ITrMu6,charge,ch_3TAy96K3ZXYJSkRp00jciNeC,44.94,1.96,42.98,usd,2026-03-14 19:46:00,2026-03-19 00:00:00,,44.94,,,TGCFP-140326-DI1GS,,,,,-https://blyne.velorasignature.com/blyne-hardwood-floor-restorer-polish,"[{""name"":""Blyne Floor Restorer & Polish. - Standard (4.06 oz)/Buy 1, Get 1 FREE"",""quantity"":1,""unitAmount"":37.95}]",6.99,37.95,0,Lausan,STRIPE_RECEIPT_CUSTOMER,Vicbea,,ZENIROXPAY,
2026-03-15,txn_3TB5TKK3ZXYJSkRp1aimQBrE,charge,ch_3TB5TKK3ZXYJSkRp1dO4pWZI,60.94,2.55,58.39,usd,2026-03-15 03:36:00,2026-03-19 00:00:00,,60.94,,,TGCFP-140326-69KP0,,,,,-https://blyne.velorasignature.com/blyne-hardwood-floor-restorer-polish,"[{""name"":""Blyne Floor Restorer & Polish. - Premium (4.06 oz)/Buy 2, Get 2 FREE (+ Bonus Mop Pad)"",""quantity"":1,""unitAmount"":53.95}]",6.99,53.95,0,Lausan,STRIPE_RECEIPT_CUSTOMER,Vicbea,,ZENIROXPAY,
2026-03-15,txn_3TBJUUK3ZXYJSkRp1ES6larr,charge,ch_3TBJUUK3ZXYJSkRp1T4fJPMT,10.75,0.7,10.05,usd,2026-03-15 18:34:00,2026-03-19 00:00:00,,10.75,,,JFSMZ-150326-7TCOK,,,,,-https://nopehope.com/demo-vintage-bohemian-natural-stone-bracelet-for-women-handmade-jewelry-blue-round-beads-carved-boho-bracelets-7m3qan,"[{""name"":""Vintage Bohemian Natural Stone Bracelet For Women Handmade Jewelry Blue Round Beads Carved Boho Bracelets - Blue"",""quantity"":1,""unitAmount"":5.76}]",4.99,5.76,0,Test FFT,STRIPE_RECEIPT_CUSTOMER,Test FFT,,ZENIROXPAY,
2026-03-15,txn_3TBJUUK3ZXYJSkRp1qeIoGaB,refund,ch_3TBJUUK3ZXYJSkRp1T4fJPMT,-10.75,0,-10.75,usd,2026-03-15 18:38:00,2026-03-19 00:00:00,Customer request - cancel,10.75,true,Customer request - cancel,JFSMZ-150326-7TCOK,,,,,,,,,,,STRIPE_REFUND,,,ZENIROXPAY,
2026-03-15,txn_3TBLdDK3ZXYJSkRp0QsTnspf,charge,ch_3TBLdDK3ZXYJSkRp0LW8omSz,46.94,2.04,44.9,usd,2026-03-15 20:51:00,2026-03-19 00:00:00,,46.94,,,TGCFP-150326-VY3IK,,,,,-https://blyne.velorasignature.com/blyne-hardwood-floor-restorer-polish,"[{""name"":""Blyne Floor Restorer & Polish. - Premium (4.06 oz)/Buy 1, Get 1 FREE"",""quantity"":1,""unitAmount"":39.95}]",6.99,39.95,0,Lausan,STRIPE_RECEIPT_CUSTOMER,Vicbea,,ZENIROXPAY,
2026-03-15,txn_3TBMNHK3ZXYJSkRp0Fwe2TFo,charge,ch_3TBMNHK3ZXYJSkRp0LHEoXyn,46.94,2.04,44.9,usd,2026-03-15 21:39:00,2026-03-19 00:00:00,,46.94,,,TGCFP-150326-FIOUA,,,,,-https://blyne.velorasignature.com/blyne-hardwood-floor-restorer-polish,"[{""name"":""Blyne Floor Restorer & Polish. - Premium (4.06 oz)/Buy 1, Get 1 FREE"",""quantity"":1,""unitAmount"":39.95}]",6.99,39.95,0,Lausan,STRIPE_RECEIPT_CUSTOMER,Vicbea,,ZENIROXPAY,
2026-03-16,txn_3TBQJWK3ZXYJSkRp1hKVZ8tX,charge,ch_3TBQJWK3ZXYJSkRp1N4MFQn1,46.94,2.04,44.9,usd,2026-03-16 01:51:00,2026-03-19 00:00:00,,46.94,,,TGCFP-150326-Z65KQ,,,,,-https://blyne.velorasignature.com/blyne-hardwood-floor-restorer-polish,"[{""name"":""Blyne Floor Restorer & Polish. - Premium (4.06 oz)/Buy 1, Get 1 FREE"",""quantity"":1,""unitAmount"":39.95}]",6.99,39.95,0,Lausan,STRIPE_RECEIPT_CUSTOMER,Vicbea,,ZENIROXPAY,
2026-03-16,txn_3TBQQuK3ZXYJSkRp1WuMyssX,charge,ch_3TBQQuK3ZXYJSkRp19PDQQlT,46.94,2.04,44.9,usd,2026-03-16 01:59:00,2026-03-19 00:00:00,,46.94,,,TGCFP-150326-4Z8PM,,,,,-https://blyne.velorasignature.com/blyne-hardwood-floor-restorer-polish,"[{""name"":""Blyne Floor Restorer & Polish. - Premium (4.06 oz)/Buy 1, Get 1 FREE"",""quantity"":1,""unitAmount"":39.95}]",6.99,39.95,0,Lausan,STRIPE_RECEIPT_CUSTOMER,Vicbea,,ZENIROXPAY,
2026-03-16,txn_3TBUX6K3ZXYJSkRp0sC9mLAw,charge,ch_3TBUX6K3ZXYJSkRp0Z4ovBj2,100.89,4.03,96.86,usd,2026-03-16 06:21:00,2026-03-19 00:00:00,,100.89,,,TGCFP-150326-G2JDW,,,,,-https://blyne.velorasignature.com/blyne-hardwood-floor-restorer-polish,"[{""name"":""Blyne Floor Restorer & Polish. - Premium (4.06 oz)/Buy 2, Get 2 FREE (+ Bonus Mop Pad)"",""quantity"":1,""unitAmount"":53.95},{""name"":""Blyne Floor Restorer & Polish. - Premium (4.06 oz)/Buy 1, Get 1 FREE"",""quantity"":1,""unitAmount"":39.95}]",6.99,93.9,0,Lausan,STRIPE_RECEIPT_CUSTOMER,Vicbea,,ZENIROXPAY,
2026-03-17,txn_3TBllIK3ZXYJSkRp0J1Qt4Xu,charge,ch_3TBllIK3ZXYJSkRp0gjoJIwG,46.94,2.04,44.9,usd,2026-03-17 00:45:00,2026-03-20 00:00:00,,46.94,,,TGCFP-160326-O3RF6,,,,,-https://blyne.velorasignature.com/blyne-hardwood-floor-restorer-polish,"[{""name"":""Blyne Floor Restorer & Polish. - Premium (4.06 oz)/Buy 1, Get 1 FREE"",""quantity"":1,""unitAmount"":39.95}]",6.99,39.95,0,Lausan,STRIPE_RECEIPT_CUSTOMER,Vicbea,,ZENIROXPAY,
2026-03-17,txn_3TBlosK3ZXYJSkRp0jFN3sZ2,charge,ch_3TBlosK3ZXYJSkRp01y3nh5P,60.94,2.55,58.39,usd,2026-03-17 00:49:00,2026-03-20 00:00:00,,60.94,,,TGCFP-160326-C6K4B,,,,,-https://blyne.velorasignature.com/blyne-hardwood-floor-restorer-polish,"[{""name"":""Blyne Floor Restorer & Polish. - Premium (4.06 oz)/Buy 2, Get 2 FREE (+ Bonus Mop Pad)"",""quantity"":1,""unitAmount"":53.95}]",6.99,53.95,0,Lausan,STRIPE_RECEIPT_CUSTOMER,Vicbea,,ZENIROXPAY,
2026-03-17,txn_3TBmIqK3ZXYJSkRp16mCFO20,charge,ch_3TBmIqK3ZXYJSkRp1pB2N7tT,40.98,1.82,39.16,usd,2026-03-17 01:20:00,2026-03-20 00:00:00,,40.98,,,7AY65-160326-8L4UM,,,,,-https://luxebare.reurm.com/luxebare-hair-removal-cream,"[{""name"":""LUXEBARE | Sensitive Skin Hair Removal Cream For Face, Body & Intimate Areas - Luxebare (for Body only)/150 ml (Buy 1 get 1 Fre"",""quantity"":1,""unitAmount"":33.99}]",6.99,33.99,0,LUXEBARE - N,STRIPE_RECEIPT_CUSTOMER,Vicbea,,ZENIROXPAY,
2026-03-17,txn_1TC3YOK3ZXYJSkRpcmx2aQcc,adjustment,du_1TC3YDK3ZXYJSkRpXqOECS4C,-46.94,15,-61.94,usd,2026-03-17 19:45:00,2026-03-17 19:45:00,,,,,,,,,,,,,,,,STRIPE_ADJUSTMENT,,,ZENIROXPAY,
2026-03-17,txn_3TC4bDK3ZXYJSkRp0vakxz0F,charge,ch_3TC4bDK3ZXYJSkRp0JZbd9JX,46.94,2.04,44.9,usd,2026-03-17 20:52:00,2026-03-20 00:00:00,,46.94,,,TGCFP-170326-P6SNL,,,,,-https://blyne.velorasignature.com/ts-theme,"[{""name"":""Theme of Blyne Floor Restorer & Polish. - Premium (4.06 oz)/Buy 1, Get 1 FREE"",""quantity"":1,""unitAmount"":39.95}]",6.99,39.95,0,Lausan,STRIPE_RECEIPT_CUSTOMER,Vicbea,,ZENIROXPAY,
2026-03-17,txn_3TC5qcK3ZXYJSkRp1zBhyOrH,charge,ch_3TC5qcK3ZXYJSkRp1MAkPEC9,56.94,2.41,54.53,usd,2026-03-17 22:12:00,2026-03-20 00:00:00,,56.94,,,TGCFP-170326-FJWIV,,,,,-https://blyne.velorasignature.com/blyne-hardwood-floor-restorer-polish,"[{""name"":""Blyne Floor Restorer & Polish. - Standard (4.06 oz)/Buy 2, Get 2 FREE (+ Bonus Mop Pad)"",""quantity"":1,""unitAmount"":49.95}]",6.99,49.95,0,Lausan,STRIPE_RECEIPT_CUSTOMER,Vicbea,,ZENIROXPAY,
2026-03-18,txn_3TC7YpK3ZXYJSkRp1QfkDeGv,charge,ch_3TC7YpK3ZXYJSkRp1mPdH0q7,46.94,2.04,44.9,usd,2026-03-18 00:02:00,2026-03-23 00:00:00,,46.94,,,TGCFP-170326-B84BH,,,,,-https://blyne.velorasignature.com/blyne-hardwood-floor-restorer-polish,"[{""name"":""Blyne Floor Restorer & Polish. - Premium (4.06 oz)/Buy 1, Get 1 FREE"",""quantity"":1,""unitAmount"":39.95}]",6.99,39.95,0,Lausan,STRIPE_RECEIPT_CUSTOMER,Vicbea,,ZENIROXPAY,
2026-03-18,txn_1TCLUlK3ZXYJSkRp9Wotud3i,adjustment,du_1TCLUaK3ZXYJSkRpb8mEOuQS,-46.94,15,-61.94,usd,2026-03-18 14:54:00,2026-03-18 14:54:00,,,,,,,,,,,,,,,,STRIPE_ADJUSTMENT,,,ZENIROXPAY,
2026-03-18,txn_3TCLZNK3ZXYJSkRp1nnrkl6l,charge,ch_3TCLZNK3ZXYJSkRp12dFTI4i,46.94,2.04,44.9,usd,2026-03-18 14:59:00,2026-03-23 00:00:00,,46.94,,,TGCFP-180326-EU7O1,,,,,-https://blyne.velorasignature.com/blyne-hardwood-floor-restorer-polish,"[{""name"":""Blyne Floor Restorer & Polish. - Premium (4.06 oz)/Buy 1, Get 1 FREE"",""quantity"":1,""unitAmount"":39.95}]",6.99,39.95,0,Lausan,STRIPE_RECEIPT_CUSTOMER,Vicbea,,ZENIROXPAY,
2026-03-18,txn_3TCPyiK3ZXYJSkRp1iljd9NF,charge,ch_3TCPyiK3ZXYJSkRp1XLD5ePt,60.94,2.55,58.39,usd,2026-03-18 19:42:00,2026-03-23 00:00:00,,60.94,,,TGCFP-180326-WSI08,,,,,-https://blyne.velorasignature.com/blyne-hardwood-floor-restorer-polish,"[{""name"":""Blyne Floor Restorer & Polish. - Premium (4.06 oz)/Buy 2, Get 2 FREE (+ Bonus Mop Pad)"",""quantity"":1,""unitAmount"":53.95}]",6.99,53.95,0,Lausan,STRIPE_RECEIPT_CUSTOMER,Vicbea,,ZENIROXPAY,
2026-03-18,txn_3TCQUZK3ZXYJSkRp01376qzk,charge,ch_3TCQUZK3ZXYJSkRp0ngFlpAK,86.89,3.51,83.38,usd,2026-03-18 20:15:00,2026-03-23 00:00:00,,86.89,,,TGCFP-180326-18AD9,,,,,-https://blyne.velorasignature.com/blyne-hardwood-floor-restorer-polish,"[{""name"":""Blyne Floor Restorer & Polish. - Premium (4.06 oz)/Buy 1, Get 1 FREE"",""quantity"":2,""unitAmount"":39.95}]",6.99,79.9,0,Lausan,STRIPE_RECEIPT_CUSTOMER,Vicbea,,ZENIROXPAY,
2026-03-18,txn_3TCTi6K3ZXYJSkRp0DiAZS2r,charge,ch_3TCTi6K3ZXYJSkRp0qrixqFl,46.94,2.04,44.9,usd,2026-03-18 23:41:00,2026-03-23 00:00:00,,46.94,,,TGCFP-180326-MOCVC,,,,,-https://blyne.velorasignature.com/blyne-hardwood-floor-restorer-polish,"[{""name"":""Blyne Floor Restorer & Polish. - Premium (4.06 oz)/Buy 1, Get 1 FREE"",""quantity"":1,""unitAmount"":39.95}]",6.99,39.95,0,Lausan,STRIPE_RECEIPT_CUSTOMER,Vicbea,,ZENIROXPAY,
2026-03-19,txn_1TCVmNK3ZXYJSkRp5NCLRdAp,stripe_fee,,-11.03,0,-11.03,usd,2026-03-19 01:53:00,2026-03-19 01:53:00,,,,,,,,,,,,,,,,STRIPE_FEE,,,ZENIROXPAY,
2026-03-19,txn_1TCVxWK3ZXYJSkRpRjyHz8hv,stripe_fee,,-11.04,0,-11.04,usd,2026-03-19 02:05:00,2026-03-19 02:05:00,,,,,,,,,,,,,,,,STRIPE_FEE,,,ZENIROXPAY,
2026-03-19,txn_3TCnKdK3ZXYJSkRp0hsgjQmq,charge,ch_3TCnKdK3ZXYJSkRp0XcFWGxl,60.94,2.55,58.39,usd,2026-03-19 20:38:00,2026-03-24 00:00:00,,60.94,,,TGCFP-190326-NGPNN,,,,,-https://blyne.velorasignature.com/blyne-hardwood-floor-restorer-polish,"[{""name"":""Blyne Floor Restorer & Polish. - Premium (4.06 oz)/Buy 2, Get 2 FREE (+ Bonus Mop Pad)"",""quantity"":1,""unitAmount"":53.95}]",6.99,53.95,0,Lausan,STRIPE_RECEIPT_CUSTOMER,Vicbea,,ZENIROXPAY,
2026-03-20,txn_1TCs1lK3ZXYJSkRp4dgMd2RG,stripe_fee,,-10.94,0,-10.94,usd,2026-03-20 01:39:00,2026-03-20 01:39:00,,,,,,,,,,,,,,,,STRIPE_FEE,,,ZENIROXPAY,
2026-03-20,txn_3TD0SQK3ZXYJSkRp1bIlGZ2B,charge,ch_3TD0SQK3ZXYJSkRp1llxWR8j,46.94,2.04,44.9,usd,2026-03-20 10:39:00,2026-03-25 00:00:00,,46.94,,,TGCFP-200326-SV6BE,,,,,-https://blyne.velorasignature.com/blyne-hardwood-floor-restorer-polish,"[{""name"":""Blyne Floor Restorer & Polish. - Premium (4.06 oz)/Buy 1, Get 1 FREE"",""quantity"":1,""unitAmount"":39.95}]",6.99,39.95,0,Lausan,STRIPE_RECEIPT_CUSTOMER,Vicbea,,ZENIROXPAY,
2026-03-20,txn_3TD3c2K3ZXYJSkRp1h3WtH3q,charge,ch_3TD3c2K3ZXYJSkRp1E3MMd4t,46.94,2.04,44.9,usd,2026-03-20 14:01:00,2026-03-25 00:00:00,,46.94,,,TGCFP-200326-VZBB7,,,,,-https://blyne.velorasignature.com/blyne-hardwood-floor-restorer-polish,"[{""name"":""Blyne Floor Restorer & Polish. - Premium (4.06 oz)/Buy 1, Get 1 FREE"",""quantity"":1,""unitAmount"":39.95}]",6.99,39.95,0,Lausan,STRIPE_RECEIPT_CUSTOMER,Vicbea,,ZENIROXPAY,
2026-03-21,txn_3TDURzK3ZXYJSkRp1hYZqk6V,charge,ch_3TDURzK3ZXYJSkRp1rxyE6fN,46.94,2.04,44.9,usd,2026-03-21 18:40:00,2026-03-26 00:00:00,,46.94,,,TGCFP-210326-6N0W8,,,,,-https://blyne.velorasignature.com/blyne-hardwood-floor-restorer-polish,"[{""name"":""Blyne Floor Restorer & Polish. - Premium (4.06 oz)/Buy 1, Get 1 FREE"",""quantity"":1,""unitAmount"":39.95}]",6.99,39.95,0,Lausan,STRIPE_RECEIPT_CUSTOMER,Vicbea,,ZENIROXPAY,
2026-03-21,txn_3TDWhGK3ZXYJSkRp076J35Ev,charge,ch_3TDWhGK3ZXYJSkRp0USRsHlV,46.94,2.04,44.9,usd,2026-03-21 21:04:00,2026-03-26 00:00:00,,46.94,,,TGCFP-210326-NKYRG,,,,,-https://blyne.velorasignature.com/blyne-hardwood-floor-restorer-polish,"[{""name"":""Blyne Floor Restorer & Polish. - Premium (4.06 oz)/Buy 1, Get 1 FREE"",""quantity"":1,""unitAmount"":39.95}]",6.99,39.95,0,Lausan,STRIPE_RECEIPT_CUSTOMER,Vicbea,,ZENIROXPAY,
2026-03-23,txn_1TDyYqK3ZXYJSkRpxdDwbngt,payout,po_1TDyYqK3ZXYJSkRpP8nsliJq,-2000,0,-2000,usd,2026-03-23 02:49:00,2026-03-23 02:49:00,,,,,,,,,,,,,,,,STRIPE_PAYOUT,,Pingpong ZeniroxPay,ZENIROXPAY,
2026-03-23,txn_3TEEm2K3ZXYJSkRp1N8PYoST,charge,ch_3TEEm2K3ZXYJSkRp1EwiLmV3,46.94,2.04,44.9,usd,2026-03-23 20:08:00,2026-03-26 00:00:00,,46.94,,,TGCFP-230326-LB5KZ,,,,,-https://blyne.velorasignature.com/blyne-hardwood-floor-restorer-polish,"[{""name"":""Blyne Floor Restorer & Polish. - Premium (4.06 oz)/Buy 1, Get 1 FREE"",""quantity"":1,""unitAmount"":39.95}]",6.99,39.95,0,Lausan,STRIPE_RECEIPT_CUSTOMER,Vicbea,,ZENIROXPAY,
2026-03-23,txn_3TEGuRK3ZXYJSkRp1lJ6Ke84,charge,ch_3TEGuRK3ZXYJSkRp1ek8eQm7,46.94,2.04,44.9,usd,2026-03-23 22:25:00,2026-03-26 00:00:00,,46.94,,,7AY65-230326-G7PVI,,,,,-https://www.tryluxebare.com/luxebare,"[{""name"":""LUXEBARE | Sensitive Skin Hair Removal Cream For Face, Body & Intimate Areas - LuxeSensitivity (For Face & Body) /Buy 1 get 1 F"",""quantity"":1,""unitAmount"":39.95}]",6.99,39.95,0,LUXEBARE - N,STRIPE_RECEIPT_CUSTOMER,Vicbea,,ZENIROXPAY,
2026-03-24,txn_3TEYLVK3ZXYJSkRp1jYKQXrV,charge,ch_3TEYLVK3ZXYJSkRp1RwXHekO,46.94,2.04,44.9,usd,2026-03-24 17:02:00,2026-03-27 00:00:00,,46.94,,,TGCFP-240326-SIK3P,,,,,-https://blyne.velorasignature.com/blyne-hardwood-floor-restorer-polish,"[{""name"":""Blyne Floor Restorer & Polish. - Premium (4.06 oz)/Buy 1, Get 1 FREE"",""quantity"":1,""unitAmount"":39.95}]",6.99,39.95,0,Lausan,STRIPE_RECEIPT_CUSTOMER,Vicbea,,ZENIROXPAY,
2026-03-24,txn_3TEYPrK3ZXYJSkRp0AZu2tfj,charge,ch_3TEYPrK3ZXYJSkRp005FuEUS,59.95,2.52,57.43,usd,2026-03-24 17:06:00,2026-03-27 00:00:00,,59.95,,,TGCFP-240326-T2BDF,,,,4.99,-https://mroakly.com/mroakly-woodfloor-cleaner,"[{""name"":""Mr. Oakly  Super Concentrated Wood Floor Cleaner - Deep Cleaner (Ultra Concentrate) /Buy 1  (6 months of use)"",""quantity"":1,""unitAmount"":59.95}]",4.99,59.95,0,Mr.Oakly,STRIPE_RECEIPT_CUSTOMER,Vicbea,,ZENIROXPAY,
2026-03-25,txn_1TEf3MK3ZXYJSkRpkWJZ70dH,adjustment,du_1SvU7DK3ZXYJSkRpVVCvJxxl,34.98,0,34.98,usd,2026-03-25 00:12:00,2026-03-25 00:12:00,,,,,,,,,,,,,,,,STRIPE_ADJUSTMENT,,,ZENIROXPAY,
2026-03-25,txn_1TEgNKK3ZXYJSkRpyKU86Pri,stripe_fee,,-10.93,0,-10.93,usd,2026-03-25 01:36:00,2026-03-25 01:36:00,,,,,,,,,,,,,,,,STRIPE_FEE,,,ZENIROXPAY,
2026-03-25,txn_1TEgNMK3ZXYJSkRp1mOQ3DXE,stripe_fee,,-10.95,0,-10.95,usd,2026-03-25 01:36:00,2026-03-25 01:36:00,,,,,,,,,,,,,,,,STRIPE_FEE,,,ZENIROXPAY,
2026-03-25,txn_3TEudmK3ZXYJSkRp0yirgfoV,charge,ch_3TEudmK3ZXYJSkRp0b09C7Ji,60.94,2.55,58.39,usd,2026-03-25 16:50:00,2026-03-30 00:00:00,,60.94,,,TGCFP-250326-I6CVE,,,,,-https://blyne.velorasignature.com/blyne-hardwood-floor-restorer-polish,"[{""name"":""Blyne Floor Restorer & Polish. - Premium (4.06 oz)/Buy 2, Get 2 FREE (+ Bonus Mop Pad)"",""quantity"":1,""unitAmount"":53.95}]",6.99,53.95,0,Lausan,STRIPE_RECEIPT_CUSTOMER,Vicbea,,ZENIROXPAY,
2026-03-25,txn_3TEvl8K3ZXYJSkRp1tKr0rfr,charge,ch_3TEvl8K3ZXYJSkRp11Mmg4fX,46.94,2.04,44.9,usd,2026-03-25 18:02:00,2026-03-30 00:00:00,,46.94,,,TGCFP-250326-3Q87R,,,,,-https://blyne.velorasignature.com/blyne-hardwood-floor-restorer-polish,"[{""name"":""Blyne Floor Restorer & Polish. - Premium (4.06 oz)/Buy 1, Get 1 FREE"",""quantity"":1,""unitAmount"":39.95}]",6.99,39.95,0,Lausan,STRIPE_RECEIPT_CUSTOMER,Vicbea,,ZENIROXPAY,
2026-03-26,txn_1TF2mzK3ZXYJSkRp9yaRqAie,stripe_fee,,11.02,0,11.02,usd,2026-03-26 01:32:00,2026-03-26 01:32:00,,,,,,,,,,,,,,,,STRIPE_FEE,,,ZENIROXPAY,
2026-03-26,txn_3TF4eqK3ZXYJSkRp0k72vP9b,charge,ch_3TF4eqK3ZXYJSkRp0vcFoZs2,46.94,2.04,44.9,usd,2026-03-26 03:32:00,2026-03-31 00:00:00,,46.94,,,TGCFP-250326-CQEXD,,,,,-https://blyne.velorasignature.com/blyne-hardwood-floor-restorer-polish,"[{""name"":""Blyne Floor Restorer & Polish. - Premium (4.06 oz)/Buy 1, Get 1 FREE"",""quantity"":1,""unitAmount"":39.95}]",6.99,39.95,0,Lausan,STRIPE_RECEIPT_CUSTOMER,Vicbea,,ZENIROXPAY,
2026-03-26,txn_3TFGvYK3ZXYJSkRp1KpZen14,charge,ch_3TFGvYK3ZXYJSkRp14f16MKT,46.94,2.04,44.9,usd,2026-03-26 16:38:00,2026-03-31 00:00:00,,46.94,,,TGCFP-260326-7VFTS,,,,,-https://blyne.velorasignature.com/blyne-hardwood-floor-restorer-polish,"[{""name"":""Blyne Floor Restorer & Polish. - Premium (4.06 oz)/Buy 1, Get 1 FREE"",""quantity"":1,""unitAmount"":39.95}]",6.99,39.95,0,Lausan,STRIPE_RECEIPT_CUSTOMER,Vicbea,,ZENIROXPAY,
2026-03-26,txn_3TFK7dK3ZXYJSkRp1XxxvG4w,charge,ch_3TFK7dK3ZXYJSkRp1CrPvOVG,46.94,2.04,44.9,usd,2026-03-26 20:03:00,2026-03-31 00:00:00,,46.94,,,TGCFP-260326-HIZGI,,,,,-https://blyne.velorasignature.com/blyne-hardwood-floor-restorer-polish,"[{""name"":""Blyne Floor Restorer & Polish. - Premium (4.06 oz)/Buy 1, Get 1 FREE"",""quantity"":1,""unitAmount"":39.95}]",6.99,39.95,0,Lausan,STRIPE_RECEIPT_CUSTOMER,Vicbea,,ZENIROXPAY,
2026-03-27,txn_3TFQRWK3ZXYJSkRp04mPJuDz,charge,ch_3TFQRWK3ZXYJSkRp05HCL2IW,60.94,2.55,58.39,usd,2026-03-27 02:48:00,2026-04-01 00:00:00,,60.94,,,TGCFP-260326-PSZ77,,,,,-https://blyne.velorasignature.com/blyne-hardwood-floor-restorer-polish,"[{""name"":""Blyne Floor Restorer & Polish. - Premium (4.06 oz)/Buy 2, Get 2 FREE (+ Bonus Mop Pad)"",""quantity"":1,""unitAmount"":53.95}]",6.99,53.95,0,Lausan,STRIPE_RECEIPT_CUSTOMER,Vicbea,,ZENIROXPAY,
2026-03-27,txn_3TFXxoK3ZXYJSkRp1hqrhDRv,charge,ch_3TFXxoK3ZXYJSkRp1keZTbrW,60.94,2.55,58.39,usd,2026-03-27 10:50:00,2026-04-01 00:00:00,,60.94,,,TGCFP-270326-S3IX0,,,,,-https://blyne.velorasignature.com/blyne-hardwood-floor-restorer-polish,"[{""name"":""Blyne Floor Restorer & Polish. - Premium (4.06 oz)/Buy 2, Get 2 FREE (+ Bonus Mop Pad)"",""quantity"":1,""unitAmount"":53.95}]",6.99,53.95,0,Lausan,STRIPE_RECEIPT_CUSTOMER,Vicbea,,ZENIROXPAY,
2026-03-27,txn_3TFb5xK3ZXYJSkRp0ks9KaDI,charge,ch_3TFb5xK3ZXYJSkRp0V5EdVvC,46.94,2.04,44.9,usd,2026-03-27 14:10:00,2026-04-01 00:00:00,,46.94,,,7AY65-270326-J2NDX,,,,,-https://www.tryluxebare.com/luxebare-hair-removal-cream,"[{""name"":""LUXEBARE | Sensitive Skin Hair Removal Cream For Face, Body & Intimate Areas - LuxeSensitivity (For Face & Body)/150 ml (Buy 1 "",""quantity"":1,""unitAmount"":39.95}]",6.99,39.95,0,LUXEBARE - N,STRIPE_RECEIPT_CUSTOMER,Vicbea,,ZENIROXPAY,
2026-03-28,txn_3TFltqK3ZXYJSkRp1qZUkWjH,charge,ch_3TFltqK3ZXYJSkRp1bpHnvBY,114.89,4.55,110.34,usd,2026-03-28 01:42:00,2026-04-02 00:00:00,,114.89,,,TGCFP-270326-39CC8,,,,,-https://blyne.velorasignature.com/blyne-hardwood-floor-restorer-polish,"[{""name"":""Blyne Floor Restorer & Polish. - Premium (4.06 oz)/Buy 2, Get 2 FREE (+ Bonus Mop Pad)"",""quantity"":2,""unitAmount"":53.95}]",6.99,107.9,0,Lausan,STRIPE_RECEIPT_CUSTOMER,Vicbea,,ZENIROXPAY,
2026-03-28,txn_3TFo1SK3ZXYJSkRp1tZIuS3C,charge,ch_3TFo1SK3ZXYJSkRp1A6VAdjs,60.94,2.55,58.39,usd,2026-03-28 03:58:00,2026-04-02 00:00:00,,60.94,,,TGCFP-270326-56KW7,,,,,-https://blyne.velorasignature.com/blyne-hardwood-floor-restorer-polish,"[{""name"":""Blyne Floor Restorer & Polish. - Premium (4.06 oz)/Buy 2, Get 2 FREE (+ Bonus Mop Pad)"",""quantity"":1,""unitAmount"":53.95}]",6.99,53.95,0,Lausan,STRIPE_RECEIPT_CUSTOMER,Vicbea,,ZENIROXPAY,
2026-03-28,txn_1TFv6gK3ZXYJSkRps3W7iCmM,adjustment,du_1T83vTK3ZXYJSkRpDLKnnza0,46.94,0,46.94,usd,2026-03-28 11:32:00,2026-03-28 11:32:00,,,,,,,,,,,,,,,,STRIPE_ADJUSTMENT,,,ZENIROXPAY,
2026-03-28,txn_3TFzaoK3ZXYJSkRp0vSMj5t6,charge,ch_3TFzaoK3ZXYJSkRp0mptpc8P,60.94,2.55,58.39,usd,2026-03-28 16:20:00,2026-04-02 00:00:00,,60.94,,,TGCFP-280326-4GTOD,,,,,-https://blyne.velorasignature.com/blyne-hardwood-floor-restorer-polish,"[{""name"":""Blyne Floor Restorer & Polish. - Premium (4.06 oz)/Buy 2, Get 2 FREE (+ Bonus Mop Pad)"",""quantity"":1,""unitAmount"":53.95}]",6.99,53.95,0,Lausan,STRIPE_RECEIPT_CUSTOMER,Vicbea,,ZENIROXPAY,
2026-03-28,txn_3TG5bjK3ZXYJSkRp1TyprnXK,charge,ch_3TG5bjK3ZXYJSkRp1w6oXUBu,46.94,2.04,44.9,usd,2026-03-28 22:45:00,2026-04-02 00:00:00,,46.94,,,TGCFP-280326-4BZ5Y,,,,,-https://blyne.velorasignature.com/blyne-hardwood-floor-restorer-polish,"[{""name"":""Blyne Floor Restorer & Polish. - Premium (4.06 oz)/Buy 1, Get 1 FREE"",""quantity"":1,""unitAmount"":39.95}]",6.99,39.95,0,Lausan,STRIPE_RECEIPT_CUSTOMER,Vicbea,,ZENIROXPAY,
2026-03-28,txn_1TG6BWK3ZXYJSkRpuJTp4JQF,adjustment,du_1TG6BLK3ZXYJSkRpxxAMQO63,-46.94,15,-61.94,usd,2026-03-28 23:22:00,2026-03-28 23:22:00,,,,,,,,,,,,,,,,STRIPE_ADJUSTMENT,,,ZENIROXPAY,
2026-03-29,txn_1TG8U4K3ZXYJSkRpIUtdhflb,stripe_fee,,11.04,0,11.04,usd,2026-03-29 01:49:00,2026-03-29 01:49:00,,,,,,,,,,,,,,,,STRIPE_FEE,,,ZENIROXPAY,
2026-03-29,txn_3TG9LqK3ZXYJSkRp00JApCps,charge,ch_3TG9LqK3ZXYJSkRp0MMBz9hP,60.94,2.55,58.39,usd,2026-03-29 02:45:00,2026-04-02 00:00:00,,60.94,,,TGCFP-280326-MIQWY,,,,,-https://blyne.velorasignature.com/blyne-hardwood-floor-restorer-polish,"[{""name"":""Blyne Floor Restorer & Polish. - Premium (4.06 oz)/Buy 2, Get 2 FREE (+ Bonus Mop Pad)"",""quantity"":1,""unitAmount"":53.95}]",6.99,53.95,0,Lausan,STRIPE_RECEIPT_CUSTOMER,Vicbea,,ZENIROXPAY,
2026-03-29,txn_3TGJIoK3ZXYJSkRp01Tnjd3c,charge,ch_3TGJIoK3ZXYJSkRp03GyvwjC,60.94,2.55,58.39,usd,2026-03-29 13:23:00,2026-04-02 00:00:00,,60.94,,,TGCFP-290326-844HK,,,,,-https://blyne.velorasignature.com/blyne-hardwood-floor-restorer-polish,"[{""name"":""Blyne Floor Restorer & Polish. - Premium (4.06 oz)/Buy 2, Get 2 FREE (+ Bonus Mop Pad)"",""quantity"":1,""unitAmount"":53.95}]",6.99,53.95,0,Lausan,STRIPE_RECEIPT_CUSTOMER,Vicbea,,ZENIROXPAY,
2026-03-29,txn_1TGRANK3ZXYJSkRp9WyP4O9i,adjustment,du_1TGRABK3ZXYJSkRpkaZr931v,-46.94,15,-61.94,usd,2026-03-29 21:46:00,2026-03-29 21:46:00,,,,,,,,,,,,,,,,STRIPE_ADJUSTMENT,,,ZENIROXPAY,
2026-03-30,txn_1TGWvMK3ZXYJSkRpXqehVTm6,adjustment,du_1TGWvBK3ZXYJSkRpyG8m0YxT,-46.94,15,-61.94,usd,2026-03-30 03:55:00,2026-03-30 03:55:00,,,,,,,,,,,,,,,,STRIPE_ADJUSTMENT,,,ZENIROXPAY,
2026-03-30,txn_3TGgigK3ZXYJSkRp0kxyjTG2,charge,ch_3TGgigK3ZXYJSkRp0bj1lIan,86.89,3.51,83.38,usd,2026-03-30 14:23:00,2026-04-02 00:00:00,,86.89,,,TGCFP-300326-Q4XGE,,,,,-https://blyne.velorasignature.com/blyne-hardwood-floor-restorer-polish,"[{""name"":""Blyne Floor Restorer & Polish. - Premium (4.06 oz)/Buy 1, Get 1 FREE"",""quantity"":2,""unitAmount"":39.95}]",6.99,79.9,0,Lausan,STRIPE_RECEIPT_CUSTOMER,Vicbea,,ZENIROXPAY,
2026-03-30,txn_1TGjoRK3ZXYJSkRpDJN3Bh6o,adjustment,du_1T24SiK3ZXYJSkRpcEZrDbNd,50.98,0,50.98,usd,2026-03-30 17:41:00,2026-03-30 17:41:00,,,,,,,,,,,,,,,,STRIPE_ADJUSTMENT,,,ZENIROXPAY,
2026-03-31,txn_1TGpsPK3ZXYJSkRpXUecza3u,adjustment,du_1SvqlXK3ZXYJSkRpIm5CyNz9,46.94,0,46.94,usd,2026-03-31 00:09:00,2026-03-31 00:09:00,,,,,,,,,,,,,,,,STRIPE_ADJUSTMENT,,,ZENIROXPAY,
2026-03-31,txn_1TGrJmK3ZXYJSkRpV0bz0Z03,stripe_fee,,10.99,0,10.99,usd,2026-03-31 01:42:00,2026-03-31 01:42:00,,,,,,,,,,,,,,,,STRIPE_FEE,,,ZENIROXPAY,
2026-03-31,txn_1THEbMK3ZXYJSkRpK2QbKZJv,stripe_fee,,11.02,0,11.02,usd,2026-04-01 02:33:00,2026-04-01 02:33:00,,,,,,,,,,,,,,,,STRIPE_FEE,,,ZENIROXPAY,
2026-03-31,txn_1THDhvK3ZXYJSkRpo5iBZJB7,adjustment,du_1THDhjK3ZXYJSkRpg2KGia0d,-46.94,15,-61.94,usd,2026-04-01 01:36:00,2026-04-01 01:36:00,,,,,,,,,,,,,,,,STRIPE_ADJUSTMENT,,,ZENIROXPAY,
2026-04-01,txn_3THNxEK3ZXYJSkRp0EmoAq1h,charge,ch_3THNxEK3ZXYJSkRp0mdYsJPN,46.94,2.04,44.9,usd,2026-04-01 12:33:00,2026-04-07 00:00:00,,46.94,,,TGCFP-010426-U5QP8,,,,,-https://blyne.velorasignature.com/blyne-hardwood-floor-restorer-polish,"[{""name"":""Blyne Floor Restorer & Polish. - Premium (4.06 oz)/Buy 1, Get 1 FREE"",""quantity"":1,""unitAmount"":39.95}]",6.99,39.95,0,Lausan,STRIPE_RECEIPT_CUSTOMER,Vicbea,,ZENIROXPAY,
2026-04-05,txn_1TJ5B0K3ZXYJSkRpGfN3QNkE,payout,po_1TJ5B0K3ZXYJSkRp7CTAKn9o,-1500,0,-1500,usd,2026-04-06 04:54:00,2026-04-06 04:54:00,,,,,,,,,,,,,,,,STRIPE_PAYOUT,,Pingpong ZeniroxPay,ZENIROXPAY,
2026-04-06,txn_1TJQYGK3ZXYJSkRpB0dsDle0,adjustment,du_1TJQWWK3ZXYJSkRpn3Q51PSh,-46.94,15,-61.94,usd,2026-04-07 03:43:00,2026-04-07 03:43:00,,,,,,,,,,,,,,,,STRIPE_ADJUSTMENT,,,ZENIROXPAY,
2026-04-08,txn_1TJz1JK3ZXYJSkRplrZ1DlKV,reserved_funds,,-185.66,0,-185.66,usd,2026-04-08 16:32:00,2026-04-08 16:32:00,,,,,,,,,,,,,,,,,,,ZENIROXPAY,
2026-04-08,txn_1TJz1JK3ZXYJSkRpDIhEHKLC,reserved_funds,,185.66,0,185.66,usd,2026-04-08 16:32:00,2026-06-08 00:00:00,,,,,,,,,,,,,,,,,,,ZENIROXPAY,
2026-04-11,txn_1TL9AHK3ZXYJSkRpkLcDn59e,adjustment,du_1TL9A5K3ZXYJSkRpJShM0JNM,-46.94,15,-61.94,usd,2026-04-11 21:34:00,2026-04-11 21:34:00,,,,,,,,,,,,,,,,STRIPE_ADJUSTMENT,,,ZENIROXPAY,
2026-04-11,txn_1TL33SK3ZXYJSkRpudhMpyUN,reserved_funds,ch_3TL33QK3ZXYJSkRp0RtO88Q3,-11.23,0,-11.23,usd,2026-04-11 15:02:00,2026-04-16 00:00:00,,,,,09P6U-110426-TE8CA,XTXCSGXPNEY2CRCNN48,blyne.velorasignature.com,,,,,,,,,,,,ZENIROXPAY,
2026-04-11,txn_1TL33SK3ZXYJSkRpj5JGGxTA,reserved_funds,ch_3TL33QK3ZXYJSkRp0RtO88Q3,11.23,0,11.23,usd,2026-04-11 15:02:00,2026-06-07 00:00:00,,,,,09P6U-110426-TE8CA,XTXCSGXPNEY2CRCNN48,blyne.velorasignature.com,,,,,,,,,,,,ZENIROXPAY,
2026-04-11,txn_3TL33QK3ZXYJSkRp0fA31btz,charge,ch_3TL33QK3ZXYJSkRp0RtO88Q3,46.94,2.04,44.9,usd,2026-04-11 15:02:00,2026-04-16 00:00:00,,,,,09P6U-110426-TE8CA,XTXCSGXPNEY2CRCNN48,blyne.velorasignature.com,,,,,,,,,STRIPE_RECEIPT_CUSTOMER,Vicbea,,ZENIROXPAY,
2026-04-10,txn_1TKedXK3ZXYJSkRpfaFUC88w,reserved_funds,ch_3TKedVK3ZXYJSkRp0o5T8WLa,-11.23,0,-11.23,usd,2026-04-10 12:58:00,2026-04-15 00:00:00,,,,,09P6U-100426-DJ14R,XTXCSGXPNEY2CRCNN48,blyne.velorasignature.com,,,,,,,,,,,,ZENIROXPAY,
2026-04-10,txn_1TKedXK3ZXYJSkRpHPOoKgX5,reserved_funds,ch_3TKedVK3ZXYJSkRp0o5T8WLa,11.23,0,11.23,usd,2026-04-10 12:58:00,2026-06-07 00:00:00,,,,,09P6U-100426-DJ14R,XTXCSGXPNEY2CRCNN48,blyne.velorasignature.com,,,,,,,,,,,,ZENIROXPAY,
2026-04-10,txn_3TKedVK3ZXYJSkRp0pPxma2e,charge,ch_3TKedVK3ZXYJSkRp0o5T8WLa,46.94,2.04,44.9,usd,2026-04-10 12:58:00,2026-04-15 00:00:00,,,,,09P6U-100426-DJ14R,XTXCSGXPNEY2CRCNN48,blyne.velorasignature.com,,,,,,,,,STRIPE_RECEIPT_CUSTOMER,Vicbea,,ZENIROXPAY,
2026-04-09,txn_1TKRuPK3ZXYJSkRp1AJhpAPe,reserved_funds,ch_3TKRuNK3ZXYJSkRp0COv57Jf,-11.23,0,-11.23,usd,2026-04-09 23:22:00,2026-04-14 00:00:00,,,,,09P6U-090426-V35V0,XTXCSGXPNEY2CRCNN48,blyne.velorasignature.com,,,,,,,,,,,,ZENIROXPAY,
2026-04-09,txn_3TKRuNK3ZXYJSkRp0WzGmMsr,charge,ch_3TKRuNK3ZXYJSkRp0COv57Jf,46.94,2.04,44.9,usd,2026-04-09 23:22:00,2026-04-14 00:00:00,,,,,09P6U-090426-V35V0,XTXCSGXPNEY2CRCNN48,blyne.velorasignature.com,,,,,,,,,STRIPE_RECEIPT_CUSTOMER,Vicbea,,ZENIROXPAY,
2026-04-09,txn_1TKRuPK3ZXYJSkRp70jtfNda,reserved_funds,ch_3TKRuNK3ZXYJSkRp0COv57Jf,11.23,0,11.23,usd,2026-04-09 23:22:00,2026-06-07 00:00:00,,,,,09P6U-090426-V35V0,XTXCSGXPNEY2CRCNN48,blyne.velorasignature.com,,,,,,,,,,,,ZENIROXPAY,
2026-04-12,txn_1TLTT1K3ZXYJSkRp15AgfKPe,reserved_funds,ch_3TLTSzK3ZXYJSkRp01TFaDaj,11.23,0,11.23,usd,2026-04-12 19:14:00,2026-06-07 00:00:00,,,,,09P6U-120426-060AU,XTXCSGXPNEY2CRCNN48,blyne.velorasignature.com,,,,,,,,,,,,ZENIROXPAY,
2026-04-12,txn_1TLTT1K3ZXYJSkRpiybXkQIX,reserved_funds,ch_3TLTSzK3ZXYJSkRp01TFaDaj,-11.23,0,-11.23,usd,2026-04-12 19:14:00,2026-04-16 00:00:00,,,,,09P6U-120426-060AU,XTXCSGXPNEY2CRCNN48,blyne.velorasignature.com,,,,,,,,,,,,ZENIROXPAY,
2026-04-12,txn_3TLTSzK3ZXYJSkRp04At5WKk,charge,ch_3TLTSzK3ZXYJSkRp01TFaDaj,46.94,2.04,44.9,usd,2026-04-12 19:14:00,2026-04-16 00:00:00,,,,,09P6U-120426-060AU,XTXCSGXPNEY2CRCNN48,blyne.velorasignature.com,,,,,,,,,STRIPE_RECEIPT_CUSTOMER,Vicbea,,ZENIROXPAY,
2026-04-12,txn_1TLRRDK3ZXYJSkRpMGAHGp14,reserved_funds,ch_3TLRRBK3ZXYJSkRp0FOQ58UW,11.23,0,11.23,usd,2026-04-12 17:04:00,2026-06-07 00:00:00,,,,,09P6U-120426-4L1P6,XTXCSGXPNEY2CRCNN48,blyne.velorasignature.com,,,,,,,,,,,,ZENIROXPAY,
2026-04-12,txn_3TLRRBK3ZXYJSkRp0ljewwHH,charge,ch_3TLRRBK3ZXYJSkRp0FOQ58UW,46.94,2.04,44.9,usd,2026-04-12 17:04:00,2026-04-16 00:00:00,,,,,09P6U-120426-4L1P6,XTXCSGXPNEY2CRCNN48,blyne.velorasignature.com,,,,,,,,,STRIPE_RECEIPT_CUSTOMER,Vicbea,,ZENIROXPAY,
2026-04-12,txn_1TLRRDK3ZXYJSkRpdcOudhJo,reserved_funds,ch_3TLRRBK3ZXYJSkRp0FOQ58UW,-11.23,0,-11.23,usd,2026-04-12 17:04:00,2026-04-16 00:00:00,,,,,09P6U-120426-4L1P6,XTXCSGXPNEY2CRCNN48,blyne.velorasignature.com,,,,,,,,,,,,ZENIROXPAY,
2026-04-12,txn_1TLOL5K3ZXYJSkRpkSQF1qZR,reserved_funds,ch_3TLOL4K3ZXYJSkRp0JlIjFJt,27.59,0,27.59,usd,2026-04-12 13:46:00,2026-06-07 00:00:00,,,,,09P6U-120426-Y8HU1,XTXCSGXPNEY2CRCNN48,blyne.velorasignature.com,,,,,,,,,,,,ZENIROXPAY,
2026-04-12,txn_1TLOL5K3ZXYJSkRpxUwQ22OV,reserved_funds,ch_3TLOL4K3ZXYJSkRp0JlIjFJt,-27.59,0,-27.59,usd,2026-04-12 13:46:00,2026-04-16 00:00:00,,,,,09P6U-120426-Y8HU1,XTXCSGXPNEY2CRCNN48,blyne.velorasignature.com,,,,,,,,,,,,ZENIROXPAY,
2026-04-12,txn_3TLOL4K3ZXYJSkRp0JfiqJ1d,charge,ch_3TLOL4K3ZXYJSkRp0JlIjFJt,114.89,4.55,110.34,usd,2026-04-12 13:46:00,2026-04-16 00:00:00,,,,,09P6U-120426-Y8HU1,XTXCSGXPNEY2CRCNN48,blyne.velorasignature.com,,,,,,,,,STRIPE_RECEIPT_CUSTOMER,Vicbea,,ZENIROXPAY,
2026-04-13,txn_1TLzTXK3ZXYJSkRpfa8xwgqt,stripe_fee,,-10.84,0,-10.84,usd,2026-04-14 05:25:00,2026-04-14 05:25:00,,,,,,,,,,,,,,,,STRIPE_FEE,,,ZENIROXPAY,
2026-04-13,txn_1TLprIK3ZXYJSkRpXaA9yqLm,reserved_funds,ch_3TLprGK3ZXYJSkRp0ZkprisI,14.6,0,14.6,usd,2026-04-13 19:09:00,2026-06-07 00:00:00,,,,,09P6U-130426-SVISW,XTXCSGXPNEY2CRCNN48,blyne.velorasignature.com,,,,,,,,,,,,ZENIROXPAY,
2026-04-13,txn_1TLprIK3ZXYJSkRpBgSiHPmV,reserved_funds,ch_3TLprGK3ZXYJSkRp0ZkprisI,-14.6,0,-14.6,usd,2026-04-13 19:09:00,2026-04-16 00:00:00,,,,,09P6U-130426-SVISW,XTXCSGXPNEY2CRCNN48,blyne.velorasignature.com,,,,,,,,,,,,ZENIROXPAY,
2026-04-13,txn_3TLprGK3ZXYJSkRp0vRIB9ng,charge,ch_3TLprGK3ZXYJSkRp0ZkprisI,60.94,2.55,58.39,usd,2026-04-13 19:09:00,2026-04-16 00:00:00,,,,,09P6U-130426-SVISW,XTXCSGXPNEY2CRCNN48,blyne.velorasignature.com,,,,,,,,,STRIPE_RECEIPT_CUSTOMER,Vicbea,,ZENIROXPAY,
2026-04-13,txn_1TLmVSK3ZXYJSkRpLQMEV3Bf,reserved_funds,ch_3TLmVKK3ZXYJSkRp18dArp66,-11.23,0,-11.23,usd,2026-04-13 15:34:00,2026-04-16 00:00:00,,,,,09P6U-130426-HP1DE,XTXCSGXPNEY2CRCNN48,blyne.velorasignature.com,,,,,,,,,,,,ZENIROXPAY,
2026-04-13,txn_1TLmVSK3ZXYJSkRpHc4JX54v,reserved_funds,ch_3TLmVKK3ZXYJSkRp18dArp66,11.23,0,11.23,usd,2026-04-13 15:34:00,2026-06-07 00:00:00,,,,,09P6U-130426-HP1DE,XTXCSGXPNEY2CRCNN48,blyne.velorasignature.com,,,,,,,,,,,,ZENIROXPAY,
2026-04-13,txn_3TLmVKK3ZXYJSkRp1760kMJo,charge,ch_3TLmVKK3ZXYJSkRp18dArp66,46.94,2.04,44.9,usd,2026-04-13 15:34:00,2026-04-16 00:00:00,,,,,09P6U-130426-HP1DE,XTXCSGXPNEY2CRCNN48,blyne.velorasignature.com,,,,,,,,,STRIPE_RECEIPT_CUSTOMER,Vicbea,,ZENIROXPAY,
2026-04-13,txn_3TLlgqK3ZXYJSkRp1qwW8vMo,charge,ch_3TLlgqK3ZXYJSkRp197vslJd,46.94,2.04,44.9,usd,2026-04-13 14:42:00,2026-04-16 00:00:00,,,,,09P6U-130426-DP6A3,XTXCSGXPNEY2CRCNN48,blyne.velorasignature.com,,,,,,,,,STRIPE_RECEIPT_CUSTOMER,Vicbea,,ZENIROXPAY,
2026-04-13,txn_1TLlgtK3ZXYJSkRpfR3zwecc,reserved_funds,ch_3TLlgqK3ZXYJSkRp197vslJd,-11.23,0,-11.23,usd,2026-04-13 14:42:00,2026-04-16 00:00:00,,,,,09P6U-130426-DP6A3,XTXCSGXPNEY2CRCNN48,blyne.velorasignature.com,,,,,,,,,,,,ZENIROXPAY,
2026-04-13,txn_1TLlgtK3ZXYJSkRptoc8Uk63,reserved_funds,ch_3TLlgqK3ZXYJSkRp197vslJd,11.23,0,11.23,usd,2026-04-13 14:42:00,2026-06-07 00:00:00,,,,,09P6U-130426-DP6A3,XTXCSGXPNEY2CRCNN48,blyne.velorasignature.com,,,,,,,,,,,,ZENIROXPAY,
2026-04-13,txn_1TLkusK3ZXYJSkRpKmpiN8q2,reserved_funds,ch_3TLkuqK3ZXYJSkRp1WjhKEsD,20.85,0,20.85,usd,2026-04-13 13:52:00,2026-06-07 00:00:00,,,,,09P6U-130426-WQCDC,XTXCSGXPNEY2CRCNN48,blyne.velorasignature.com,,,,,,,,,,,,ZENIROXPAY,
2026-04-13,txn_1TLkusK3ZXYJSkRpAOoWXMQ1,reserved_funds,ch_3TLkuqK3ZXYJSkRp1WjhKEsD,-20.85,0,-20.85,usd,2026-04-13 13:52:00,2026-04-16 00:00:00,,,,,09P6U-130426-WQCDC,XTXCSGXPNEY2CRCNN48,blyne.velorasignature.com,,,,,,,,,,,,ZENIROXPAY,
2026-04-13,txn_3TLkuqK3ZXYJSkRp1ucD5Bty,charge,ch_3TLkuqK3ZXYJSkRp1WjhKEsD,86.89,3.51,83.38,usd,2026-04-13 13:52:00,2026-04-16 00:00:00,,,,,09P6U-130426-WQCDC,XTXCSGXPNEY2CRCNN48,blyne.velorasignature.com,,,,,,,,,STRIPE_RECEIPT_CUSTOMER,Vicbea,,ZENIROXPAY,
2026-04-14,txn_1TM7HBK3ZXYJSkRp5gJSX0PY,reserved_funds,ch_3TM7H9K3ZXYJSkRp1RQ2fTqW,-11.23,0,-11.23,usd,2026-04-14 13:45:00,2026-04-17 00:00:00,,,,,09P6U-140426-FSP5Y,XTXCSGXPNEY2CRCNN48,blyne.velorasignature.com,,,,,,,,,,,,ZENIROXPAY,
2026-04-14,txn_1TM7HBK3ZXYJSkRp1TXFiyvG,reserved_funds,ch_3TM7H9K3ZXYJSkRp1RQ2fTqW,11.23,0,11.23,usd,2026-04-14 13:45:00,2026-06-07 00:00:00,,,,,09P6U-140426-FSP5Y,XTXCSGXPNEY2CRCNN48,blyne.velorasignature.com,,,,,,,,,,,,ZENIROXPAY,
2026-04-14,txn_3TM7H9K3ZXYJSkRp1zOVKR2b,charge,ch_3TM7H9K3ZXYJSkRp1RQ2fTqW,46.94,2.04,44.9,usd,2026-04-14 13:45:00,2026-04-17 00:00:00,,,,,09P6U-140426-FSP5Y,XTXCSGXPNEY2CRCNN48,blyne.velorasignature.com,,,,,,,,,STRIPE_RECEIPT_CUSTOMER,Vicbea,,ZENIROXPAY,
2026-04-15,txn_1TMhEUK3ZXYJSkRpxp2jEYdd,adjustment,du_1T20vTK3ZXYJSkRp2u3PUCzR,60.94,0,60.94,usd,2026-04-16 04:08:00,2026-04-16 04:08:00,,,,,,,,,,,,,,,,STRIPE_ADJUSTMENT,,,ZENIROXPAY,
2026-04-15,txn_1TMZOTK3ZXYJSkRpD1WjJqoD,reserved_funds,ch_3TMZORK3ZXYJSkRp01uBvWzc,11.23,0,11.23,usd,2026-04-15 19:46:00,2026-06-07 00:00:00,,,,,09P6U-150426-509XR,XTXCSGXPNEY2CRCNN48,blyne.velorasignature.com,,,,,,,,,,,,ZENIROXPAY,
2026-04-15,txn_3TMZORK3ZXYJSkRp0y8ph1hn,charge,ch_3TMZORK3ZXYJSkRp01uBvWzc,46.94,2.04,44.9,usd,2026-04-15 19:46:00,2026-04-20 00:00:00,,,,,09P6U-150426-509XR,XTXCSGXPNEY2CRCNN48,blyne.velorasignature.com,,,,,,,,,STRIPE_RECEIPT_CUSTOMER,Vicbea,,ZENIROXPAY,
2026-04-15,txn_1TMZOTK3ZXYJSkRp1nUXM1CF,reserved_funds,ch_3TMZORK3ZXYJSkRp01uBvWzc,-11.23,0,-11.23,usd,2026-04-15 19:46:00,2026-04-20 00:00:00,,,,,09P6U-150426-509XR,XTXCSGXPNEY2CRCNN48,blyne.velorasignature.com,,,,,,,,,,,,ZENIROXPAY,
2026-04-18,txn_3TNjuDK3ZXYJSkRp1eg2h7ff,charge,ch_3TNjuDK3ZXYJSkRp1ealNngg,60.94,2.55,58.39,usd,2026-04-19 01:12:00,2026-04-23 00:00:00,,,,,09P6U-180426-UH0TT,XTXCSGXPNEY2CRCNN48,blyne.velorasignature.com,,,,,,,,Lausan,STRIPE_RECEIPT_CUSTOMER,Vicbea,,ZENIROXPAY,
2026-04-18,txn_1TNjuHK3ZXYJSkRp2jnMXX20,reserved_funds,ch_3TNjuDK3ZXYJSkRp1ealNngg,-14.6,0,-14.6,usd,2026-04-19 01:12:00,2026-04-23 00:00:00,,,,,09P6U-180426-UH0TT,XTXCSGXPNEY2CRCNN48,blyne.velorasignature.com,,,,,,,,Lausan,,,,ZENIROXPAY,
2026-04-18,txn_1TNjuHK3ZXYJSkRpp2rfqJs1,reserved_funds,ch_3TNjuDK3ZXYJSkRp1ealNngg,14.6,0,14.6,usd,2026-04-19 01:12:00,2026-06-07 00:00:00,,,,,09P6U-180426-UH0TT,XTXCSGXPNEY2CRCNN48,blyne.velorasignature.com,,,,,,,,Lausan,,,,ZENIROXPAY,
2026-04-18,txn_1TNNtFK3ZXYJSkRpyCOYbTjk,stripe_fee,,11.09,0,11.09,usd,2026-04-18 01:41:00,2026-04-18 01:41:00,,,,,,,,,,,,,,,,STRIPE_FEE,,,ZENIROXPAY,
2026-04-17,txn_1TNJPfK3ZXYJSkRpMLukERcw,reserved_funds,ch_3TNJPcK3ZXYJSkRp0NzY9TFn,-11.23,0,-11.23,usd,2026-04-17 20:54:00,2026-04-22 00:00:00,,,,,09P6U-170426-OJ85C,XTXCSGXPNEY2CRCNN48,blyne.velorasignature.com,,,,,,,,Lausan,,,,ZENIROXPAY,
2026-04-17,txn_1TNJPfK3ZXYJSkRpUevHHbOw,reserved_funds,ch_3TNJPcK3ZXYJSkRp0NzY9TFn,11.23,0,11.23,usd,2026-04-17 20:54:00,2026-06-07 00:00:00,,,,,09P6U-170426-OJ85C,XTXCSGXPNEY2CRCNN48,blyne.velorasignature.com,,,,,,,,Lausan,,,,ZENIROXPAY,
2026-04-17,txn_3TNJPcK3ZXYJSkRp0bYTjMNd,charge,ch_3TNJPcK3ZXYJSkRp0NzY9TFn,46.94,2.04,44.9,usd,2026-04-17 20:54:00,2026-04-22 00:00:00,,,,,09P6U-170426-OJ85C,XTXCSGXPNEY2CRCNN48,blyne.velorasignature.com,,,,,,,,Lausan,STRIPE_RECEIPT_CUSTOMER,Vicbea,,ZENIROXPAY,
2026-04-17,txn_1TNCBEK3ZXYJSkRpDyRhDYWW,reserved_funds,ch_3TNCBCK3ZXYJSkRp1kw4UoPc,-27.59,0,-27.59,usd,2026-04-17 13:11:00,2026-04-22 00:00:00,,,,,09P6U-170426-0S7IO,XTXCSGXPNEY2CRCNN48,blyne.velorasignature.com,,,,,,,,Lausan,,,,ZENIROXPAY,
2026-04-17,txn_1TNCBEK3ZXYJSkRpv4tZXzJV,reserved_funds,ch_3TNCBCK3ZXYJSkRp1kw4UoPc,27.59,0,27.59,usd,2026-04-17 13:11:00,2026-06-07 00:00:00,,,,,09P6U-170426-0S7IO,XTXCSGXPNEY2CRCNN48,blyne.velorasignature.com,,,,,,,,Lausan,,,,ZENIROXPAY,
2026-04-17,txn_3TNCBCK3ZXYJSkRp1ZY3QMvb,charge,ch_3TNCBCK3ZXYJSkRp1kw4UoPc,114.89,4.55,110.34,usd,2026-04-17 13:11:00,2026-04-22 00:00:00,,,,,09P6U-170426-0S7IO,XTXCSGXPNEY2CRCNN48,blyne.velorasignature.com,,,,,,,,Lausan,STRIPE_RECEIPT_CUSTOMER,Vicbea,,ZENIROXPAY,
2026-04-17,txn_1TN2SRK3ZXYJSkRpq6QWG2JB,adjustment,du_1TN2SFK3ZXYJSkRp4dcrcTXE,-60.94,15,-75.94,usd,2026-04-17 02:48:00,2026-04-17 02:48:00,,,,,,,,,,,,,,,,STRIPE_ADJUSTMENT,,,ZENIROXPAY,
2026-04-17,txn_1TN2ARK3ZXYJSkRpC7BEvQJf,reserved_funds,ch_3TN2AQK3ZXYJSkRp1rMvSFdh,-11.23,0,-11.23,usd,2026-04-17 02:30:00,2026-04-22 00:00:00,,,,,09P6U-160426-O2MOA,XTXCSGXPNEY2CRCNN48,blyne.velorasignature.com,,,,,,,,Lausan,,,,ZENIROXPAY,
2026-04-17,txn_3TN2AQK3ZXYJSkRp1sWAPJKY,charge,ch_3TN2AQK3ZXYJSkRp1rMvSFdh,46.94,2.04,44.9,usd,2026-04-17 02:30:00,2026-04-22 00:00:00,,,,,09P6U-160426-O2MOA,XTXCSGXPNEY2CRCNN48,blyne.velorasignature.com,,,,,,,,Lausan,STRIPE_RECEIPT_CUSTOMER,Vicbea,,ZENIROXPAY,
2026-04-17,txn_1TN2ARK3ZXYJSkRpEv5Ez4lx,reserved_funds,ch_3TN2AQK3ZXYJSkRp1rMvSFdh,11.23,0,11.23,usd,2026-04-17 02:30:00,2026-06-07 00:00:00,,,,,09P6U-160426-O2MOA,XTXCSGXPNEY2CRCNN48,blyne.velorasignature.com,,,,,,,,Lausan,,,,ZENIROXPAY,
2026-04-17,txn_1TN1fIK3ZXYJSkRprHilQYz8,stripe_fee,,10.99,0,10.99,usd,2026-04-17 01:57:00,2026-04-17 01:57:00,,,,,,,,,,,,,,,,STRIPE_FEE,,,ZENIROXPAY,
2026-04-17,txn_1TMzyGK3ZXYJSkRpSbRBZkh8,adjustment,du_1SzTrUK3ZXYJSkRpNc9rraff,60.94,0,60.94,usd,2026-04-17 00:09:00,2026-04-17 00:09:00,,,,,,,,,,,,,,,,STRIPE_ADJUSTMENT,,,ZENIROXPAY,
2026-04-16,txn_3TMzflK3ZXYJSkRp0HYP1FQO,charge,ch_3TMzflK3ZXYJSkRp0fROu9Yb,46.94,2.04,44.9,usd,2026-04-16 23:50:00,2026-04-21 00:00:00,,,,,09P6U-160426-JEQ4R,XTXCSGXPNEY2CRCNN48,blyne.velorasignature.com,,,,,,,,Lausan,STRIPE_RECEIPT_CUSTOMER,Vicbea,,ZENIROXPAY,
2026-04-16,txn_1TMzfmK3ZXYJSkRpulAv6FU9,reserved_funds,ch_3TMzflK3ZXYJSkRp0fROu9Yb,-11.23,0,-11.23,usd,2026-04-16 23:50:00,2026-04-21 00:00:00,,,,,09P6U-160426-JEQ4R,XTXCSGXPNEY2CRCNN48,blyne.velorasignature.com,,,,,,,,Lausan,,,,ZENIROXPAY,
2026-04-16,txn_1TMzfmK3ZXYJSkRpCwMZ4ryC,reserved_funds,ch_3TMzflK3ZXYJSkRp0fROu9Yb,11.23,0,11.23,usd,2026-04-16 23:50:00,2026-06-07 00:00:00,,,,,09P6U-160426-JEQ4R,XTXCSGXPNEY2CRCNN48,blyne.velorasignature.com,,,,,,,,Lausan,,,,ZENIROXPAY,
2026-04-16,txn_1TMvwKK3ZXYJSkRpCg3J6dL5,reserved_funds,ch_3TMvwHK3ZXYJSkRp1hGsyalK,-14.6,0,-14.6,usd,2026-04-16 19:51:00,2026-04-21 00:00:00,,,,,09P6U-160426-SO4IJ,XTXCSGXPNEY2CRCNN48,blyne.velorasignature.com,,,,,,,,Lausan,,,,ZENIROXPAY,
2026-04-16,txn_3TMvwHK3ZXYJSkRp16o6Vb7n,charge,ch_3TMvwHK3ZXYJSkRp1hGsyalK,60.94,2.55,58.39,usd,2026-04-16 19:51:00,2026-04-21 00:00:00,,,,,09P6U-160426-SO4IJ,XTXCSGXPNEY2CRCNN48,blyne.velorasignature.com,,,,,,,,Lausan,STRIPE_RECEIPT_CUSTOMER,Vicbea,,ZENIROXPAY,
2026-04-16,txn_1TMvwKK3ZXYJSkRpFDWh3Gsy,reserved_funds,ch_3TMvwHK3ZXYJSkRp1hGsyalK,14.6,0,14.6,usd,2026-04-16 19:51:00,2026-06-07 00:00:00,,,,,09P6U-160426-SO4IJ,XTXCSGXPNEY2CRCNN48,blyne.velorasignature.com,,,,,,,,Lausan,,,,ZENIROXPAY,
2026-04-16,txn_1TMskKK3ZXYJSkRpPzqFgDdl,reserved_funds,ch_3TMskJK3ZXYJSkRp1s149HSo,30.46,0,30.46,usd,2026-04-16 16:26:00,2026-06-07 00:00:00,,,,,09P6U-160426-J4NMJ,XTXCSGXPNEY2CRCNN48,blyne.velorasignature.com,,,,,,,,Lausan,,,,ZENIROXPAY,
2026-04-16,txn_3TMskJK3ZXYJSkRp1rQe2XhV,charge,ch_3TMskJK3ZXYJSkRp1s149HSo,126.84,4.99,121.85,usd,2026-04-16 16:26:00,2026-04-21 00:00:00,,,,,09P6U-160426-J4NMJ,XTXCSGXPNEY2CRCNN48,blyne.velorasignature.com,,,,,,,,Lausan,STRIPE_RECEIPT_CUSTOMER,Vicbea,,ZENIROXPAY,
2026-04-16,txn_1TMskKK3ZXYJSkRpz0z0pMaw,reserved_funds,ch_3TMskJK3ZXYJSkRp1s149HSo,-30.46,0,-30.46,usd,2026-04-16 16:26:00,2026-04-21 00:00:00,,,,,09P6U-160426-J4NMJ,XTXCSGXPNEY2CRCNN48,blyne.velorasignature.com,,,,,,,,Lausan,,,,ZENIROXPAY,
2026-04-16,txn_3TMpL6K3ZXYJSkRp0PHuqQv9,charge,ch_3TMpL6K3ZXYJSkRp0Ro7YZCa,46.94,2.04,44.9,usd,2026-04-16 12:48:00,2026-04-21 00:00:00,,,,,09P6U-160426-7O4ZM,XTXCSGXPNEY2CRCNN48,blyne.velorasignature.com,,,,,,,,Lausan,STRIPE_RECEIPT_CUSTOMER,Vicbea,,ZENIROXPAY,
2026-04-16,txn_1TMpL8K3ZXYJSkRpmXZ3sXDA,reserved_funds,ch_3TMpL6K3ZXYJSkRp0Ro7YZCa,11.23,0,11.23,usd,2026-04-16 12:48:00,2026-06-07 00:00:00,,,,,09P6U-160426-7O4ZM,XTXCSGXPNEY2CRCNN48,blyne.velorasignature.com,,,,,,,,Lausan,,,,ZENIROXPAY,
2026-04-16,txn_1TMpL8K3ZXYJSkRpn4GX3AfC,reserved_funds,ch_3TMpL6K3ZXYJSkRp0Ro7YZCa,-11.23,0,-11.23,usd,2026-04-16 12:48:00,2026-04-21 00:00:00,,,,,09P6U-160426-7O4ZM,XTXCSGXPNEY2CRCNN48,blyne.velorasignature.com,,,,,,,,Lausan,,,,ZENIROXPAY,
2026-04-19,txn_1TO40dK3ZXYJSkRpQUeGaXKj,reserved_funds,ch_3TO40bK3ZXYJSkRp12qy5ALB,-14.6,0,-14.6,usd,2026-04-19 22:40:00,2026-04-23 00:00:00,,,,,09P6U-190426-QM7SR,XTXCSGXPNEY2CRCNN48,blyne.velorasignature.com,,,,,,,,Lausan,,,,ZENIROXPAY,
2026-04-19,txn_3TO40bK3ZXYJSkRp1bo3RHzc,charge,ch_3TO40bK3ZXYJSkRp12qy5ALB,60.94,2.55,58.39,usd,2026-04-19 22:40:00,2026-04-23 00:00:00,,,,,09P6U-190426-QM7SR,XTXCSGXPNEY2CRCNN48,blyne.velorasignature.com,,,,,,,,Lausan,STRIPE_RECEIPT_CUSTOMER,Vicbea,,ZENIROXPAY,
2026-04-19,txn_1TO40dK3ZXYJSkRpyEOAjumi,reserved_funds,ch_3TO40bK3ZXYJSkRp12qy5ALB,14.6,0,14.6,usd,2026-04-19 22:40:00,2026-06-07 00:00:00,,,,,09P6U-190426-QM7SR,XTXCSGXPNEY2CRCNN48,blyne.velorasignature.com,,,,,,,,Lausan,,,,ZENIROXPAY,
2026-04-19,txn_1TNwOoK3ZXYJSkRpVworre0g,reserved_funds,ch_3TNwOlK3ZXYJSkRp18tPa1cc,11.23,0,11.23,usd,2026-04-19 14:32:00,2026-06-07 00:00:00,,,,,09P6U-190426-2UYWO,XTXCSGXPNEY2CRCNN48,blyne.velorasignature.com,,,,,,,,Lausan,,,,ZENIROXPAY,
2026-04-19,txn_1TNwOoK3ZXYJSkRp4vLo4qgz,reserved_funds,ch_3TNwOlK3ZXYJSkRp18tPa1cc,-11.23,0,-11.23,usd,2026-04-19 14:32:00,2026-04-23 00:00:00,,,,,09P6U-190426-2UYWO,XTXCSGXPNEY2CRCNN48,blyne.velorasignature.com,,,,,,,,Lausan,,,,ZENIROXPAY,
2026-04-19,txn_3TNwOlK3ZXYJSkRp1CzljyH0,charge,ch_3TNwOlK3ZXYJSkRp18tPa1cc,46.94,2.04,44.9,usd,2026-04-19 14:32:00,2026-04-23 00:00:00,,,,,09P6U-190426-2UYWO,XTXCSGXPNEY2CRCNN48,blyne.velorasignature.com,,,,,,,,Lausan,STRIPE_RECEIPT_CUSTOMER,Vicbea,,ZENIROXPAY,
2026-04-19,txn_1TNsCHK3ZXYJSkRpGTPldOVX,reserved_funds,ch_3TNsCFK3ZXYJSkRp1hKAM1w6,-11.23,0,-11.23,usd,2026-04-19 10:03:00,2026-04-23 00:00:00,,,,,09P6U-190426-8Q5PH,XTXCSGXPNEY2CRCNN48,blyne.velorasignature.com,,,,,,,,Lausan,,,,ZENIROXPAY,
2026-04-19,txn_3TNsCFK3ZXYJSkRp1ne1jGDT,charge,ch_3TNsCFK3ZXYJSkRp1hKAM1w6,46.94,2.04,44.9,usd,2026-04-19 10:03:00,2026-04-23 00:00:00,,,,,09P6U-190426-8Q5PH,XTXCSGXPNEY2CRCNN48,blyne.velorasignature.com,,,,,,,,Lausan,STRIPE_RECEIPT_CUSTOMER,Vicbea,,ZENIROXPAY,
2026-04-19,txn_1TNsCHK3ZXYJSkRpf6ilULVU,reserved_funds,ch_3TNsCFK3ZXYJSkRp1hKAM1w6,11.23,0,11.23,usd,2026-04-19 10:03:00,2026-06-07 00:00:00,,,,,09P6U-190426-8Q5PH,XTXCSGXPNEY2CRCNN48,blyne.velorasignature.com,,,,,,,,Lausan,,,,ZENIROXPAY,
2026-04-19,txn_3TNrK4K3ZXYJSkRp0M52HHoo,charge,ch_3TNrK4K3ZXYJSkRp08J54c1G,46.94,2.04,44.9,usd,2026-04-19 09:07:00,2026-04-23 00:00:00,,,,,09P6U-190426-E02CN,XTXCSGXPNEY2CRCNN48,blyne.velorasignature.com,,,,,,,,Lausan,STRIPE_RECEIPT_CUSTOMER,Vicbea,,ZENIROXPAY,
2026-04-19,txn_1TNrK6K3ZXYJSkRp71th13KJ,reserved_funds,ch_3TNrK4K3ZXYJSkRp08J54c1G,11.23,0,11.23,usd,2026-04-19 09:07:00,2026-06-07 00:00:00,,,,,09P6U-190426-E02CN,XTXCSGXPNEY2CRCNN48,blyne.velorasignature.com,,,,,,,,Lausan,,,,ZENIROXPAY,
2026-04-19,txn_1TNrK6K3ZXYJSkRp7q6xFqY5,reserved_funds,ch_3TNrK4K3ZXYJSkRp08J54c1G,-11.23,0,-11.23,usd,2026-04-19 09:07:00,2026-04-23 00:00:00,,,,,09P6U-190426-E02CN,XTXCSGXPNEY2CRCNN48,blyne.velorasignature.com,,,,,,,,Lausan,,,,ZENIROXPAY,
2026-04-20,txn_1TOTa5K3ZXYJSkRpgWPwUi76,stripe_fee,,-10.95,0,-10.95,usd,2026-04-21 01:58:00,2026-04-21 01:58:00,,,,,,,,,,,,,,,,STRIPE_FEE,,,ZENIROXPAY,
2026-04-20,txn_1TOQC8K3ZXYJSkRpacx9sHb1,reserved_funds,ch_3TOQC5K3ZXYJSkRp1NJzevD5,14.6,0,14.6,usd,2026-04-20 22:21:00,2026-06-07 00:00:00,,,,,09P6U-200426-8ZMZ1,XTXCSGXPNEY2CRCNN48,blyne.velorasignature.com,,,,,,,,Lausan,,,,ZENIROXPAY,
2026-04-20,txn_1TOQC8K3ZXYJSkRpF8dPnqOv,reserved_funds,ch_3TOQC5K3ZXYJSkRp1NJzevD5,-14.6,0,-14.6,usd,2026-04-20 22:21:00,2026-04-23 00:00:00,,,,,09P6U-200426-8ZMZ1,XTXCSGXPNEY2CRCNN48,blyne.velorasignature.com,,,,,,,,Lausan,,,,ZENIROXPAY,
2026-04-20,txn_3TOQC5K3ZXYJSkRp1RUIRsbB,charge,ch_3TOQC5K3ZXYJSkRp1NJzevD5,60.94,2.55,58.39,usd,2026-04-20 22:21:00,2026-04-23 00:00:00,,,,,09P6U-200426-8ZMZ1,XTXCSGXPNEY2CRCNN48,blyne.velorasignature.com,,,,,,,,Lausan,STRIPE_RECEIPT_CUSTOMER,Vicbea,,ZENIROXPAY,
2026-04-20,txn_3TOPusK3ZXYJSkRp1xbZoZfn,charge,ch_3TOPusK3ZXYJSkRp1HVaL2n8,46.94,2.04,44.9,usd,2026-04-20 22:03:00,2026-04-23 00:00:00,,,,,09P6U-200426-Z193R,XTXCSGXPNEY2CRCNN48,blyne.velorasignature.com,,,,,,,,Lausan,STRIPE_RECEIPT_CUSTOMER,Vicbea,,ZENIROXPAY,
2026-04-20,txn_1TOPuuK3ZXYJSkRptgjlZbpw,reserved_funds,ch_3TOPusK3ZXYJSkRp1HVaL2n8,-11.23,0,-11.23,usd,2026-04-20 22:03:00,2026-04-23 00:00:00,,,,,09P6U-200426-Z193R,XTXCSGXPNEY2CRCNN48,blyne.velorasignature.com,,,,,,,,Lausan,,,,ZENIROXPAY,
2026-04-20,txn_1TOPuuK3ZXYJSkRpdvP7IHHv,reserved_funds,ch_3TOPusK3ZXYJSkRp1HVaL2n8,11.23,0,11.23,usd,2026-04-20 22:03:00,2026-06-07 00:00:00,,,,,09P6U-200426-Z193R,XTXCSGXPNEY2CRCNN48,blyne.velorasignature.com,,,,,,,,Lausan,,,,ZENIROXPAY,
2026-04-20,txn_3TOPgzK3ZXYJSkRp0YHfFdib,charge,ch_3TOPgzK3ZXYJSkRp0U6Cl4qQ,58.24,2.45,55.79,usd,2026-04-20 21:49:00,2026-04-23 00:00:00,,,,,09P6U-200426-9HZ0O,XTXCSGXPNEY2CRCNN48,blyne.velorasignature.com,,,,,,,,Lausan,STRIPE_RECEIPT_CUSTOMER,Vicbea,,ZENIROXPAY,
2026-04-20,txn_1TOPh1K3ZXYJSkRpgwX4Lqzr,reserved_funds,ch_3TOPgzK3ZXYJSkRp0U6Cl4qQ,13.95,0,13.95,usd,2026-04-20 21:49:00,2026-06-07 00:00:00,,,,,09P6U-200426-9HZ0O,XTXCSGXPNEY2CRCNN48,blyne.velorasignature.com,,,,,,,,Lausan,,,,ZENIROXPAY,
2026-04-20,txn_1TOPh1K3ZXYJSkRpLZtf6wGy,reserved_funds,ch_3TOPgzK3ZXYJSkRp0U6Cl4qQ,-13.95,0,-13.95,usd,2026-04-20 21:49:00,2026-04-23 00:00:00,,,,,09P6U-200426-9HZ0O,XTXCSGXPNEY2CRCNN48,blyne.velorasignature.com,,,,,,,,Lausan,,,,ZENIROXPAY,
2026-04-20,txn_1TOIWHK3ZXYJSkRpjX3qAr89,reserved_funds,ch_3TOIWEK3ZXYJSkRp1x04W6R5,-11.23,0,-11.23,usd,2026-04-20 14:09:00,2026-04-23 00:00:00,,,,,09P6U-200426-IPFPX,XTXCSGXPNEY2CRCNN48,blyne.velorasignature.com,,,,,,,,Lausan,,,,ZENIROXPAY,
2026-04-20,txn_1TOIWHK3ZXYJSkRp2J1VAfJc,reserved_funds,ch_3TOIWEK3ZXYJSkRp1x04W6R5,11.23,0,11.23,usd,2026-04-20 14:09:00,2026-06-07 00:00:00,,,,,09P6U-200426-IPFPX,XTXCSGXPNEY2CRCNN48,blyne.velorasignature.com,,,,,,,,Lausan,,,,ZENIROXPAY,
2026-04-20,txn_3TOIWEK3ZXYJSkRp1mn8Rtvj,charge,ch_3TOIWEK3ZXYJSkRp1x04W6R5,46.94,2.04,44.9,usd,2026-04-20 14:09:00,2026-04-23 00:00:00,,,,,09P6U-200426-IPFPX,XTXCSGXPNEY2CRCNN48,blyne.velorasignature.com,,,,,,,,Lausan,STRIPE_RECEIPT_CUSTOMER,Vicbea,,ZENIROXPAY,
2026-04-21,txn_1TOgAJK3ZXYJSkRpal4ueKPh,reserved_funds,ch_3TOgAGK3ZXYJSkRp0d14Q92X,-11.23,0,-11.23,usd,2026-04-21 15:24:00,2026-04-24 00:00:00,,,,,09P6U-210426-ITPTY,XTXCSGXPNEY2CRCNN48,blyne.velorasignature.com,,,,,,,,Lausan,,,,ZENIROXPAY,
2026-04-21,txn_1TOgAJK3ZXYJSkRpR5QuFs2D,reserved_funds,ch_3TOgAGK3ZXYJSkRp0d14Q92X,11.23,0,11.23,usd,2026-04-21 15:24:00,2026-06-07 00:00:00,,,,,09P6U-210426-ITPTY,XTXCSGXPNEY2CRCNN48,blyne.velorasignature.com,,,,,,,,Lausan,,,,ZENIROXPAY,
2026-04-21,txn_3TOgAGK3ZXYJSkRp0icG9Qaa,charge,ch_3TOgAGK3ZXYJSkRp0d14Q92X,46.94,2.04,44.9,usd,2026-04-21 15:24:00,2026-04-24 00:00:00,,,,,09P6U-210426-ITPTY,XTXCSGXPNEY2CRCNN48,blyne.velorasignature.com,,,,,,,,Lausan,STRIPE_RECEIPT_CUSTOMER,Vicbea,,ZENIROXPAY,
2026-04-22,txn_3TPFA7K3ZXYJSkRp14RAAN9h,charge,ch_3TPFA7K3ZXYJSkRp1qCa2FDG,60.94,2.55,58.39,usd,2026-04-23 04:46:00,2026-04-28 00:00:00,,,,,09P6U-220426-NKB7B,XTXCSGXPNEY2CRCNN48,blyne.velorasignature.com,,,,,,,,Lausan,STRIPE_RECEIPT_CUSTOMER,Vicbea,,ZENIROXPAY,
2026-04-22,txn_1TPFA9K3ZXYJSkRpOar14diZ,reserved_funds,ch_3TPFA7K3ZXYJSkRp1qCa2FDG,14.6,0,14.6,usd,2026-04-23 04:46:00,2026-06-07 00:00:00,,,,,09P6U-220426-NKB7B,XTXCSGXPNEY2CRCNN48,blyne.velorasignature.com,,,,,,,,Lausan,,,,ZENIROXPAY,
2026-04-22,txn_1TPFA9K3ZXYJSkRpt8nawCuc,reserved_funds,ch_3TPFA7K3ZXYJSkRp1qCa2FDG,-14.6,0,-14.6,usd,2026-04-23 04:46:00,2026-04-28 00:00:00,,,,,09P6U-220426-NKB7B,XTXCSGXPNEY2CRCNN48,blyne.velorasignature.com,,,,,,,,Lausan,,,,ZENIROXPAY,
2026-04-22,txn_1TPDtiK3ZXYJSkRpZPz0b2iY,reserved_funds,ch_3TPDtgK3ZXYJSkRp0aJScRVH,11.23,0,11.23,usd,2026-04-23 03:25:00,2026-06-07 00:00:00,,,,,D749W-220426-FPXQV,A4KDIPDLEM1XJMP7V,www.tryluxebare.com,,,,,,,,LUXEBARE - N,,,,ZENIROXPAY,
2026-04-22,txn_3TPDtgK3ZXYJSkRp0JxTSIPK,charge,ch_3TPDtgK3ZXYJSkRp0aJScRVH,46.94,2.04,44.9,usd,2026-04-23 03:25:00,2026-04-28 00:00:00,,,,,D749W-220426-FPXQV,A4KDIPDLEM1XJMP7V,www.tryluxebare.com,,,,,,,,LUXEBARE - N,STRIPE_RECEIPT_CUSTOMER,Vicbea,,ZENIROXPAY,
2026-04-22,txn_1TPDtiK3ZXYJSkRpSPMHmC8t,reserved_funds,ch_3TPDtgK3ZXYJSkRp0aJScRVH,-11.23,0,-11.23,usd,2026-04-23 03:25:00,2026-04-28 00:00:00,,,,,D749W-220426-FPXQV,A4KDIPDLEM1XJMP7V,www.tryluxebare.com,,,,,,,,LUXEBARE - N,,,,ZENIROXPAY,
2026-04-22,txn_1TP7sOK3ZXYJSkRphG99BD9A,reserved_funds,ch_3TP7sLK3ZXYJSkRp18EZk0HE,11.23,0,11.23,usd,2026-04-22 21:00:00,2026-06-07 00:00:00,,,,,09P6U-220426-SGDOD,XTXCSGXPNEY2CRCNN48,blyne.velorasignature.com,,,,,,,,Lausan,,,,ZENIROXPAY,
2026-04-22,txn_1TP7sOK3ZXYJSkRpylmAzgXX,reserved_funds,ch_3TP7sLK3ZXYJSkRp18EZk0HE,-11.23,0,-11.23,usd,2026-04-22 21:00:00,2026-04-27 00:00:00,,,,,09P6U-220426-SGDOD,XTXCSGXPNEY2CRCNN48,blyne.velorasignature.com,,,,,,,,Lausan,,,,ZENIROXPAY,
2026-04-22,txn_3TP7sLK3ZXYJSkRp13PYDyRA,charge,ch_3TP7sLK3ZXYJSkRp18EZk0HE,46.94,2.04,44.9,usd,2026-04-22 21:00:00,2026-04-27 00:00:00,,,,,09P6U-220426-SGDOD,XTXCSGXPNEY2CRCNN48,blyne.velorasignature.com,,,,,,,,Lausan,STRIPE_RECEIPT_CUSTOMER,Vicbea,,ZENIROXPAY,
2026-04-26,txn_1TQbEdK3ZXYJSkRpzF4My0Rg,reserved_funds,ch_3TQbEbK3ZXYJSkRp0SXHH7G5,11.23,0,11.23,usd,2026-04-26 22:33:00,2026-06-07 00:00:00,,,,,09P6U-260426-7SPJO,XTXCSGXPNEY2CRCNN48,blyne.velorasignature.com,,,,,,,,Lausan,,,,ZENIROXPAY,
2026-04-26,txn_3TQbEbK3ZXYJSkRp0rhR1xmL,charge,ch_3TQbEbK3ZXYJSkRp0SXHH7G5,46.94,2.04,44.9,usd,2026-04-26 22:33:00,2026-04-30 00:00:00,,,,,09P6U-260426-7SPJO,XTXCSGXPNEY2CRCNN48,blyne.velorasignature.com,,,,,,,,Lausan,STRIPE_RECEIPT_CUSTOMER,Vicbea,,ZENIROXPAY,
2026-04-26,txn_1TQbEdK3ZXYJSkRpijBheCt6,reserved_funds,ch_3TQbEbK3ZXYJSkRp0SXHH7G5,-11.23,0,-11.23,usd,2026-04-26 22:33:00,2026-04-30 00:00:00,,,,,09P6U-260426-7SPJO,XTXCSGXPNEY2CRCNN48,blyne.velorasignature.com,,,,,,,,Lausan,,,,ZENIROXPAY,
2026-04-24,txn_1TPkhHK3ZXYJSkRpQHsHXgdY,reserved_funds,ch_3TPkhEK3ZXYJSkRp0qmQg4eI,11.23,0,11.23,usd,2026-04-24 14:27:00,2026-06-07 00:00:00,,,,,09P6U-240426-MGI9Y,XTXCSGXPNEY2CRCNN48,blyne.velorasignature.com,,,,,,,,Lausan,,,,ZENIROXPAY,
2026-04-24,txn_3TPkhEK3ZXYJSkRp0y0vCOJ4,charge,ch_3TPkhEK3ZXYJSkRp0qmQg4eI,46.94,2.04,44.9,usd,2026-04-24 14:27:00,2026-04-29 00:00:00,,,,,09P6U-240426-MGI9Y,XTXCSGXPNEY2CRCNN48,blyne.velorasignature.com,,,,,,,,Lausan,STRIPE_RECEIPT_CUSTOMER,Vicbea,,ZENIROXPAY,
2026-04-24,txn_1TPkhHK3ZXYJSkRpLpwXXYWe,reserved_funds,ch_3TPkhEK3ZXYJSkRp0qmQg4eI,-11.23,0,-11.23,usd,2026-04-24 14:27:00,2026-04-29 00:00:00,,,,,09P6U-240426-MGI9Y,XTXCSGXPNEY2CRCNN48,blyne.velorasignature.com,,,,,,,,Lausan,,,,ZENIROXPAY,
